в	-7.1386023
на	-8.237215
а	-8.237215
м	-8.460359
п	-8.460359
район	-7.5440674
чи	-7.2817035
с	-7.9007425
р	-8.237215
км	-8.237215
о	-8.237215
орган	-8.460359
т	-8.460359
км²	-7.9007425
президент	-8.0548935
б	-8.460359
л	-8.460359
генерал	-8.460359
г	-8.460359
закон	-8.237215
и	-7.448757
газета	-6.514448
аль	-7.448757
вас	-8.0548935
хан	-8.460359
жив	-7.649428
бюро	-8.237215
от	-7.767211
океан	-8.237215
абу	-8.460359
сон	-5.752308
энциклопедия	-8.460359
ай	-7.767211
август	-6.350145
года	-8.237215
ва	-4.2298813
сура	-6.445455
населения	-8.0548935
российской	-7.9007425
ал	-6.320292
ру	-8.237215
ап	-8.237215
федерации	-8.0548935
как	-7.5440674
яги	-5.477205
антилопа	-7.448757
май	-8.0548935
мая	-8.460359
уна	-5.3033576
тала	-7.2075953
россия	-7.361746
ислам	-8.460359
ибн	-8.237215
дин	-7.649428
республика	-8.237215
интернет	-7.9007425
заман	-6.5508156
каспий	-8.460359
евразия	-8.460359
авар	-8.0548935
инг	-6.5508156
аят	-6.514448
декабр	-7.767211
октябр	-6.80213
сентябр	-6.350145
июл	-6.5885563
миллат	-5.2119236
турк	-8.0548935
организация	-8.460359
администрация	-8.460359
википедия	-8.237215
справочное	-8.237215
грамоты	-8.237215
тайпа	-8.460359
дене	-8.460359
цо	-5.9548326
дагъистан	-5.502847
леб	-7.9007425
жал	-7.9007425
амма	-7.9007425
маці	-7.5440674
май 	-6.514448
март 	-6.4126654
абилеб	-2.9073987
къо	-3.1373482
лъагiалил	-3.9331496
календаралда	-3.9358559
лъагiел	-3.9440193
сверизе	-3.9440193
хутiула	-3.9467552
високоснияб	-3.9801846
рекъон	-4.0752115
ккола	-4.1529202
грегорианияб	-4.417307
соналъ 	-4.417307
росу	-4.453025
григорианияб	-4.6371665
гъорлъе	-4.6705027
бугеб	-4.6818666
жамагiаталде	-4.7286587
гьеб	-4.842706
соналъ	-4.948813
унеб	-5.3033576
районалда	-5.346843
латиназул	-5.358016
жибго	-5.3693156
мацӏалда	-5.3693156
буго	-5.3807445
гьабула	-5.5699863
гiумру	-5.583973
жумгьурияталъул	-5.5981574
мухъалъул	-5.64196
росулъ	-5.6569977
жаниб	-5.6569977
соналъул	-5.735779
мацiалда	-5.752308
россиялъул	-5.769115
алфавиталъул	-5.821301
магiарул	-5.8576684
тахшагьар	-5.9754515
билкан	-5.996505
мацiалъул	-5.996505
хъизан	-5.996505
хiарп	-6.018011
календаралъул	-6.062463
магiарулазул	-6.108983
гiараб	-6.2090664
гӏалхул	-6.2090664
закатала	-6.2913046
черх	-6.2913046
лага	-6.320292
гӏадамасул	-6.320292
кӏудияб	-6.350145
цӏумада	-6.350145
ялъуни	-6.4126654
январ 	-6.4126654
дагъистаналъул	-6.445455
гьоркьоб	-6.445455
цолъарал	-6.445455
апрел 	-6.445455
росаби	-6.479357
жинца	-6.479357
ноябр 	-6.479357
июн 	-6.514448
америкаялъул	-6.514448
хӏайван	-6.514448
феврал 	-6.514448
шагьар	-6.5508156
пачалихъалъул	-6.5885563
гьелда	-6.5885563
шималияб	-6.6277766
абураб	-6.6277766
букіараб	-6.6685987
канадаялда	-6.6685987
щвезегіан	-6.6685987
декабр 	-6.6685987
букіана	-6.6685987
рештіун	-6.7111583
цояб	-6.75561
жиб	-6.75561
кавказалда	-6.80213
гіасру 	-6.80213
кколеб	-6.85092
январалдаса	-6.85092
декабралде	-6.85092
бусурбабазул	-6.9022136
лъабабилеб	-6.9562807
штаталялъул	-6.9562807
сонаца	-7.013439
гіасруялъул	-7.013439
гьаб	-7.013439
гьелъул	-7.013439
районалъул	-7.013439
чiарада	-7.013439
ругел	-7.013439
аляскаялда	-7.013439
бутіа	-7.013439
рахъалда	-7.074064
кахiиб	-7.074064
моці	-7.1386023
гьабулеб	-7.1386023
къадар	-7.1386023
кавказалъул	-7.1386023
атабаскал	-7.1386023
кіудияб	-7.1386023
абула	-7.2075953
эскимос	-7.2075953
високосниял	-7.2075953
моцi	-7.2075953
маккаялда	-7.2075953
мухіаммад	-7.2075953
гьитӏинаб	-7.2075953
пачалихъ	-7.2075953
дагъистаналда	-7.2817035
нилъер	-7.2817035
кіиабилеб	-7.2817035
гьединго	-7.2817035
гьел	-7.2817035
эхеди	-7.2817035
аслияб	-7.2817035
гьабураб	-7.2817035
турциялъул	-7.2817035
жинда	-7.2817035
бугониги	-7.2817035
бакъбаккул	-7.2817035
кинаб	-7.2817035
дунялалъул	-7.2817035
аварагасул	-7.2817035
календаразда	-7.2817035
къоялъ	-7.361746
федерациялъул	-7.361746
руго	-7.361746
гьабун	-7.361746
гьезул	-7.361746
гьабулев	-7.361746
цебе	-7.361746
юлианияб	-7.361746
лъагіалил	-7.361746
магӏарул	-7.448757
ракь	-7.448757
бугел	-7.448757
бищун	-7.448757
аллагьасул	-7.448757
гъорлъ	-7.448757
европаялъул	-7.448757
октябр 	-7.448757
ціар	-7.5440674
гiор	-7.5440674
халатала	-7.5440674
анкьил	-7.5440674
унсоколо	-7.5440674
жиндир	-7.5440674
мацӏалъул	-7.5440674
хӏарп	-7.5440674
рукъалъул	-7.5440674
роцен	-7.5440674
щибаб	-7.5440674
байбихьараб	-7.649428
рикiкiеналъул	-7.649428
азарсоналъул	-7.649428
щуабилеб	-7.649428
кiатiихъ	-7.649428
пуштiатала	-7.649428
жодор	-7.649428
халкъалъул	-7.649428
цояблъун	-7.649428
абун	-7.649428
инуит	-7.649428
бищунго	-7.649428
данде	-7.649428
ракьалъул	-7.649428
мадинаялда	-7.649428
сагіудиязул	-7.649428
джумхурият	-7.649428
мацi	-7.767211
кіиазаралда	-7.767211
анцісоналъул	-7.767211
аллагьас	-7.767211
киналниги	-7.767211
цiар	-7.767211
юпик	-7.767211
мухъ	-7.767211
жанубияб	-7.767211
гъоркь	-7.767211
букіунеб	-7.767211
жанире	-7.767211
гіарабиялъул	-7.767211
еб	-7.9007425
зул	-7.9007425
гуреб	-7.9007425
цадахъ	-7.9007425
битiди	-7.9007425
цiияб	-7.9007425
макiав	-7.9007425
хiанапилросу	-7.9007425
рохьоб	-7.9007425
северияб	-7.9007425
моціазул	-7.9007425
мехалъ	-7.9007425
шамилил	-7.9007425
жиндие	-7.9007425
авараг	-7.9007425
кьолеб	-7.9007425
штаталялда	-7.9007425
апачеял	-7.9007425
гьитiинаб	-7.9007425
вахӏшияб	-7.9007425
азиялда	-7.9007425
пачалихъалда	-7.9007425
пачалихъияб	-7.9007425
халкъаздагьоркьосеб	-7.9007425
гіиса	-7.9007425
хъвай	-7.9007425
бакътіерхьул	-7.9007425
июл 	-7.9007425
рахъ	-7.9007425
цого	-8.0548935
гь	-8.0548935
мацӏ	-8.0548935
магiарулал	-8.0548935
гьавуна	-8.0548935
жакъа	-8.0548935
гiурус	-8.0548935
кiудияб	-8.0548935
гьанже	-8.0548935
росдал	-8.0548935
нухалъ	-8.0548935
абулеб	-8.0548935
толиб	-8.0548935
тулуязулросу	-8.0548935
кортала	-8.0548935
мачiаб	-8.0548935
иццухъ	-8.0548935
халабтала	-8.0548935
лекiикь	-8.0548935
хадуб	-8.0548935
гьесул	-8.0548935
гьабизе	-8.0548935
россиялда	-8.0548935
гӏурус	-8.0548935
бакътӏерхьул	-8.0548935
цӏиркъ	-8.0548935
къоялда	-8.0548935
гьев	-8.0548935
бачунеб	-8.0548935
сверун	-8.0548935
бакіалда	-8.0548935
гіумру	-8.0548935
масихі	-8.0548935
рахъалъ	-8.0548935
ункъабилеб	-8.0548935
къуръаналъул	-8.0548935
бачіана	-8.0548935
анцісон	-8.0548935
жо	-8.237215
океан 	-8.237215
лел	-8.237215
тарихияб	-8.237215
бегьула	-8.237215
югалъулаб	-8.237215
кукам	-8.237215
мацiихъ	-8.237215
шагарго	-8.237215
гьениб	-8.237215
лагьиж	-8.237215
чiар	-8.237215
колоб	-8.237215
махiамалросу	-8.237215
къехiросу	-8.237215
шумбул	-8.237215
кацiиб	-8.237215
почбина	-8.237215
рочахiмад	-8.237215
гарагал	-8.237215
кехiаб	-8.237215
авахi	-8.237215
аварагас	-8.237215
исламалъул	-8.237215
турказул	-8.237215
районалъулаб	-8.237215
гiалимчи	-8.237215
тіадегіанав	-8.237215
халкъалде	-8.237215
анціила	-8.237215
макъала	-8.237215
юпикал	-8.237215
инуитал	-8.237215
канадаялъул	-8.237215
алгонкинал	-8.237215
гьабулел	-8.237215
хӏинчӏ	-8.237215
эркенаб	-8.237215
атлантикияб	-8.237215
шагьаралъул	-8.237215
ракьул	-8.237215
рагӏи	-8.237215
ківар	-8.237215
куцалда	-8.237215
икълим	-8.237215
мурадалда	-8.237215
чанго	-8.237215
тіад	-8.237215
анлъабилеб	-8.237215
википедиялда	-8.237215
киналго	-8.237215
жеги	-8.237215
ракьалда	-8.237215
халалъи	-8.237215
тайпаялъул	-8.237215
заманалъул	-8.237215
букiуна	-8.237215
бащдаб	-8.237215
рагъул	-8.237215
хіарпал	-8.237215
мадинаялдаги	-8.237215
маккаялдаги	-8.237215
югославиялъул	-8.237215
бук1араб	-8.237215
сонал 	-8.237215
сонал	-8.237215
рачунебответ	-8.237215
расул	-8.460359
алазан	-8.460359
шагӏир	-8.460359
маціазда	-8.460359
гiурул	-8.460359
рагiалда	-8.460359
рукӏине	-8.460359
цогидал	-8.460359
азарбижаналъул	-8.460359
анлъго	-8.460359
бехе	-8.460359
чардахъ	-8.460359
щобдакули	-8.460359
хiамитiа	-8.460359
цогидаб	-8.460359
къашкъа	-8.460359
цiараки	-8.460359
инхил	-8.460359
хiукумат	-8.460359
болъихъ	-8.460359
редакциялъул	-8.460359
исламияб	-8.460359
къуръаналда	-8.460359
къоял	-8.460359
хъвадарухьан	-8.460359
багӏараб	-8.460359
байрахъ	-8.460359
къурбан	-8.460359
гъазават	-8.460359
халкъияб	-8.460359
гіараб	-8.460359
аллагь	-8.460359
гьечiев	-8.460359
гьаризе	-8.460359
босизе	-8.460359
жиндалъун	-8.460359
цiваби	-8.460359
байбихьун	-8.460359
цӏцӏ	-8.460359
россияалда	-8.460359
аляскалда	-8.460359
федерациялда	-8.460359
жумгьурият	-8.460359
бакӏ	-8.460359
бутiа	-8.460359
чӏегӏераб	-8.460359
азиялъул	-8.460359
хъвараб	-8.460359
