i	-4.630884
the	-7.7853785
of	-9.114514
e	-5.21142
c	-7.944443
in	-3.669215
a	-3.1384456
de	-6.9679337
u	-2.8143406
california	-8.672682
la	-7.035073
south	-9.5199795
africa	-8.176245
wikipedia	-7.3044057
john	-7.7008214
new	-7.877752
york	-8.603689
le	-8.672682
china	-9.5199795
università	-8.0159025
si	-6.096803
ni	-9.702301
to	-9.3658285
o	-4.7779503
lati	-9.114514
n	-9.009154
state	-8.74679
s	-5.6281595
di	-2.4440298
argentina	-9.5199795
ii	-8.53915
asia	-8.220696
india	-8.913844
al	-9.232298
oru	-9.114514
states	-9.232298
united	-9.702301
iii	-9.114514
d	-4.878799
so	-5.224964
inu	-8.74679
da	-4.770709
sì	-6.5495653
sistemu	-9.3658285
city	-9.114514
b	-8.74679
george	-8.74679
paul	-8.603689
james	-7.7853785
federal	-9.5199795
un	-3.8007612
j	-8.53915
l	-3.7893388
robert	-8.53915
do	-9.702301
saint	-9.702301
leo	-9.3658285
joseph	-9.702301
american	-9.702301
verde	-9.702301
daniel	-9.5199795
language	-9.3658285
thomas	-8.672682
michael	-7.7008214
volta	-8.74679
papa	-9.5199795
filmu	-7.550539
m	-8.913844
p	-9.3658285
peter	-9.702301
san	-7.3604956
x	-9.5199795
à	-4.4190974
america	-6.602209
po	-9.232298
pè	-7.4615912
william	-8.421368
scott	-8.913844
british	-9.5199795
football	-9.702301
ibn	-9.3658285
web	-9.232298
austria	-8.53915
charles	-8.478526
henry	-9.702301
edward	-8.672682
jr	-9.009154
y	-9.702301
los	-8.913844
rock	-7.122084
ma	-7.6481776
australia	-9.009154
universidade	-9.5199795
david	-8.826833
england	-9.702301
martin	-9.114514
land	-8.478526
dan	-9.702301
gun	-9.5199795
ac	-8.316007
italia	-7.9795346
era	-6.9810057
ne	-9.5199795
sign	-9.5199795
ci	-7.1846046
ca	-9.702301
mi	-9.702301
lu	-7.322755
li	-8.267217
g	-6.5495653
et	-9.5199795
km²	-9.009154
km	-8.220696
des	-9.5199795
santiago	-9.232298
il	-9.3658285
esse	-9.114514
grande	-7.5740695
jean	-9.3658285
è	-3.8923585
vietnam	-8.913844
mori	-9.702301
van	-9.5199795
pierre	-9.702301
diu	-8.421368
don	-9.5199795
ben	-9.702301
par	-6.8231025
marie	-9.232298
club	-8.0159025
soria	-9.3658285
h	-8.913844
richard	-8.53915
corti	-8.826833
une	-9.702301
rio	-9.114514
frank	-9.702301
anne	-9.5199795
paulo	-8.826833
ss	-7.3799133
janeiro	-9.114514
français	-9.5199795
civile	-8.3673
hé	-7.1686044
piemonte	-8.672682
val	-9.009154
sicilia	-8.53915
washington	-9.232298
sardegna	-8.421368
santa	-7.944443
toscana	-6.507718
puglia	-9.5199795
são	-8.74679
venezia	-9.702301
sant	-8.672682
dakota	-9.5199795
angeles	-9.009154
ed	-8.176245
valle	-8.74679
monte	-6.5755405
maria	-8.220696
terme	-9.702301
giovanni	-9.5199795
nova	-9.009154
della	-9.232298
rocca	-9.232298
mare	-7.6228595
jackson	-9.5199795
king	-9.3658285
alta	-8.603689
dei	-9.3658285
pieve	-8.421368
costa	-9.702301
ponte	-8.826833
wilhelm	-9.5199795
sopra	-9.009154
anna	-9.5199795
hamilton	-9.702301
marina	-7.756391
von	-9.702301
anthony	-9.3658285
massa	-6.4914575
smith	-9.5199795
gabriel	-9.702301
roma	-8.176245
strada	-9.5199795
williams	-9.3658285
steven	-9.3658285
taylor	-8.74679
uniti	-6.2057934
arthur	-9.3658285
andrew	-9.232298
toronto	-9.702301
prima	-7.3604956
matthew	-9.009154
tim	-9.5199795
christopher	-8.913844
barcelona	-9.114514
adam	-9.232298
charlotte	-9.232298
birmingham	-9.702301
battaglia	-8.267217
chris	-9.232298
león	-8.74679
salvatore	-8.826833
casanova	-8.826833
piana	-9.5199795
cameron	-9.3658285
ryan	-9.702301
lama	-8.53915
presidente	-7.3414474
canale	-9.702301
bagni	-9.702301
oscar	-8.176245
jonathan	-9.009154
mike	-9.702301
kevin	-9.5199795
will	-9.5199795
cappella	-9.5199795
firenze	-7.550539
latina	-8.53915
calvi	-9.702301
jack	-9.5199795
fox	-8.913844
terra	-8.092863
travis	-9.702301
walter	-9.702301
jacob	-9.702301
lloyd	-9.3658285
bob	-9.702301
jim	-9.232298
bastia	-7.7853785
lucca	-9.702301
orezza	-9.232298
moriani	-9.702301
casinca	-9.5199795
tom	-9.114514
bill	-9.5199795
matt	-9.702301
fiume	-8.176245
stelle	-9.3658285
nant	-8.913844
major	-9.232298
pop	-9.702301
ch	-7.5275493
norma	-9.5199795
siena	-7.7008214
niccolò	-9.702301
sari	-9.5199795
pace	-9.5199795
pila	-9.5199795
forte	-9.5199795
bonifacio	-9.232298
penta	-9.3658285
monti	-8.53915
morte	-9.114514
spezia	-7.6228595
cattolica	-9.3658285
colonna	-9.5199795
cantone	-8.913844
chi	-7.035073
hà	-6.834402
tra	-9.232298
allium	-8.092863
liliaceae	-6.6577787
orchidaceae	-6.5495653
trà	-7.2008653
hè	-2.71777
ha	-8.913844
media	-9.5199795
asparagus	-9.702301
ornithogalum	-9.114514
americana	-6.845831
opera	-9.009154
non	-9.702301
ophrys	-8.092863
cù	-7.419919
paraguay	-9.3658285
provincia	-9.3658285
dactylorhiza	-8.421368
malta	-9.5199795
nebulosa	-9.5199795
phasianidae	-9.702301
uruguay	-9.702301
com	-7.3044057
che	-9.702301
scilla	-8.672682
grossa	-9.702301
orientale	-8.826833
usa	-8.478526
creta	-9.5199795
epipactis	-8.672682
occidentale	-9.232298
euro	-9.702301
orchis	-8.267217
chì	-4.4819455
back	-9.5199795
sensu	-9.5199795
per	-6.507718
brasiliana	-8.267217
sò	-6.0336246
xv	-9.702301
é	-8.74679
corsica	-4.798509
partita	-5.2786527
cm	-9.702301
zona	-9.232298
sin	-9.114514
andorra	-9.3658285
fiori	-9.702301
messier	-6.8008795
bonaparte	-9.3658285
longa	-9.5199795
virgo	-8.913844
lingua	-5.691338
serapias	-9.5199795
europa	-7.550539
hippocampus	-7.251296
una	-3.805697
ngc	-6.8008795
petra	-8.826833
vienna	-9.232298
mol	-6.7065687
steve	-9.5199795
capra	-9.5199795
mari	-6.9679337
sagittarius	-8.74679
avia	-9.009154
face	-5.4481077
casa	-9.3658285
conrad	-9.5199795
doris	-9.702301
prime	-9.702301
drama	-8.603689
ursa	-9.232298
asphodelus	-9.702301
future	-9.702301
antica	-8.603689
wylie	-8.672682
femina	-9.702301
lead	-9.5199795
sheppard	-9.5199795
germania	-7.9105415
punta	-7.399716
aria	-9.3658285
araba	-9.702301
spirale	-8.220696
nanna	-8.826833
russia	-8.267217
dà	-9.114514
ella	-9.232298
fauna	-7.944443
concepción	-9.3658285
corsa	-6.255493
cima	-9.3658285
aerea	-9.702301
via	-8.74679
pisa	-8.53915
centrale	-9.702301
manu	-9.5199795
vita	-8.603689
scorpius	-9.702301
pruvincia	-5.662765
italiana	-9.3658285
nomi	-9.702301
canes	-9.702301
venatici	-9.702301
atmosfera	-8.092863
sistema	-9.702301
ophiuchus	-9.232298
termini	-9.702301
forma	-8.053642
lava	-9.5199795
figura	-8.53915
ò	-7.1846046
filmi	-9.702301
londra	-8.53915
parti	-7.5050764
testi	-8.913844
elli	-9.5199795
arma	-9.5199795
generali	-9.5199795
coldplay	-9.702301
radiohead	-9.5199795
nome	-6.9050198
unu	-6.4138994
guerra	-7.72822
schengen	-9.702301
cesare	-9.5199795
mani	-9.5199795
epica	-9.702301
kick	-9.702301
fine	-6.507718
servi	-9.5199795
edda	-9.5199795
musica	-8.267217
postu	-9.3658285
nata	-8.421368
parte	-6.737028
dalai	-8.603689
datu	-9.3658285
sta	-9.5199795
gyatso	-8.74679
toru	-9.702301
sede	-9.702301
arte	-8.672682
paulu	-9.009154
aprili	-9.009154
milioni	-8.603689
arabu	-8.74679
autonoma	-8.53915
grandi	-8.133685
torra	-8.913844
soli	-9.3658285
frontman	-9.702301
paoli	-8.478526
pasquale	-9.3658285
sia	-9.009154
durante	-9.3658285
poeta	-9.5199795
rima	-8.603689
ssu	-8.672682
belgica	-9.114514
cum	-7.5275493
anni	-7.72822
moderne	-7.122084
bassi	-9.3658285
situ	-7.72822
bassa	-9.3658285
oceania	-9.702301
issa	-9.702301
persona	-8.913844
carrara	-8.826833
coma	-9.232298
sassari	-8.603689
dea	-9.5199795
sei	-9.3658285
pistoia	-8.603689
olbia	-9.702301
libri	-9.702301
ssa	-8.74679
cm3	-9.009154
andria	-9.702301
sarda	-9.232298
fora	-9.5199795
cane	-9.5199795
oriente	-9.702301
tutti	-7.877752
pagina	-9.5199795
parigi	-9.5199795
autori	-9.232298
autore	-8.316007
federale	-7.399716
arti	-9.3658285
polonia	-8.74679
forme	-9.702301
mesi	-9.5199795
situata	-7.2008653
ind	-8.176245
studiu	-8.220696
oceanu	-8.478526
metri	-6.716619
centru	-8.826833
regione	-7.7853785
torinu	-9.3658285
slava	-8.74679
generale	-8.74679
petru	-7.550539
tipu	-7.9795346
milanu	-9.702301
studia	-9.5199795
gradi	-9.702301
vene	-8.176245
menu	-8.913844
fondu	-9.009154
variante	-9.232298
titulu	-7.9795346
bassu	-8.672682
divisione	-8.267217
marcu	-9.3658285
cun	-9.009154
annu	-5.604629
capitale	-6.5932403
gregorianu	-5.8311
sardigna	-8.826833
sardu	-8.133685
santu	-7.8152313
sua	-8.53915
americanu	-5.5783978
inglesu	-9.232298
casteddu	-9.3658285
tedescu	-7.944443
puru	-8.913844
attore	-5.6769495
primu	-8.53915
cantante	-8.913844
fattu	-8.913844
latinu	-6.9297123
manera	-8.603689
seculu	-8.0159025
minore	-9.3658285
unione	-8.913844
estu	-9.009154
isula	-7.322755
cantu	-7.3604956
mundiale	-9.702301
gruppu	-6.8231025
musicale	-9.3658285
europea	-9.3658285
mese	-8.74679
issu	-8.603689
solu	-8.826833
mortu	-7.137352
cultura	-9.114514
brasile	-8.826833
calendariu	-5.4063773
politicu	-9.5199795
pianta	-5.8650017
tedesca	-8.826833
cile	-8.478526
populu	-8.913844
portu	-9.3658285
dipartimentu	-5.3794937
militare	-9.232298
origine	-9.114514
capu	-7.9105415
territoriu	-9.232298
religione	-9.3658285
turcu	-9.3658285
longu	-8.603689
filosofu	-8.826833
grecu	-6.716619
guvernu	-9.702301
regnu	-8.176245
babbu	-9.114514
catalanu	-8.176245
naturale	-9.702301
premiu	-9.114514
cuntinente	-9.232298
cristu	-8.826833
nordu	-7.2008653
anticu	-7.9795346
elementu	-6.5326157
particulare	-9.5199795
tantu	-9.5199795
tìtulu	-9.702301
ebraicu	-9.232298
cristiana	-9.009154
numeru	-9.702301
puntu	-8.826833
rivista	-8.74679
locu	-8.826833
cumpostu	-7.3604956
cumposta	-9.114514
ogni	-8.913844
omonima	-8.053642
penisula	-9.3658285
periodu	-9.232298
modu	-9.114514
ordine	-9.3658285
tempiu	-8.0159025
cantadore	-9.114514
indianu	-9.232298
corpu	-9.3658285
portugallu	-9.3658285
cristianu	-9.702301
altu	-9.114514
libru	-8.74679
alfabetu	-7.9105415
umanu	-9.114514
guasi	-8.913844
umana	-9.114514
golfu	-9.5199795
persianu	-9.702301
republica	-9.232298
comuni	-9.009154
aragona	-9.5199795
danimarca	-9.702301
tempu	-8.220696
emisferu	-9.5199795
solitu	-9.5199795
acronimu	-9.232298
circa	-7.550539
testu	-8.826833
aprile	-7.1686044
bibbia	-9.5199795
simbulu	-6.524247
atlanticu	-8.603689
architettu	-8.603689
persone	-9.5199795
capitali	-9.3658285
scritta	-8.267217
novu	-9.3658285
gesù	-9.702301
famiglia	-5.713317
classica	-9.5199795
pittore	-9.009154
marinu	-9.232298
pianu	-9.009154
gavinu	-9.3658285
gadduresu	-8.826833
esempiu	-8.53915
famosu	-8.53915
imperu	-9.702301
brasilianu	-9.5199795
storia	-8.053642
museu	-9.702301
usu	-8.913844
innu	-9.702301
pastore	-9.702301
attuale	-9.702301
cantadora	-9.5199795
ottobre	-9.5199795
attrice	-6.9050198
arcipelagu	-9.114514
matematicu	-9.114514
principale	-8.672682
grecia	-9.009154
altitudine	-6.8690877
voce	-8.826833
atena	-9.232298
nucleu	-9.5199795
maestru	-9.3658285
baleare	-9.702301
eroi	-9.702301
francia	-7.7853785
principali	-8.053642
matematica	-8.603689
primi	-8.74679
minori	-9.5199795
ebraica	-9.009154
stadiu	-9.702301
creata	-8.672682
taliana	-7.035073
spagna	-8.421368
litteratura	-9.009154
lunghezza	-9.232298
scola	-8.826833
squadra	-9.5199795
catalana	-9.232298
cumpagnia	-9.5199795
francesa	-9.232298
português	-9.232298
essa	-8.603689
conta	-9.5199795
nasce	-9.5199795
berenices	-9.232298
reta	-8.74679
cume	-7.9105415
parta	-9.5199795
lombarda	-8.913844
acqua	-8.74679
viale	-8.826833
sette	-9.702301
trova	-7.877752
rooney	-9.5199795
polu	-9.702301
testamentu	-9.3658285
finlandia	-9.5199795
renu	-9.3658285
terminu	-9.5199795
tramuntana	-9.3658285
greca	-7.3414474
mtsho	-8.74679
ecc	-9.5199795
più	-6.102253
rgya	-8.74679
spirali	-9.5199795
parole	-9.702301
decembre	-9.114514
quand	-9.702301
fisica	-9.5199795
superficia	-8.316007
canadà	-8.53915
parla	-9.702301
sorda	-9.3658285
pò	-8.133685
seconda	-9.5199795
fù	-6.9297123
dì	-8.3673
retta	-9.5199795
messa	-9.232298
galizia	-9.702301
olmi	-9.702301
punti	-9.702301
svizzera	-9.232298
cristiani	-9.232298
mammiferu	-9.114514
marzu	-7.02128
diversi	-9.702301
patri	-9.3658285
stati	-6.043881
rumana	-8.53915
gruppi	-9.702301
età	-9.702301
sudu	-7.4830976
veru	-9.5199795
statu	-5.2882915
natu	-6.3844852
paese	-6.845831
natali	-9.702301
membra	-9.3658285
fundata	-9.114514
populari	-9.009154
publicata	-7.9105415
culturali	-9.3658285
maiori	-9.232298
paesi	-6.9422913
evoluzione	-9.702301
litteraria	-9.5199795
atomica	-6.6296077
veni	-8.3673
alti	-9.702301
antichità	-9.3658285
versu	-8.74679
antichi	-9.232298
quali	-8.267217
anguli	-8.913844
ampugnani	-9.702301
poghju	-8.913844
abitanti	-6.5410542
francese	-6.467552
inglese	-7.3044057
stata	-7.02128
termine	-9.009154
quale	-8.672682
settembre	-7.3414474
altri	-8.74679
dicembre	-7.3044057
amministrativa	-8.3673
tratta	-9.5199795
attività	-9.232298
scrittore	-8.421368
senza	-8.826833
ufficiale	-9.114514
volte	-9.5199795
castiglia	-8.913844
chilometri	-8.603689
svedese	-9.5199795
struttura	-9.702301
terza	-9.232298
figlia	-9.702301
lingue	-8.53915
parola	-8.603689
animazione	-9.009154
misura	-9.114514
chimica	-9.702301
piante	-9.114514
usata	-7.9105415
spagnola	-8.0159025
altra	-9.009154
tempi	-9.5199795
tradizione	-9.5199795
svezia	-9.3658285
basata	-9.702301
valore	-9.5199795
danese	-9.5199795
portoghese	-9.702301
lettera	-8.053642
varietà	-9.009154
funzioni	-9.3658285
ciò	-9.3658285
scritti	-9.702301
animali	-7.6228595
divinità	-9.702301
pochi	-9.5199795
cucina	-9.5199795
definizione	-9.702301
chitarra	-7.944443
tecniche	-9.232298
scienza	-8.478526
rispettivamente	-9.5199795
nazione	-8.826833
attori	-9.5199795
assemblea	-9.5199795
dunque	-9.702301
parlata	-7.5740695
assia	-9.5199795
fatti	-9.702301
solamente	-8.3673
sequenza	-9.114514
tradizioni	-9.5199795
batteria	-8.913844
roccia	-9.5199795
scrittori	-9.3658285
morti	-8.74679
canali	-9.009154
corsi	-8.421368
densità	-6.8231025
bocca	-9.702301
galassia	-7.399716
assai	-8.672682
incirca	-8.316007
casata	-6.845831
canti	-8.603689
federali	-9.5199795
lipsia	-9.3658285
traslitterazione	-8.672682
costi	-9.702301
parlate	-9.009154
tastiere	-9.702301
utilità	-9.702301
volti	-9.702301
acustica	-9.702301
consonante	-8.316007
colpi	-9.5199795
battisti	-9.702301
abitante	-8.672682
croci	-9.702301
cenni	-8.53915
annata	-5.7942863
soffia	-9.5199795
locutori	-9.5199795
quartu	-9.009154
micca	-7.419919
innanzi	-9.3658285
rolli	-8.603689
eddu	-8.913844
lingui	-9.114514
dinò	-8.913844
trè	-7.7853785
ramu	-9.3658285
rè	-7.9795346
castagniccia	-9.702301
dui	-7.5050764
tuttu	-8.826833
saria	-9.702301
mezu	-8.826833
minutu	-9.702301
fundatu	-7.550539
ellu	-8.74679
teni	-6.2303348
notu	-9.5199795
gatling	-9.702301
antone	-8.478526
eddi	-9.5199795
ettu	-9.3658285
ambrosi	-9.702301
sarra	-9.232298
saturnu	-9.702301
rollu	-8.672682
cumuna	-4.7324877
ghjornu	-4.90321
suprana	-5.8228016
cità	-5.826942
bisesta	-5.8352757
custellazione	-5.9694047
situatu	-6.0806303
incù	-6.3419256
suttana	-6.4597087
gregurianu	-6.4597087
ghjorni	-6.467552
ancu	-6.515949
corsu	-6.5410542
bisestile	-6.5410542
restanu	-6.5410542
chimicu	-6.5495653
faci	-6.6296077
articulu	-6.726772
ogettu	-6.7899504
ogetti	-6.8008795
annantu	-6.811929
catalogu	-6.811929
dirivata	-6.834402
nomu	-6.8928986
talianu	-7.0490594
lavu	-7.1686044
maghju	-7.2342014
ghjugnu	-7.2342014
lugliu	-7.2342014
puesia	-7.2863874
tene	-7.322755
ghjennaghju	-7.3604956
aostu	-7.3799133
ferraghju	-7.4615912
ammansu	-7.4615912
ùn	-7.4830976
capilocu	-7.4830976
mitulugia	-7.5050764
pruvene	-7.5275493
uttrovi	-7.550539
currispundente	-7.550539
dopu	-7.5740695
scrivanu	-7.674153
dettu	-7.7008214
genaru	-7.7008214
musicante	-7.72822
nuvembri	-7.72822
scupertu	-7.756391
britannicu	-7.7853785
pueta	-7.7853785
sicondu	-7.7853785
satellitu	-7.846003
parechji	-7.877752
numìgnulu	-7.877752
suffissu	-7.877752
mondu	-7.9105415
cumunità	-7.944443
auropa	-7.944443
ptolemea	-7.9795346
storicu	-7.9795346
spagnolu	-7.9795346
archiulogicu	-8.0159025
discritte	-8.0159025
voceru	-8.053642
dinù	-8.053642
pallò	-8.053642
canadianu	-8.053642
globulariu	-8.092863
omu	-8.133685
cunnisciutu	-8.176245
ghjove	-8.176245
lucciana	-8.267217
vicinu	-8.267217
aeruportu	-8.267217
pussedi	-8.267217
tradiziunale	-8.267217
fà	-8.316007
significheghja	-8.316007
chjamatu	-8.316007
aiacciu	-8.3673
gaddura	-8.3673
tarranoa	-8.3673
francesu	-8.3673
spessu	-8.3673
triangulu	-8.3673
apertu	-8.421368
vattelapesca	-8.478526
scenza	-8.478526
parolla	-8.478526
publicatu	-8.478526
chjamata	-8.478526
puliticante	-8.478526
ghjuvan	-8.53915
frà	-8.53915
cunsideratu	-8.53915
scupridore	-8.53915
unitu	-8.53915
scuzzese	-8.53915
realizatu	-8.53915
particulari	-8.603689
tradiziunali	-8.603689
cumporta	-8.603689
sottu	-8.603689
circundariu	-8.603689
fubbe	-8.672682
laziu	-8.672682
finu	-8.672682
scrittu	-8.672682
nantu	-8.672682
ghjè	-8.672682
sittintriunali	-8.672682
oghje	-8.672682
pocu	-8.672682
vociaru	-8.672682
chjesa	-8.672682
tutalità	-8.672682
uccidintali	-8.672682
figliu	-8.672682
mità	-8.74679
quattru	-8.74679
aceddu	-8.74679
russiu	-8.74679
soprattuttu	-8.74679
uceanu	-8.74679
lisandru	-8.826833
oggettu	-8.826833
nuvembre	-8.826833
cumponi	-8.826833
spaziu	-8.826833
siconda	-8.826833
giumitria	-8.826833
creatu	-8.826833
portughese	-8.826833
miridiunali	-8.826833
rughjoni	-8.826833
fiumu	-8.826833
lucale	-8.826833
tagliu	-8.913844
ghjuvanni	-8.913844
grussetu	-8.913844
cavaddu	-8.913844
populazione	-8.913844
munimentu	-8.913844
pulonia	-8.913844
impurtanti	-8.913844
punente	-8.913844
induva	-8.913844
rigioni	-8.913844
cumune	-8.913844
parsunaghju	-8.913844
cortu	-8.913844
impurtante	-8.913844
essendu	-8.913844
realizadore	-8.913844
cumedia	-8.913844
rughjonu	-8.913844
sartè	-9.009154
livornu	-9.009154
rusiu	-9.009154
chjama	-9.009154
bonifaziu	-9.009154
lucciardi	-9.009154
ventu	-9.009154
inseme	-9.009154
parighji	-9.009154
focu	-9.009154
cismonte	-9.009154
picculu	-9.009154
terzu	-9.009154
ufficialmenti	-9.009154
catalunia	-9.009154
punenti	-9.009154
furmatu	-9.009154
scupritore	-9.009154
rigione	-9.009154
cunnisciuta	-9.009154
ghjesù	-9.009154
megliu	-9.009154
agostu	-9.009154
frusinone	-9.009154
capicorsu	-9.114514
lamentu	-9.114514
pratu	-9.114514
erani	-9.114514
muvra	-9.114514
tirrenu	-9.114514
fisicu	-9.114514
attivu	-9.114514
insemu	-9.114514
quandu	-9.114514
strettu	-9.114514
sittimana	-9.114514
dapoi	-9.114514
realizatore	-9.114514
uttobre	-9.114514
angulu	-9.114514
portivechju	-9.232298
muvimentu	-9.232298
castellu	-9.232298
omeru	-9.232298
territuriale	-9.232298
pumonti	-9.232298
usatu	-9.232298
articu	-9.232298
terraniu	-9.232298
frivaghju	-9.232298
sittembre	-9.232298
meziornu	-9.232298
tarraniu	-9.232298
mintuvatu	-9.232298
riligioni	-9.232298
ghjucatu	-9.232298
parlatu	-9.232298
puliticu	-9.232298
cunsidaratu	-9.232298
economistu	-9.232298
virsioni	-9.232298
rittangulu	-9.232298
artifizi	-9.232298
dimucrazia	-9.232298
sestu	-9.3658285
naziunale	-9.3658285
muderna	-9.3658285
tassu	-9.3658285
prugna	-9.3658285
hanu	-9.3658285
isuli	-9.3658285
pitretu	-9.3658285
bicchisgià	-9.3658285
matteiu	-9.3658285
indicà	-9.3658285
rumanica	-9.3658285
annant	-9.3658285
neru	-9.3658285
spezii	-9.3658285
filari	-9.3658285
cavallu	-9.3658285
eranu	-9.3658285
cumunu	-9.3658285
intornu	-9.3658285
fruntiera	-9.3658285
vennari	-9.3658285
luntanu	-9.3658285
terzetti	-9.3658285
ghjinnaghju	-9.3658285
meridiunale	-9.3658285
dipoi	-9.3658285
adupratu	-9.3658285
strumentu	-9.3658285
ellissica	-9.3658285
massicciu	-9.3658285
currispundenti	-9.3658285
ripublica	-9.3658285
brittannicu	-9.3658285
ceccu	-9.3658285
rispittivamente	-9.3658285
fundatore	-9.3658285
isule	-9.3658285
fintascienza	-9.3658285
quiddu	-9.3658285
tuscanu	-9.3658285
urighjina	-9.3658285
anghjulu	-9.3658285
teseiu	-9.3658285
egeiu	-9.3658285
coti	-9.5199795
muntagna	-9.5199795
internu	-9.5199795
canzona	-9.5199795
carbini	-9.5199795
balagna	-9.5199795
ampaza	-9.5199795
versini	-9.5199795
zicavu	-9.5199795
azilonu	-9.5199795
cardu	-9.5199795
campumoru	-9.5199795
arghjusta	-9.5199795
muricciu	-9.5199795
marinacciu	-9.5199795
boziu	-9.5199795
pà	-9.5199795
ghjacumu	-9.5199795
liguru	-9.5199795
tuscana	-9.5199795
fuata	-9.5199795
moltu	-9.5199795
ballò	-9.5199795
grechi	-9.5199795
vutera	-9.5199795
azzione	-9.5199795
catinacciu	-9.5199795
cinqui	-9.5199795
dialettu	-9.5199795
quintu	-9.5199795
pianuforte	-9.5199795
dramaturgu	-9.5199795
secondu	-9.5199795
rumanza	-9.5199795
lionu	-9.5199795
alimanu	-9.5199795
livanti	-9.5199795
appartene	-9.5199795
cuncettu	-9.5199795
chjamanu	-9.5199795
maiò	-9.5199795
parechje	-9.5199795
prucessu	-9.5199795
suciale	-9.5199795
paesu	-9.5199795
vucale	-9.5199795
nivulu	-9.5199795
rughjone	-9.5199795
iddu	-9.5199795
lighjenda	-9.5199795
linguagiu	-9.5199795
pupulazione	-9.5199795
dunqua	-9.5199795
diventatu	-9.5199795
numinatu	-9.5199795
dùie	-9.5199795
appartinenti	-9.5199795
cintrali	-9.5199795
criata	-9.5199795
sprissioni	-9.5199795
ghjucadore	-9.5199795
mitragliosa	-9.5199795
fizzione	-9.5199795
minossu	-9.5199795
mostru	-9.5199795
sicilianu	-9.702301
cintu	-9.702301
sassaresu	-9.702301
francescu	-9.702301
golu	-9.702301
partitu	-9.702301
ascu	-9.702301
monacu	-9.702301
eccica	-9.702301
acquatella	-9.702301
fiumorbu	-9.702301
turghjà	-9.702301
cuttuli	-9.702301
curtichjatu	-9.702301
sarrula	-9.702301
carcupinu	-9.702301
suaredda	-9.702301
belvideri	-9.702301
ornetu	-9.702301
internaziunale	-9.702301
cispra	-9.702301
opara	-9.702301
mundiali	-9.702301
duie	-9.702301
casgiu	-9.702301
