i	-6.374538
e	-2.6166656
a	-5.4872346
de	-6.5286884
ka	-3.0023282
n	-5.229406
pe	-6.5286884
ki	-4.4703007
l	-6.9341536
à	-6.9341536
tan	-6.9341536
ke	-5.4872346
nama	-6.2410064
mi	-6.374538
pa	-5.612398
sicilia	-5.612398
ottawa	-6.2410064
names	-6.1232233
ota	-5.8355412
article	-6.9341536
kata	-6.9341536
aka	-5.229406
ani	-6.9341536
iti	-4.606876
eki	-6.1232233
mita	-5.1015725
wir	-5.755499
miro	-6.017863
kaki	-5.229406
nta	-5.681391
ote	-4.242911
matce	-5.547859
nac	-5.1849537
taw	-6.71101
kotak	-6.9341536
ici	-3.8206384
ite	-5.4872346
wec	-5.755499
tca	-4.682862
kaie	-4.226104
aric	-5.0246115
otci	-6.9341536
micta	-3.6954753
kirika	-4.1933136
enko	-4.513786
awik	-4.513786
kecpin	-4.513786
anaha	-4.559248
kitci	-4.736929
notcimik	-4.9882436
kekotc	-5.0623517
matci	-5.142394
mekwatc	-5.1849537
awesis	-5.229406
mitowi	-5.2759256
napitc	-5.2759256
tekaci	-5.3247156
anihe	-5.430076
kewir	-5.547859
mictahi	-5.547859
nipira	-5.547859
anihi	-5.547859
mantcoc	-5.547859
mekwa	-5.612398
kaskina	-5.681391
nte	-5.681391
icinakositc	-5.681391
tepirak	-5.755499
aniheriw	-5.8355412
acitc	-5.922553
nictam	-5.922553
itikititc	-5.922553
atikamekw	-6.017863
kirowe	-6.017863
taciketc	-6.017863
tapwe	-6.017863
kekat	-6.017863
mackikiatikw	-6.017863
otamiro	-6.1232233
nokositc	-6.1232233
akositc	-6.1232233
nipinik	-6.2410064
itekera	-6.2410064
wapisiw	-6.2410064
pemantcic	-6.2410064
ekotca	-6.2410064
taci	-6.374538
mocak	-6.374538
iriniw	-6.374538
nanikotin	-6.374538
manawan	-6.5286884
pitoc	-6.5286884
askik	-6.5286884
pisimw	-6.5286884
okimaw	-6.5286884
mawotci	-6.5286884
mictikw	-6.5286884
weckatc	-6.5286884
ekoni	-6.5286884
piponik	-6.5286884
sakihikanik	-6.5286884
nitawokiw	-6.5286884
makatesiw	-6.5286884
miroskaminik	-6.5286884
onitcanica	-6.5286884
ekota	-6.5286884
nitawokino	-6.5286884
kice	-6.71101
tatc	-6.71101
cikopi	-6.71101
icinikatek	-6.71101
apitc	-6.71101
micikititc	-6.71101
wikwas	-6.71101
arimatc	-6.71101
kinec	-6.71101
nokosiw	-6.71101
tipiskarik	-6.71101
manawanik	-6.71101
pamatisitc	-6.71101
takok	-6.71101
piresiw	-6.71101
ketca	-6.71101
sipik	-6.71101
pecotcic	-6.71101
cipicic	-6.71101
mackikiatikwa	-6.71101
nitawokik	-6.71101
patoc	-6.9341536
nipik	-6.9341536
tacikew	-6.9341536
otamirotc	-6.9341536
mictikok	-6.9341536
