the	-5.7979555
of	-3.9071052
in	-6.7787848
and	-6.4911027
a	-6.4911027
de	-7.18425
is	-6.7787848
on	-6.0856376
new	-6.4911027
york	-5.6801724
it	-6.4911027
ti	-7.18425
to	-6.7787848
s	-6.7787848
states	-3.7830527
united	-3.7830527
by	-7.18425
city	-7.18425
japan	-6.0856376
island	-6.4911027
north	-7.18425
with	-6.4911027
language	-6.7787848
america	-3.9855769
brazil	-5.7979555
jersey	-7.18425
tan	-5.7979555
mi	-6.4911027
nu	-6.7787848
pl	-5.169347
vietnam	-6.267959
air	-7.18425
spp	-6.4911027
rio	-7.18425
paulo	-6.267959
janeiro	-7.18425
virginia	-7.18425
oregon	-7.18425
são	-6.267959
carolina	-7.18425
hampshire	-7.18425
dakota	-7.18425
alaska	-5.1048083
point	-7.18425
white	-7.18425
little	-7.18425
spring	-7.18425
red	-6.7787848
max	-7.18425
fox	-7.18425
monica	-7.18425
méxico	-7.18425
water	-6.7787848
tau	-7.18425
binh	-7.18425
malaysia	-5.312448
quang	-7.18425
wales	-6.7787848
chen	-7.18425
riparia	-7.18425
canadensis	-6.0856376
italy	-7.18425
glacialis	-7.18425
americanus	-7.18425
arctostaphylos	-6.4911027
northwest	-7.18425
borough	-7.18425
anas	-6.7787848
canis	-6.7787848
lagopus	-6.7787848
vulpes	-6.267959
sg	-5.931487
coregonus	-6.7787848
money	-7.18425
mustela	-6.7787848
ursus	-6.7787848
arctic	-7.18425
turkey	-4.8816648
russia	-6.4911027
anser	-7.18425
lupus	-7.18425
agnes	-7.18425
animal	-7.18425
oncorhynchus	-7.18425
larus	-6.7787848
rossiya	-4.0487556
kanada	-7.18425
suli	-3.434746
skin	-7.18425
dual	-5.7979555
bone	-7.18425
poland	-7.18425
etc	-6.7787848
salvelinus	-7.18425
lepus	-7.18425
branta	-6.7787848
maclean	-7.18425
alces	-7.18425
messias	-7.18425
held	-7.18425
nuna	-5.169347
calidris	-6.7787848
whaling	-6.7787848
gavia	-6.7787848
iñuguqtuq	-2.873451
tanŋ	-2.9286373
iniqpak	-4.116197
tiguaqtuq	-4.411661
uumani	-4.932958
tchiaq	-5.169347
iñuq	-5.4795017
nunauruat	-5.574812
nutanut	-5.574812
iñuiñaq	-5.6801724
qulit	-5.931487
ittuq	-5.931487
iñupiat	-6.0856376
tannapta	-6.0856376
iñiqsiruq	-6.0856376
kuuvak	-6.0856376
alaskaġmi	-6.0856376
piŋasut	-6.0856376
malġuk	-6.0856376
kuuk	-6.267959
tallimat	-6.267959
uqautchit	-6.267959
atausiq	-6.267959
nigiq	-6.267959
iñuit	-6.267959
nunaŋatmi	-6.267959
natiq	-6.4911027
iñupiaq	-6.4911027
mexiqo	-6.4911027
uruusiq	-6.4911027
atchiiñiq	-6.4911027
somateria	-6.7787848
jeesus	-6.7787848
nunaaqqiq	-6.7787848
akimiaq	-6.7787848
