ᖃᓪᓗᓈᑎᑐᑦ	-3.8597267
ᐊᒻᒪ	-4.4193425
ᒐᕙᒪᖃᕐᕕᐅᔪᖅ	-4.7070246
ᓄᓇ	-4.764183
ᔅᕗᕆᑭ	-4.8248076
ᐃᓗᐊᓂ	-5.032447
ᓄᓇᓖᑦ	-5.199501
ᓯᓚᕐᔪᐊᒥᐅᑦ	-5.2948112
ᓃᑉᐊᓐ	-5.2948112
ᖃᐅᔨᓴᕐᓂᖅ	-5.4001718
ᐃᓄᐃᑦ	-5.517955
ᐃᑎᐊᔪᑦ	-5.517955
ᐱᓱᒃᑎ	-5.6514864
ᐅᐃᒍᐃᕐᒥᐅᖅ	-5.6514864
ᐊᖑᑦ	-5.6514864
ᐱᑕᖃᕗᒃ	-5.6514864
ᔅᕝ	-5.6514864
ᐃᓄᒃᑎᑐᑦ	-5.805637
ᐃᓄᒃ	-5.805637
ᓱᓕᐊᖅ	-5.805637
ᑎᒍᕚ	-5.805637
ᐅᖃᕐᕕᐅᑎᔪᑦ	-5.805637
ᐃᑎᖅ	-5.805637
ᐊᑐᐃᓐᓇᓯᕗᖅ	-5.805637
ᐊᒥᐊᓕᑲ	-5.805637
ᐅᓛᓴᑐᑦ	-5.805637
ᒥᐱᒋ	-5.805637
ᐅᑭᐅᖅ	-5.9879584
ᐊᑐᖅᑕᐅᓂᑯᐃᑦ	-5.9879584
ᐊᑕᐅᓯᖅ	-5.9879584
ᐊᐃᐳᕆᓪ	-5.9879584
ᖁᐊᔪᖅ	-5.9879584
ᕿᒥᕐᕈᐊᑦ	-5.9879584
ᐄᒃ	-5.9879584
ᐅᓐᓂᖅᑐᖅ	-6.211102
ᐆᒪᔪᖅ	-6.211102
ᐅᓱᒃ	-6.211102
ᐅᑦᓱᒃ	-6.211102
ᐃᒪᖅ	-6.211102
ᑎᒥ	-6.211102
ᐃᓄᐃᕈᑎᕚ	-6.211102
ᖃᕆᓴᐅᔭᒃᑯᑦ	-6.211102
ᑎᑎᕋᖅᓯᒪᔪᑦ	-6.211102
ᐊᖓᔮᕐᓇᖅᑐᖅ	-6.211102
ᐊᕐᓇᖅ	-6.211102
ᑕᑯᑦᓱᒍᓱᑉᐳᖅ	-6.211102
ᐊᖏᔪᖅ	-6.211102
ᑭᒃᑯᑦ	-6.211102
ᒥᒃᓵᓂ	-6.211102
ᖃᐅ	-6.211102
ᑕᐃᑲᓂ	-6.211102
ᓄᓈᑦ	-6.211102
ᓄᑖᖅ	-6.498784
ᑎᑎᕋᐅᓯᖅᑐᖅ	-6.498784
ᐱᕈᖅᑐᖅ	-6.498784
ᐃᓅᕗᖅ	-6.498784
ᑕᖅᑭᖅ	-6.498784
ᒪᐃ	-6.498784
ᑕᐃᒪᙵᑦ	-6.498784
ᐃᑭᐊᖅ	-6.498784
ᐃᓱᒪᐃᓐᓈᖅ	-6.498784
ᐃᒫᓗᒃ	-6.498784
ᐱᒋᕚ	-6.498784
ᐱᕐᖄᐹ	-6.498784
ᒥᑭᑦᑐᖅ	-6.498784
ᓯᕗᓪᓕᖅᐹᖅ	-6.498784
ᐆᑉᐹ	-6.498784
ᓱᑲᖅ	-6.498784
ᓂᕿ	-6.498784
ᓇᑦᓯᐊᓕᐅᑦ	-6.498784
ᓯᕗᓕᐅᖅᐹ	-6.498784
ᐃᓅᖃᑎᒌᑦ	-6.498784
ᐃᓕᖅᑯᓯᖃᑎᒌᒃᑐᑦ	-6.498784
ᑎᑎᖅᑲᑎᒍᑦ	-6.498784
ᑲᓇᑕᒥ	-6.498784
ᑲᔪᖅ	-6.498784
ᑕᒪᑐᒪᓂ	-6.498784
ᐊᖑᑎ	-6.498784
ᐅᖃᖅᑐᖅ	-6.498784
ᐦᐃᓐᑏ	-6.498784
ᕿᑭᖅᑖᓘᑉ	-6.498784
ᐅᕙᓂ	-6.498784
ᒪᓂᒍᖅᐹ	-6.498784
ᓄᓇᕗᑦ	-6.904249
ᐃᖃᓗᐃᑦ	-6.904249
ᐅᖓᕙ	-6.904249
ᐂᒌᒧᒦᓇ	-6.904249
ᐱᖅ	-6.904249
ᐊᔪᕿᖅᑐᐃᔨ	-6.904249
ᑭᒡᒐᖅ	-6.904249
ᖃᕋᓴᐅᔭᖅ	-6.904249
ᐃᓕᓐᓂᐊᖅᑐᓕᕆᓂᖅ	-6.904249
ᐊᓯᐊᙳᑐᖅ	-6.904249
ᐅᓛᓴ	-6.904249
