of	-7.454141
in	-8.706904
and	-8.706904
a	-8.013757
no	-8.706904
de	-8.706904
la	-8.706904
on	-7.6082916
radio	-8.301439
new	-7.790613
york	-8.706904
it	-8.301439
na	-5.6623816
china	-2.9108462
republic	-8.013757
ni	-7.097466
to	-8.013757
wa	-4.1168475
o	-8.301439
nigeria	-8.013757
amerika	-8.013757
n	-8.301439
s	-8.706904
asia	-5.8736906
united	-8.301439
d	-7.454141
an	-6.0327554
guinea	-8.301439
ki	-8.301439
da	-8.706904
liberia	-8.301439
bo	-8.706904
city	-2.0788627
niger	-8.301439
japan	-6.404319
north	-8.706904
ghana	-8.706904
l	-7.454141
do	-8.706904
system	-8.301439
thomas	-8.706904
michael	-8.706904
m	-3.1636817
san	-6.9151444
kongo	-8.706904
somalia	-8.013757
president	-8.706904
america	-8.706904
pakistan	-8.301439
brazil	-8.301439
kenya	-6.2219973
chad	-8.301439
los	-8.706904
st	-8.706904
ma	-7.002156
ta	-3.1347501
panama	-8.013757
ya	-2.0521073
ji	-8.013757
g	-8.013757
vietnam	-8.301439
louis	-8.706904
rio	-8.706904
val	-8.013757
bei	-8.706904
são	-8.706904
oklahoma	-8.706904
angeles	-8.706904
porto	-8.301439
giovanni	-8.706904
pietro	-8.706904
mexico	-6.9151444
diego	-8.706904
chicago	-8.706904
antonio	-8.706904
francisco	-8.706904
las	-8.706904
philadelphia	-8.706904
station	-8.706904
novo	-8.301439
cerro	-8.706904
boston	-8.706904
newton	-8.706904
atlanta	-8.706904
piacentino	-7.6082916
flag	-8.301439
tokyo	-8.706904
arda	-7.6082916
cairo	-8.301439
chi	-8.706904
mang	-8.301439
beijing	-8.013757
israel	-8.706904
kia	-8.301439
guatemala	-8.301439
syria	-8.301439
tv	-8.301439
uzbekistan	-4.3630986
italy	-5.5933886
ho	-8.706904
tajikistan	-7.6082916
belize	-8.013757
usa	-6.181175
kuma	-8.013757
ng	-8.706904
jerusalem	-8.013757
augustus	-8.706904
abu	-8.301439
cia	-6.181175
kabul	-8.301439
yangi	-8.301439
hanoi	-8.301439
er	-8.706904
rg	-7.3206096
turkey	-8.301439
spain	-7.454141
damascus	-8.301439
sana	-8.301439
baghdad	-8.301439
accra	-8.301439
islamabad	-8.301439
qo	-7.6082916
pir	-8.013757
poland	-8.301439
mwaka	-8.013757
urusi	-8.301439
nairobi	-8.301439
matano	-8.301439
nene	-2.5013366
abuja	-8.301439
dhabi	-8.301439
iria	-7.790613
yulin	-8.301439
fuzhou	-8.301439
suzhou	-8.301439
yichun	-8.301439
anshan	-8.013757
mbere	-8.301439
niamey	-8.301439
tashkent	-8.301439
taizhou	-8.013757
yushu	-8.301439
jinzhou	-8.013757
djamena	-8.301439
irĩa	-2.5013366
mũno	-3.1385596
irĩ	-3.1404698
igũrũ	-3.1423836
nĩ	-4.9574
bururi	-5.2891774
mũnene	-5.339608
mũciĩ	-5.411067
abĩrika	-5.7891335
wĩ	-6.455612
thiinĩ	-6.566838
bũrũri	-6.6274624
mwena	-6.692001
itherero	-7.097466
tekinoronjĩ	-7.097466
thayathi	-7.3206096
thĩ	-7.454141
nĩkuo	-7.454141
thiori	-7.6082916
kuthini	-7.6082916
bűrűri	-7.790613
műciĩ	-7.790613
kĩa	-7.790613
thimo	-8.013757
mweri	-8.013757
kũrĩ	-8.013757
sũdana	-8.013757
macini	-8.013757
thithitemu	-8.013757
kautĩ	-8.013757
heshan	-8.301439
fengcheng	-8.301439
nyaga	-8.301439
inĩ	-8.301439
gĩa	-8.301439
maĩ	-8.301439
ĩmwe	-8.301439
nyingĩ	-8.301439
tekinorojĩ	-8.301439
kambuni	-8.301439
ũthuthuria	-8.301439
sofutiwea	-8.301439
thiomi	-8.301439
