afrika	-7.8486996
i	-8.071843
of	-8.359526
e	-8.359526
c	-8.071843
a	-7.666378
de	-6.2800837
la	-8.071843
wikipedia	-8.071843
john	-7.8486996
new	-6.462405
el	-8.071843
london	-8.071843
le	-8.359526
it	-4.530884
wikimedia	-8.359526
ni	-6.685549
december	-8.071843
amerika	-7.260913
s	-8.359526
asia	-7.8486996
al	-6.5677657
united	-7.8486996
guinea	-8.359526
da	-7.666378
latin	-8.359526
delta	-8.359526
island	-6.367095
saint	-7.666378
p	-8.359526
san	-8.359526
t	-5.7945757
rock	-7.666378
ma	-7.666378
ca	-7.8486996
mi	-5.673948
te	-7.8486996
santiago	-8.359526
sur	-7.666378
il	-7.260913
vietnam	-6.893188
long	-7.8486996
van	-7.666378
henri	-8.359526
marie	-8.359526
bay	-6.973231
sân	-7.060242
prince	-8.071843
canada	-8.071843
mau	-7.666378
can	-8.071843
dong	-8.071843
con	-8.359526
franche	-8.359526
île	-7.666378
ville	-8.359526
québec	-8.071843
columbia	-8.359526
luxembourg	-8.071843
den	-8.071843
carl	-7.666378
victoria	-8.071843
ciudad	-8.359526
star	-8.359526
jonathan	-8.359526
københavn	-7.8486996
hoi	-8.359526
jan	-7.8486996
hoa	-8.359526
buon	-7.8486996
pop	-7.666378
ar	-8.359526
binh	-8.359526
sap	-7.5122275
gia	-7.666378
trang	-8.359526
vinh	-8.359526
cam	-8.071843
ranh	-8.071843
phu	-7.5122275
dao	-8.359526
thai	-8.359526
nakhon	-8.359526
saudi	-7.1555524
shi	-7.666378
usa	-7.8486996
nang	-8.359526
ip	-7.8486996
tho	-7.666378
yukon	-8.071843
mekong	-8.359526
vancouver	-8.359526
kota	-7.260913
europa	-7.8486996
monaco	-7.666378
canis	-8.359526
pleiku	-7.666378
lagopus	-8.359526
nunavut	-6.7500873
fn	-8.359526
southampton	-8.359526
arab	-8.071843
juárez	-8.359526
hue	-8.071843
henrik	-8.359526
inuit	-7.060242
frederik	-8.359526
eurovision	-8.359526
imi	-5.8746185
baffin	-7.1555524
sverige	-8.359526
lien	-8.359526
alle	-8.071843
inuktitut	-6.893188
vietnami	-6.8190804
thuot	-7.8486996
nuna	-6.090842
ellesmere	-8.359526
kujalleq	-7.8486996
indiami	-6.893188
tyrkia	-8.359526
aak	-8.359526
issaat	-3.1213117
illoqarfik	-3.1445894
tassaavoq	-3.422656
gregorianskit	-3.5609837
ullorsiutaanni	-3.5609837
ullut	-3.5637348
ukiup	-3.5637348
naanissaanut	-3.5637348
ulloq	-3.5664933
sinnerupput	-3.5664933
ilassuteqarpat	-3.605935
ukioq	-3.6866963
illoqarfiit	-5.027321
arabiamiutut	-5.114332
aamma	-5.127404
pingaarnersaat	-5.167678
inuuvoq	-5.4878454
sverigemi	-5.4878454
ssaat	-5.4878454
mittarfik	-5.60799
toqusoq	-5.60799
tassa	-5.651475
canadami	-5.673948
martsi	-5.720468
norgemi	-5.769258
inuttunersaq	-5.8472195
aggusti	-5.8746185
frankrigimi	-5.8746185
juuli	-5.9027896
jannuaari	-5.9027896
apriili	-5.9027896
tassaapput	-5.931777
oktoberi	-5.931777
juuni	-5.96163
maaji	-5.96163
oqaatsit	-5.96163
qalipaavoq	-5.96163
novemberi	-5.9924016
decemberi	-5.9924016
ssit	-6.0241504
februaari	-6.0241504
septamberi	-6.05694
finlandimi	-6.125933
hebraimiutut	-6.125933
danmarkimi	-6.200041
vietnammi	-6.200041
vietnamimiusut	-6.2392616
mexikomi	-6.2800837
kinami	-6.3226433
kineserisut	-6.3226433
koreami	-6.367095
qeqertaq	-6.462405
koreamiut	-6.462405
savalimmiut	-6.5136986
chilemi	-6.5136986
kalaallit	-6.5677657
europami	-6.5677657
ukrainamiutut	-6.5677657
kujallermi	-6.5677657
ruslandimiutut	-6.5677657
svenskisuut	-6.624924
soorlu	-6.685549
ruslandimi	-6.685549
ukrainemi	-6.685549
israelimi	-6.685549
maorimiutut	-6.685549
urdumiutut	-6.685549
zealandimi	-6.7500873
imalt	-6.8190804
inuup	-6.8190804
islandimi	-6.8190804
franskisut	-6.8190804
nunaanni	-6.893188
inuusoq	-6.893188
illoqarfinni	-6.973231
ilinniarneq	-6.973231
arfineq	-6.973231
nunat	-7.060242
qanoq	-7.060242
thailandimiutut	-7.060242
avannarlermi	-7.060242
indonesiamiutut	-7.060242
pakistanimi	-7.060242
oqaaseq	-7.1555524
ilaatigut	-7.1555524
nunarsuup	-7.1555524
ullormik	-7.1555524
estlandimi	-7.1555524
thailandimi	-7.1555524
indonesiami	-7.1555524
tanzaniami	-7.1555524
arabiami	-7.1555524
inik	-7.260913
taagorneqarpoq	-7.260913
ilaasoq	-7.260913
canadap	-7.260913
japanskisuut	-7.260913
japanimi	-7.260913
iranimi	-7.260913
namminersornerullutik	-7.378696
nunarsuarmi	-7.378696
qallunaatut	-7.378696
akornanni	-7.378696
qaammat	-7.378696
letlandimi	-7.378696
isiginnaartitsisartoq	-7.378696
erinarsortartoq	-7.378696
ilisimatusarneq	-7.378696
malunnaataanerusut	-7.378696
ukuupput	-7.378696
pingaarnersaasoq	-7.378696
bengalimiutut	-7.378696
pashtomiutut	-7.378696
kenyami	-7.378696
egyptimi	-7.378696
qeqertat	-7.5122275
nunavissuaq	-7.5122275
tuluttut	-7.5122275
akunn	-7.5122275
qanga	-7.5122275
frankrigimioq	-7.5122275
oqartussaqarfiuvoq	-7.5122275
nissaat	-7.5122275
spaniami	-7.5122275
hollandskimioq	-7.5122275
afghanistanimi	-7.5122275
iraqimi	-7.5122275
tyrkiskisut	-7.5122275
persiskisut	-7.5122275
tyrkiami	-7.5122275
kommunia	-7.666378
palæstinensiske	-7.666378
nunap	-7.666378
misissuineq	-7.666378
brazilimi	-7.666378
amerikami	-7.666378
isumaqartoq	-7.666378
nipilersoqatigiiupput	-7.666378
tunngavigineqarluni	-7.666378
ilaat	-7.666378
aallartittut	-7.666378
parisimi	-7.666378
inissisimasoq	-7.666378
selvstyreområdermi	-7.666378
hindimiutut	-7.666378
spanskimioq	-7.666378
hollandiimi	-7.666378
danmarkmi	-7.666378
bangladeshimi	-7.666378
syriami	-7.666378
rach	-7.8486996
avannarleq	-7.8486996
pilersinneqarpoq	-7.8486996
nunavissuit	-7.8486996
ataani	-7.8486996
isumaqarpoq	-7.8486996
arlalinnik	-7.8486996
upperisaq	-7.8486996
appisimaartartut	-7.8486996
nunani	-7.8486996
italiami	-7.8486996
australiami	-7.8486996
finlandimiutut	-7.8486996
nunataavoq	-7.8486996
canadamut	-7.8486996
kangisissortaani	-7.8486996
ugandami	-7.8486996
madagascarimi	-7.8486996
jordanimi	-7.8486996
græskisut	-7.8486996
lebanonimi	-7.8486996
inuk	-8.071843
imut	-8.071843
imik	-8.071843
eqaluk	-8.071843
qaqqaq	-8.071843
kiisalu	-8.071843
ilusilersuineq	-8.071843
tamarmik	-8.071843
avannaani	-8.071843
oqaasiupput	-8.071843
silarsuarmi	-8.071843
nipilersorneq	-8.071843
paasissutissanik	-8.071843
grækerineersuuvoq	-8.071843
taaneqartarpoq	-8.071843
atortunik	-8.071843
nipilersoqatigiit	-8.071843
tuluit	-8.071843
mittarfinnik	-8.071843
ulluuvoq	-8.071843
romerit	-8.071843
guutiat	-8.071843
brasiliarmiuuvoq	-8.071843
ukunani	-8.071843
aammattaaq	-8.071843
italienskimioq	-8.071843
farsimiutut	-8.071843
kurdiskisut	-8.071843
libyami	-8.071843
emiratesimi	-8.071843
yemenimi	-8.071843
asanninneq	-8.071843
quoc	-8.359526
khuong	-8.359526
qall	-8.359526
phocoena	-8.359526
isikkamik	-8.359526
carriel	-8.359526
kommuneqarfik	-8.359526
nunaata	-8.359526
nunatta	-8.359526
oqartussat	-8.359526
poleni	-8.359526
sirmilik	-8.359526
oqaasii	-8.359526
sisamat	-8.359526
nunarsuaq	-8.359526
kisiannili	-8.359526
immikkut	-8.359526
pingaarnerpaaq	-8.359526
tunngasut	-8.359526
suleqatigiiffik	-8.359526
tungaanut	-8.359526
sunik	-8.359526
piffissap	-8.359526
uumasut	-8.359526
uumasuuvoq	-8.359526
kujammut	-8.359526
qalasersuaq	-8.359526
tyskisut	-8.359526
ingerlanerani	-8.359526
ilaanni	-8.359526
naliginnaasumik	-8.359526
nunataata	-8.359526
iluani	-8.359526
atorneqartut	-8.359526
pisortatigoortumik	-8.359526
imminnut	-8.359526
nipilersortartut	-8.359526
innermik	-8.359526
kommunia|indbyggere	-8.359526
aallaavigineqarluni	-8.359526
septemberi	-8.359526
marluk	-8.359526
pingasut	-8.359526
taamani	-8.359526
