в	-8.3583145
на	-8.71499
а	-7.0233135
вид	-7.2269125
м	-8.71499
англ	-8.4636755
д	-8.869141
система	-8.71499
км	-5.3675947
доктор	-7.2269125
син	-7.6651673
сан	-8.71499
символ	-8.71499
нью	-8.869141
км²	-8.71499
роман	-7.482846
артист	-7.569857
герой	-7.3286953
кандидат	-7.134539
школа	-8.869141
михайлович	-8.021842
ді	-7.0773807
и	-7.8276863
лат	-5.9073095
актриса	-8.869141
культура	-7.6163774
ю	-6.9473276
аль	-8.263004
ним	-7.0233135
наука	-7.9528494
ен	-8.175993
драматург	-7.6651673
борис	-8.869141
павлович	-8.175993
критик	-8.09595
кар	-6.6535664
жанр	-7.9528494
орден	-7.569857
степанович	-8.3583145
медаль	-8.3583145
том	-7.8276863
перу	-8.71499
му	-7.259702
во	-3.8408835
да	-3.9156635
млн	-8.869141
китай	-8.09595
мон	-8.869141
валентина	-8.71499
ордена	-7.9528494
абу	-5.3043137
вежа	-8.71499
конго	-7.6651673
кавалер	-8.263004
араб	-6.7690797
ссср	-6.7096562
календар	-5.044129
планет	-7.9528494
герман	-7.3650627
прадеш	-7.6651673
александр	-7.2269125
са	-6.0759325
слава	-8.09595
саха	-8.581458
ас	-8.4636755
ва	-8.71499
тюрк	-7.4420238
серб	-8.869141
ода	-6.97202
дан	-8.09595
попов	-8.175993
история	-7.1951637
бенгал	-8.581458
кора	-6.97202
ява	-8.4636755
из	-8.263004
сумах	-8.4636755
метр	-8.869141
банту	-7.4420238
рсфср	-7.9528494
ру	-8.09595
рута	-7.8276863
дагестан	-7.888311
карлик	-8.3583145
тай	-8.175993
рака	-7.0233135
андрей	-8.71499
кипарис	-7.7164607
моз	-6.9473276
владимир	-7.8276863
фольклор	-6.729074
кай	-8.71499
астра	-7.6651673
пу	-5.1515117
елена	-8.71499
кельт	-8.581458
швед	-8.3583145
махараштра	-8.869141
мари	-7.888311
коми	-4.0210238
андхра	-8.4636755
спас	-8.71499
уна	-7.9528494
тибет	-7.482846
керала	-8.71499
атлантика	-8.581458
коді	-8.3583145
николай	-7.482846
беларусь	-8.581458
лун	-3.3450162
ассам	-8.4636755
александрович	-7.3650627
карнатака	-8.4636755
марена	-7.482846
мальва	-8.4636755
литература	-7.293604
ов	-8.581458
юрий	-8.71499
институт	-8.4636755
группа	-8.71499
россия	-8.71499
мокша	-8.3583145
мордовия	-8.09595
ленинград	-8.3583145
вож	-7.6163774
сё	-7.7164607
кирилл	-8.869141
михаил	-8.263004
латин	-5.5610332
журналист	-7.2269125
республика	-6.278873
иван	-6.9973383
мастер	-8.175993
фин	-8.263004
василий	-7.7164607
карачай	-8.869141
тыш	-7.6651673
франция	-7.888311
удмурт	-8.4636755
профессор	-8.09595
ыджыд	-6.7096562
монгол	-8.4636755
элемент	-5.890215
италия	-8.3583145
иран	-7.6163774
сергей	-8.869141
алексей	-8.175993
асср	-6.583362
вой	-8.09595
дмитрий	-8.71499
итал	-8.71499
объект	-8.263004
метрополитен	-8.263004
абхаз	-8.581458
али	-8.869141
иванович	-7.1951637
филология	-7.8276863
федератив	-8.869141
григорий	-4.20413
кыргыз	-8.71499
химия	-5.8817763
георгий	-8.869141
славян	-7.8276863
колумбия	-8.4636755
вань	-8.581458
малай	-6.832258
испан	-8.869141
виктор	-8.4636755
улыс	-8.869141
тили	-8.581458
бразилия	-8.869141
николаевич	-7.7164607
чудь	-7.2269125
сора	-6.9973383
утка	-8.581458
португал	-8.71499
вылыс	-7.482846
индонезия	-8.09595
вась	-8.09595
тунгус	-8.3583145
этнограф	-8.71499
норвегия	-8.869141
босния	-8.869141
шри	-8.3583145
андреевич	-8.4636755
алексеевич	-8.175993
беларус	-8.71499
актёр	-8.869141
награда	-8.869141
инструмент	-7.3650627
слога	-8.021842
динар	-8.869141
бихар	-8.869141
кашмир	-8.869141
инд	-7.4420238
уезд	-8.3583145
поэт	-6.8107524
ханты	-8.581458
заслуженный	-8.71499
посёлок	-7.049982
чемпион	-8.869141
васильевич	-7.3286953
индия	-7.9528494
григорьевич	-8.581458
константинович	-8.71499
конгресс	-8.71499
спутник	-5.536936
египет	-8.4636755
александровна	-8.4636755
фиджи	-8.869141
васильевна	-8.4636755
олимпиада	-8.869141
полинезия	-6.832258
егорович	-8.869141
дас	-7.6651673
радиус	-5.403404
демократия	-8.581458
деванагари	-7.6651673
эст	-8.021842
эм	-8.021842
орисса	-8.869141
англичан	-7.770528
хабаровск	-8.869141
лилия	-8.3583145
тамилнад	-8.869141
финн	-7.164392
бенуэ	-8.869141
еврей	-8.4636755
археология	-8.869141
тамил	-8.869141
виль	-8.581458
манде	-8.71499
этнос	-8.263004
сыктывкар	-8.71499
асыв	-8.263004
ижора	-8.71499
лы	-8.71499
арий	-7.569857
шахов	-8.71499
суоми	-7.259702
ын	-7.4420238
эрзя	-8.4636755
магнолия	-8.4636755
трипура	-8.869141
нима	-8.581458
вьетнамын	-8.869141
карын	-8.869141
семит	-8.263004
маньчжур	-8.263004
морт	-7.3650627
кхмер	-8.869141
нах	-7.9528494
яран	-7.8276863
мый	-8.3583145
тайӧ	-3.6133826
ӧд	-3.6318123
кыв	-3.7120025
котырса	-4.1285653
увтыр	-4.130022
кассяна	-4.2120104
сійӧ	-4.219953
быдмӧ	-4.2295685
быдмӧг	-4.3170195
орхидея	-4.542803
тӧлысь	-4.604116
календарын	-4.7446976
воясӧ	-4.8527575
помӧдз	-4.8863482
америкаын	-4.921107
серти	-4.980727
азияын	-5.1314707
пансьӧ	-5.1928396
восянь	-5.313792
сюрс	-5.323362
воӧдз	-5.328181
сылӧн	-5.3330235
вояс	-5.357595
республикаын	-5.362582
корья	-5.377696
гижысь	-5.462403
лунвыв	-5.4679427
анбур	-5.4847503
сикт	-5.4847503
котыр	-5.604654
пырысь	-5.6980553
войвыв	-5.733646
сикас	-5.816713
либӧ	-5.824618
канму	-5.840618
сідзжӧ	-5.9073095
каналан	-5.969552
туялысь	-6.0069394
овмӧдчӧмин	-6.016509
районса	-6.0261707
улӧ	-6.035927
официал	-6.06578
грезд	-6.0965514
вылын	-6.15004
африкаын	-6.291452
сыктыв	-6.3170943
ӧкмыссё	-6.3170943
сьӧм	-6.426793
республикаса	-6.4562073
европаын	-6.4562073
йӧгра	-6.4865127
шöрвыв	-6.5337653
тайö	-6.583362
важӧн	-6.6178484
выль	-6.6719155
океанияын	-6.6719155
чукӧрса	-6.6719155
сатурнлӧн	-6.690608
юпитерлӧн	-6.729074
роч	-6.7690797
комиӧн	-6.7896986
нимӧдана	-6.8107524
анбуръяс	-6.8107524
районысь	-6.8107524
австралияын	-6.832258
шӧрсикт	-6.832258
наукаясса	-6.854237
рочӧн	-6.87671
индияын	-6.87671
овмӧдчӧминса	-6.87671
россияса	-6.8996997
уджалысь	-6.8996997
лэбач	-6.8996997
важ	-6.9473276
шонді	-6.9473276
вежалунсянь	-6.9473276
номъя	-6.9973383
помöдз	-6.9973383
воясö	-6.9973383
середасянь	-6.9973383
ӧшым	-7.0233135
воторниксянь	-7.0233135
вося	-7.049982
лӧддза	-7.049982
вӧльгым	-7.049982
пекничасянь	-7.049982
быдмас	-7.049982
удора	-7.0773807
діяс	-7.0773807
косму	-7.0773807
выльлунсянь	-7.0773807
субӧтасянь	-7.0773807
пансьö	-7.0773807
матіса	-7.0773807
пемӧс	-7.1055517
бырӧм	-7.1055517
четвергсянь	-7.1055517
кык	-7.134539
кӧч	-7.134539
ылдӧсын	-7.134539
йирым	-7.164392
ӧти	-7.1951637
войтырлӧн	-7.1951637
нималана	-7.1951637
тöвшöр	-7.1951637
лыса	-7.1951637
саами	-7.2269125
асыввыв	-7.2269125
асвеськӧдлан	-7.2269125
лунö	-7.2269125
штатъясын	-7.2269125
куратов	-7.259702
муын	-7.259702
кӧкъямыссё	-7.259702
лунӧ	-7.293604
лӧсьӧдӧм	-7.3286953
войтыр	-7.3650627
нэмӧдз	-7.3650627
уранлӧн	-7.3650627
гаж	-7.4028034
чукӧр	-7.4028034
кывъяс	-7.4028034
мальпигия	-7.4028034
вичкоса	-7.4420238
нимйӧза	-7.4420238
китайын	-7.4420238
англичанкӧд	-7.482846
перым	-7.5254054
евразияын	-7.5254054
обласьтын	-7.5254054
вуджӧдчысь	-7.5254054
гвинеяын	-7.5254054
имбирь	-7.5254054
лӧсьӧдысь	-7.5254054
рытыввыв	-7.569857
сӧветскӧй	-7.569857
костын	-7.569857
сизимдасӧд	-7.569857
ветымынӧд	-7.569857
комынӧд	-7.569857
кызьӧд	-7.569857
дасӧд	-7.569857
медводдза	-7.6163774
бразилияын	-7.6163774
войтыркостса	-7.6163774
ӧкмысдасӧд	-7.6163774
квайтымынӧд	-7.6163774
нелямынӧд	-7.6163774
шылад	-7.6163774
сизимсё	-7.6163774
пасйöны	-7.6163774
воын	-7.6163774
ӧні	-7.6163774
мадагаскарын	-7.6163774
сёрнитӧны	-7.6163774
штатын	-7.6651673
рочмуын	-7.6651673
лӧсьӧдӧма	-7.6651673
урасьӧм	-7.6651673
вичко	-7.6651673
йӧзкостса	-7.6651673
шӧр	-7.6651673
урасьöм	-7.6651673
кӧкъямысдасӧд	-7.6651673
котырӧ	-7.6651673
кутшӧмӧн	-7.6651673
чужан	-7.7164607
кывъясысь	-7.7164607
йӧз	-7.7164607
обласьт	-7.7164607
вӧлі	-7.7164607
сапиндус	-7.7164607
союзса	-7.7164607
комиысь	-7.7164607
радиоактив	-7.770528
юлӧн	-7.770528
кӧртулов	-7.770528
кыксё	-7.770528
куимсё	-7.770528
нёльсё	-7.770528
витсё	-7.770528
квайтсё	-7.770528
пакистанын	-7.770528
велӧдысь	-7.770528
компьютерлӧн	-7.770528
шӧрин	-7.8276863
ворсöм	-7.8276863
саридз	-7.8276863
филологияса	-7.8276863
вылӧ	-7.8276863
чукöрса	-7.8276863
сёрнитісны	-7.8276863
районын	-7.888311
тыр	-7.888311
подув	-7.888311
сьылысь	-7.888311
наукаын	-7.888311
почёт	-7.888311
рытыв	-7.9528494
америкаса	-7.9528494
кодзув	-7.9528494
емдін	-7.9528494
рочмуса	-7.9528494
тöлысь	-7.9528494
медыджыд	-7.9528494
мукӧд	-7.9528494
дагестанын	-7.9528494
креол	-8.021842
грен	-8.021842
челядь	-8.021842
кызь	-8.021842
ӧнія	-8.021842
тӧвшӧр	-8.021842
судталӧн	-8.021842
войтырсикас	-8.021842
доменыс	-8.021842
аӧшын	-8.021842
сёрнисикас	-8.09595
юркар	-8.09595
кодъяс	-8.09595
культураын	-8.09595
айму	-8.09595
нептунлӧн	-8.09595
веськыд	-8.175993
изьва	-8.175993
миян	-8.175993
водзджык	-8.175993
важвылӧм	-8.175993
котырысь	-8.175993
пыдди	-8.175993
кытшын	-8.175993
штатъяс	-8.175993
кодӧс	-8.175993
кывлӧн	-8.175993
республикалӧн	-8.175993
нёльӧд	-8.175993
канмуса	-8.175993
бангладешын	-8.175993
котырись	-8.175993
вичкоын	-8.175993
вӧсна	-8.175993
койпер	-8.263004
аннона	-8.263004
княжпогост	-8.263004
италияса	-8.263004
медшӧр	-8.263004
комияс	-8.263004
немеч	-8.263004
зарни	-8.263004
православнӧй	-8.263004
витӧд	-8.263004
ӧтиӧд	-8.263004
тэчысь	-8.263004
босьтысь	-8.263004
таиландын	-8.263004
кардор	-8.263004
канадаын	-8.263004
италияын	-8.263004
мъянмаын	-8.263004
непалын	-8.263004
мукӧддырйи	-8.263004
провинцияясын	-8.263004
ворсӧмъяс	-8.263004
ичӧт	-8.263004
вӧньлӧн	-8.263004
ларын	-8.3583145
чери	-8.3583145
шуйга	-8.3583145
мирт	-8.3583145
подокарп	-8.3583145
визин	-8.3583145
зыряна	-8.3583145
рочму	-8.3583145
йылысь	-8.3583145
лыдпас	-8.3583145
комимуын	-8.3583145
воӧ	-8.3583145
квайтӧд	-8.3583145
кыкӧд	-8.3583145
ӧкмысдас	-8.3583145
африкаса	-8.3583145
иранын	-8.3583145
наукаяс	-8.3583145
гашкӧ	-8.3583145
пиысь	-8.3583145
крайын	-8.3583145
тӧвся	-8.3583145
россияын	-8.3583145
поёл	-8.3583145
аслыссикас	-8.3583145
олӧ	-8.3583145
корольув	-8.4636755
котырлӧн	-8.4636755
войвылын	-8.4636755
дорын	-8.4636755
гожся	-8.4636755
сьӧд	-8.4636755
ыджда	-8.4636755
ставмирса	-8.4636755
турцияын	-8.4636755
сьыланкыв	-8.4636755
мифологияын	-8.4636755
вӧчысь	-8.4636755
гӧрд	-8.4636755
сизимӧд	-8.4636755
вотӧс	-8.4636755
серпасалысь	-8.4636755
важся	-8.4636755
котырö	-8.4636755
жанръяс	-8.4636755
пасйӧны	-8.4636755
зеландияын	-8.4636755
азербайджанын	-8.4636755
лӧсьӧдантор	-8.4636755
удж	-8.581458
океанын	-8.581458
акант	-8.581458
маддяр	-8.581458
мӧд	-8.581458
оласног	-8.581458
зэв	-8.581458
ӧксыув	-8.581458
ӧтувтчӧм	-8.581458
украинаын	-8.581458
оланін	-8.581458
европаса	-8.581458
эстонияса	-8.581458
кӧкъямысӧд	-8.581458
ӧкмысӧд	-8.581458
сиктын	-8.581458
сыктывкарын	-8.581458
кӧдж	-8.581458
челядьлы	-8.581458
вöрса	-8.581458
православнöй	-8.581458
кывъяслань	-8.581458
бутанын	-8.581458
пӧвстын	-8.581458
войтырлысь	-8.581458
общественнӧй	-8.581458
лаосын	-8.581458
германияын	-8.581458
итальянлань	-8.581458
афганистанын	-8.581458
корсюрӧ	-8.581458
кадся	-8.581458
чуклӧм	-8.581458
тимушев	-8.581458
путшкымдін	-8.581458
кодь	-8.581458
вӧвлытӧмтор	-8.581458
шуӧмӧн	-8.581458
уджвывса	-8.581458
адыг	-8.71499
видз	-8.71499
дыш	-8.71499
улын	-8.71499
водь	-8.71499
вепс	-8.71499
эллин	-8.71499
самодий	-8.71499
дравид	-8.71499
микол	-8.71499
рочев	-8.71499
социалистическӧй	-8.71499
гӧгӧр	-8.71499
ӧльӧксан	-8.71499
украинаса	-8.71499
кодлӧн	-8.71499
вӧгул	-8.71499
тöвся	-8.71499
пуктытӧм	-8.71499
пыдна	-8.71499
нэм	-8.71499
коръя	-8.71499
пожӧм	-8.71499
небӧг	-8.71499
шуӧны	-8.71499
вежонын	-8.71499
коймӧд	-8.71499
кӧкъямысдас	-8.71499
квайтымын	-8.71499
ладорын	-8.71499
премиа	-8.71499
пырӧны	-8.71499
пырӧ	-8.71499
лыдӧ	-8.71499
рöштво	-8.71499
чилиын	-8.71499
мексикаын	-8.71499
каледонияын	-8.71499
артмӧдӧма	-8.71499
империяын	-8.71499
франсузкӧд	-8.71499
кывйӧн	-8.71499
котралысь	-8.71499
кулӧмдін	-8.71499
куньыб	-8.71499
сёрӧнджык	-8.71499
сӧвет	-8.71499
варыш	-8.71499
ортсы	-8.71499
лыдпаса	-8.71499
эжва	-8.869141
палеоазия	-8.869141
ёгор	-8.869141
рӧма	-8.869141
лӧн	-8.869141
промышленнӧй	-8.869141
котырын	-8.869141
асшӧр	-8.869141
йöгра	-8.869141
кыдзи	-8.869141
кадӧ	-8.869141
керӧс	-8.869141
кывъяслӧн	-8.869141
сёрнитӧ	-8.869141
матӧ	-8.869141
вужвойтыр	-8.869141
мувеж	-8.869141
кодi	-8.869141
бӧрын	-8.869141
франсуз	-8.869141
швейцарияын	-8.869141
кӧрт	-8.869141
зырянъясын	-8.869141
ваын	-8.869141
филиппинъяс	-8.869141
волӧн	-8.869141
ветымын	-8.869141
нелямын	-8.869141
сыктывкарса	-8.869141
йöзкостса	-8.869141
неыджыд	-8.869141
кытчӧ	-8.869141
грузияын	-8.869141
индонезияын	-8.869141
малайзияын	-8.869141
веськӧдлысь	-8.869141
совчужысь	-8.869141
кетелеерия	-8.869141
классса	-8.869141
кывлань	-8.869141
кадай	-8.869141
эраӧдз	-8.869141
асывввыв	-8.869141
збыль	-8.869141
иероглифъясӧн	-8.869141
спортса	-8.869141
нигерияын	-8.869141
