the	-8.3319235
of	-7.376412
a	-8.149602
de	-7.6387763
republic	-6.7224855
dah	-4.423908
june	-8.3319235
tó	-5.377013
s	-7.86192
di	-5.863824
al	-7.6387763
da	-5.637296
b	-5.7517066
bá	-7.543466
dictionary	-8.3319235
m	-7.6387763
san	-8.149602
table	-6.8968387
element	-6.945629
chemical	-6.8968387
roman	-7.86192
european	-7.995451
code	-8.3319235
periodic	-6.945629
yee	-7.376412
gi	-5.1538696
indo	-8.149602
w	-5.7218537
navajo	-8.3319235
tin	-7.995451
prunus	-8.3319235
kin	-5.2874007
inch	-6.996922
bee	-6.303775
languages	-7.995451
doo	-6.134699
ndi	-7.0509896
gad	-7.1687727
baa	-7.744137
saad	-6.2777996
revised	-8.3319235
atah	-5.231831
sii	-7.995451
sido	-7.995451
diné	-5.847017
tsé	-6.134699
presidential	-8.3319235
yaa	-7.1687727
éí	-2.1770651
dóó	-3.9473999
bikéyah	-4.003825
ndaʼałkaahí	-4.07773
áádóó	-4.195158
bikáaʼgi	-4.3030066
kéyah	-4.3541126
dayózhí	-4.5208263
deiłníigo	-4.525261
wolyé	-4.599027
hólǫ	-4.613485
siʼánígíí	-4.6183515
díí	-4.7823057
bikéyahdi	-4.8114624
hahoodzo	-4.835416
átʼé	-4.847611
bikáaʼdi	-4.8661876
naabeehó	-4.878766
ooʼhoolyé	-4.9044085
sikaad	-4.9174805
bił	-4.985534
naakaii	-4.985534
tʼéiyá	-5.0360866
náhookǫsjí	-5.0585594
yootó	-5.097174
hazʼą	-5.1130476
biyiʼdi	-5.1210794
dineʼé	-5.1291766
ahoolyé	-5.13734
siʼą	-5.13734
bikʼehgo	-5.1455708
ałʼąą	-5.2051625
shádiʼááhjí	-5.2500134
hahoodzodi	-5.25923
chʼil	-5.2685323
tʼáá	-5.306632
ałdóʼ	-5.306632
béésh	-5.356394
hoozdoh	-5.36665
nahasdzáán	-5.419573
łizhiní	-5.487014
dahólǫ	-5.49871
dził	-5.5346417
eʼeʼaahjí	-5.546912
siniil	-5.5719132
daolyé	-5.5846524
łeh	-5.623873
yisdzoh	-5.692866
doodaiiʼ	-5.707255
ádaatʼé	-5.707255
ńtʼęęʼ	-5.8142266
bilagáana	-5.8983097
ndaʼałkaahíkʼehjí	-5.8983097
bizaadjí	-5.9710693
chʼosh	-6.009536
áadi	-6.0293384
bizaad	-6.049541
wolyéego	-6.049541
tʼóó	-6.049541
tsin	-6.0701604
azeeʼ	-6.11272
bichʼahnii	-6.134699
tłʼoh	-6.134699
áłʼąą	-6.134699
hahóólįįd	-6.1571717
hoolyéedi	-6.180161
naaltsoos	-6.180161
bizaadjígo	-6.227789
átʼéego	-6.2777996
haʼaʼaahjí	-6.2777996
tónteel	-6.303775
daasdzoh	-6.303775
siʼąą	-6.3304434
dííshjįįgóó	-6.3578424
nahatʼeʼiitsoh	-6.3578424
jiní	-6.4756255
yeedaʼhótʼąąʼ	-6.4756255
dibé	-6.507374
ahayóí	-6.507374
góneʼ	-6.540164
hastiin	-6.6091566
dootłʼizhí	-6.6091566
yęędąąʼ	-6.6091566
oolyé	-6.6091566
shįį	-6.6091566
áníłtso	-6.6091566
adéesʼeez	-6.6091566
biłhazʼąą	-6.6091566
náhookǫs	-6.6091566
wolyéhígíí	-6.6455245
hakʼaz	-6.6455245
biʼééʼ	-6.6455245
łichííʼí	-6.6455245
tsídii	-6.6455245
binááʼádaałtsʼózíidi	-6.6455245
daatsʼí	-6.6455245
ásáí	-6.6832647
tʼááłáhági	-6.6832647
yázhí	-6.6832647
bitłʼáahdi	-6.7224855
yiisdzoh	-6.850319
naaldlooshii	-6.8968387
áshįįh	-6.8968387
hoolyéhígíí	-6.8968387
dinéʼiʼ	-6.8968387
shádiʼááh	-6.945629
łaʼ	-6.945629
naaná	-6.945629
ákwíí	-6.945629
łóóʼ	-6.945629
naakáí	-6.996922
bineestʼąʼ	-6.996922
námboo	-6.996922
yikahjí	-6.996922
éiyá	-6.996922
mąʼii	-7.0509896
bílaʼashdlaʼí	-7.0509896
bitsįʼ	-7.0509896
hóółtseiigi	-7.0509896
táłtłʼááh	-7.108148
binááʼádaałtsʼózí	-7.108148
deesdoigi	-7.108148
tsintahgi	-7.108148
shádiʼááhjígo	-7.1687727
biiʼtó	-7.1687727
yishtłizhii	-7.1687727
adeisʼeez	-7.1687727
wónaanídęęʼ	-7.1687727
dahólǫǫgi	-7.1687727
biiʼ	-7.233311
bikéyahdęęʼ	-7.233311
bitsʼąądęęʼ	-7.233311
yistinígíí	-7.233311
łigaii	-7.233311
mágí	-7.233311
biyiʼ	-7.302304
nááná	-7.302304
deeteel	-7.302304
łichííʼ	-7.302304
yiltʼąąʼí	-7.302304
bijáád	-7.302304
dabikéyahdi	-7.302304
náhookǫsjígo	-7.302304
bízhiʼ	-7.302304
bitʼąąʼ	-7.302304
dziłghąʼí	-7.302304
hosh	-7.376412
beʼekʼid	-7.376412
méhigo	-7.376412
néélʼįįhgo	-7.376412
dahólónígíí	-7.376412
tábąąhgi	-7.376412
dayikahjįʼ	-7.376412
bizaʼazis	-7.376412
bibąąhgi	-7.376412
halgaiigi	-7.376412
ádaatʼéego	-7.4564548
wolyéígíí	-7.4564548
ooljééʼ	-7.4564548
tsiiʼyiishbizhí	-7.4564548
biwááshindoon	-7.4564548
chidí	-7.4564548
naaki	-7.4564548
akwii	-7.4564548
dahólóníjiʼ	-7.4564548
bįįh	-7.4564548
tábąąh	-7.4564548
jádí	-7.4564548
jeeshóóʼ	-7.4564548
łibáhígíí	-7.4564548
nitsaa	-7.543466
chʼóshgai	-7.543466
biyihah	-7.543466
naashtʼézhí	-7.543466
naaʼeeł	-7.543466
nitʼęęh	-7.543466
bisóodi	-7.543466
ałkʼidąąʼ	-7.543466
hazhóʼó	-7.543466
biyaʼ	-7.543466
indoníízha	-7.543466
ayání	-7.543466
dįįʼ	-7.543466
hólǫǫ	-7.543466
neeznádiingo	-7.543466
dziłíjiin	-7.6387763
naʼashǫʼii	-7.6387763
ałhidadiidzooígíí	-7.6387763
tsinsitą	-7.6387763
saadígíí	-7.6387763
bidił	-7.6387763
tááʼ	-7.6387763
beʼałníiʼgi	-7.6387763
naatʼaʼí	-7.6387763
dooleeł	-7.6387763
aniiłtso	-7.6387763
naaznilígíí	-7.6387763
naakai	-7.6387763
nóódaʼí	-7.6387763
dootłʼizhii	-7.6387763
honeezílígi	-7.6387763
bilagáanakʼehjí	-7.6387763
łikizhígíí	-7.6387763
naʼastsʼǫǫsí	-7.6387763
níłchʼi	-7.6387763
áko	-7.6387763
shįįgo	-7.6387763
bichʼosh	-7.6387763
shash	-7.744137
halneʼ	-7.744137
táłkááʼ	-7.744137
deiłní	-7.744137
oolyéʼ	-7.744137
daadánígíí	-7.744137
dikʼąągo	-7.744137
hiná	-7.744137
ntsxaaígíí	-7.744137
ndaazkaad	-7.744137
parliamentary	-7.86192
ádin	-7.86192
sinil	-7.86192
hooghan	-7.86192
náánáłaʼ	-7.86192
tsoodził	-7.86192
naakigo	-7.86192
shijaaʼígíí	-7.86192
azhí	-7.86192
kiisʼáanii	-7.86192
tsétah	-7.86192
dawolyé	-7.86192
bideeʼ	-7.86192
dabikéyah	-7.86192
chʼoshtsoh	-7.86192
chʼééh	-7.86192
séí	-7.86192
tiníléítsoh	-7.86192
tłʼiish	-7.86192
dootłʼizhígíí	-7.86192
hólóní	-7.86192
chʼał	-7.86192
kʼaalógii	-7.86192
deigo	-7.86192
tééh	-7.86192
dahyikahjįʼ	-7.86192
ditłʼooí	-7.86192
tsédeeshzha	-7.86192
wááshindoon	-7.995451
bééshbichʼahii	-7.995451
ndahalinígíí	-7.995451
bikááʼ	-7.995451
tʼiis	-7.995451
hadahóólįįd	-7.995451
médíwííyin	-7.995451
wolyéé	-7.995451
biʼiil	-7.995451
gwíík	-7.995451
bitseeʼ	-7.995451
digháhii	-7.995451
noodǫzígíí	-7.995451
tsisteeł	-7.995451
ałchiní	-7.995451
łeeyiʼ	-7.995451
ádaadin	-7.995451
téiyá	-7.995451
tsékʼi	-7.995451
ádaadinígíí	-7.995451
bichʼil	-7.995451
dootłʼizh	-7.995451
dziłgi	-7.995451
nátʼoh	-7.995451
tádídíín	-7.995451
bighan	-8.149602
deezʼáhí	-8.149602
ńdíshchííʼ	-8.149602
yádaałtiʼ	-8.149602
bílaʼashdlaʼii	-8.149602
haʼaʼaahjígo	-8.149602
siʼááh	-8.149602
siʼąąh	-8.149602
dáághahii	-8.149602
łáʼ	-8.149602
béégashii	-8.149602
dabighan	-8.149602
sídii	-8.149602
naayééʼ	-8.149602
tsékooh	-8.149602
naalʼeełítsoh	-8.149602
yéigo	-8.149602
tótaʼ	-8.149602
anaashashi	-8.149602
beehai	-8.149602
deeshgiizhnii	-8.149602
bizaadjiʼ	-8.149602
shįįh	-8.149602
łichíiʼii	-8.149602
yaʼnaaʼááh	-8.149602
hashkʼaan	-8.149602
óolyé	-8.149602
bináhaazyį	-8.149602
chʼah	-8.149602
néélʼįįhgoʼ	-8.149602
naashchʼąą	-8.149602
naadąąʼ	-8.149602
bitsʼaʼígíí	-8.149602
dahiná	-8.149602
łitsxooí	-8.149602
dįįʼii	-8.149602
dayózhi	-8.149602
deiyání	-8.149602
tónteelgi	-8.149602
łéʼétsoh	-8.149602
nahalinígíí	-8.149602
hazʼąą	-8.149602
ałkééʼ	-8.149602
ayóo	-8.149602
atsá	-8.149602
bitʼaʼ	-8.149602
yitʼíinii	-8.149602
bineelʼąąhgo	-8.149602
yaʼííʼáa	-8.149602
ndzisgaii	-8.3319235
jí	-8.3319235
talkers	-8.3319235
hayázhí	-8.3319235
diyin	-8.3319235
bitaʼ	-8.3319235
bilagáanakʼehjígo	-8.3319235
dabizaad	-8.3319235
kéédahatʼínígíí	-8.3319235
kéédahatʼį	-8.3319235
bichʼahii	-8.3319235
yiisdzo	-8.3319235
sǫʼ	-8.3319235
biyiidiʼ	-8.3319235
ashdlaʼ	-8.3319235
ályaa	-8.3319235
tłʼízí	-8.3319235
mósí	-8.3319235
bineelʼąąhgoʼ	-8.3319235
deigoʼ	-8.3319235
naalʼeełí	-8.3319235
naashchʼąąʼ	-8.3319235
daʼahijoogąąʼ	-8.3319235
bisiláołtsooí	-8.3319235
kédaʼhatʼįʼ	-8.3319235
gáagii	-8.3319235
tʼéigo	-8.3319235
chʼiyáán	-8.3319235
táaʼgo	-8.3319235
łééh	-8.3319235
diníí	-8.3319235
dzidzétsoh	-8.3319235
nilįįhgoʼ	-8.3319235
ałʼááh	-8.3319235
ałtsé	-8.3319235
łizhinii	-8.3319235
tʼóok	-8.3319235
diʼilii	-8.3319235
disxǫs	-8.3319235
ííʼáhí	-8.3319235
yikahjiʼ	-8.3319235
bíchįįh	-8.3319235
