the	-6.145717
of	-6.145717
ku	-2.8498805
in	-6.705333
and	-6.9930153
a	-4.7957907
kwa	-4.9561334
de	-6.4821897
korea	-6.9930153
la	-2.4640062
south	-5.6937323
is	-6.9930153
africa	-5.319039
john	-6.9930153
network	-6.9930153
china	-5.526678
republic	-6.4821897
wa	-3.355429
nigeria	-6.9930153
asia	-6.4821897
india	-6.145717
states	-5.2584143
united	-5.0958953
iye	-6.705333
japan	-6.299868
mu	-5.2584143
congo	-6.299868
democratic	-6.4821897
m	-5.319039
america	-6.9930153
mozambique	-6.299868
brazil	-5.606721
germany	-6.9930153
ma	-6.9930153
iwo	-6.705333
ya	-5.319039
malawi	-5.047105
pa	-5.0958953
vietnam	-6.9930153
canada	-6.9930153
rio	-6.9930153
são	-6.705333
lake	-6.9930153
za	-5.7890425
malo	-6.9930153
chi	-5.894403
cha	-4.9135737
zambia	-6.4821897
heidelberg	-6.9930153
croatia	-6.9930153
ball	-6.9930153
tree	-6.9930153
turkey	-6.9930153
spain	-6.705333
banda	-6.145717
russia	-6.4821897
hastings	-6.9930153
ndi	-2.3422344
dzina	-6.299868
yili	-6.705333
chili	-6.9930153
poland	-6.4821897
uli	-6.705333
mpaka	-6.012186
lina	-3.964493
nyanja	-6.705333
boma	-3.9327443
ndipo	-5.7890425
ena	-6.9930153
koma	-6.9930153
kuti	-5.6937323
chaka	-6.9930153
dziko	-2.7540894
lilongwe	-6.705333
anali	-5.6937323
europu	-6.4821897
kamuzu	-6.705333
mzinda	-3.4002795
mtsinje	-3.7096007
malaŵi	-3.8721197
anthu	-5.2584143
lomwe	-5.319039
amene	-5.526678
mtsogoleri	-5.7890425
kuyambira	-6.012186
dzikoli	-6.012186
limapezeka	-6.012186
omwe	-6.145717
ndale	-6.299868
chipanichi	-6.299868
yomwe	-6.299868
chigawo	-6.299868
chipani	-6.4821897
chilankhulo	-6.4821897
kwambiri	-6.4821897
kapena	-6.705333
mpoto	-6.705333
ambiri	-6.705333
tauni	-6.705333
mphamvu	-6.705333
komanso	-6.705333
kumpoto	-6.705333
zomera	-6.705333
dzilo	-6.705333
