i	-7.974074
the	-7.367938
of	-6.0046334
e	-6.028164
c	-8.156396
in	-7.686392
and	-7.8199234
a	-5.7585
ama	-8.3795395
de	-7.8199234
u	-4.102873
ka	-6.721311
is	-7.8199234
national	-8.3795395
el	-8.156396
international	-8.3795395
or	-8.3795395
ni	-6.5077367
ti	-6.0522614
to	-8.156396
wa	-7.974074
kan	-3.472414
n	-7.200884
s	-8.3795395
ii	-8.3795395
fi	-3.6152306
al	-8.156396
states	-7.974074
united	-7.974074
ba	-7.4632483
an	-6.93262
tun	-8.3795395
un	-8.3795395
group	-8.3795395
america	-8.3795395
brazil	-8.156396
football	-8.156396
kenya	-8.156396
first	-8.3795395
yoo	-3.9975123
abo	-7.686392
ta	-3.8469396
earth	-8.3795395
ya	-8.3795395
biology	-8.3795395
nama	-6.3000975
bu	-6.770101
ji	-6.770101
ga	-7.686392
waa	-7.4632483
du	-7.4632483
ja	-8.3795395
km²	-8.156396
km	-8.3795395
adda	-6.1823144
planet	-8.156396
lama	-7.126776
aa	-6.3985376
ada	-8.3795395
association	-8.156396
stad	-8.3795395
aan	-8.3795395
war	-8.3795395
ho	-8.156396
usa	-8.3795395
light	-8.3795395
anno	-8.156396
een	-7.8199234
dr	-8.3795395
dura	-7.5686088
class	-8.156396
kana	-6.1022716
ina	-8.3795395
ee	-5.740482
wave	-8.3795395
too	-8.156396
milla	-8.3795395
saba	-7.5686088
isa	-6.364636
sana	-8.156396
hin	-6.028164
oo	-7.686392
uu	-6.5877795
ol	-7.686392
kuni	-5.9816437
kun	-5.622699
qo	-7.2809267
sab	-7.8199234
ani	-7.8199234
basketball	-8.3795395
amino	-8.156396
kaan	-7.8199234
baha	-6.5877795
planeta	-8.156396
ishii	-8.3795395
bara	-5.688296
mana	-7.686392
gara	-6.028164
ture	-6.331846
laga	-6.630339
fulla	-8.3795395
fluid	-8.156396
rays	-8.3795395
wal	-7.4632483
wagga	-8.3795395
dha	-4.8679934
jira	-7.126776
karaa	-5.2999253
waan	-6.433629
baay	-7.5686088
magaala	-6.93262
dheeraa	-7.686392
aanan	-6.674791
jecha	-6.721311
godina	-5.1408606
birra	-8.3795395
genetic	-8.3795395
electromagnetic	-8.156396
inni	-6.630339
akka	-5.359114
tissue	-8.156396
haa	-7.686392
biyya	-4.4625287
keessa	-4.4928336
keessatti	-4.5293913
tokko	-4.5953493
keessaa	-4.8029885
oromoo	-4.8313594
naannoo	-4.953649
jirtu	-5.0384455
oromiyaa	-5.277197
itoophiyaa	-5.323182
argama	-5.3350167
argamtu	-5.3838067
abbaa	-5.4351
afrikaa	-5.448345
aanaa	-5.531727
magaalaa	-5.5463257
immo	-5.638699
yeroo	-5.671489
kessa	-5.740482
argamu	-5.740482
afaan	-5.7585
kessatti	-5.7768493
bahaatti	-5.7768493
kibba	-5.8145895
yuurooppi	-5.8340077
eshiyaa	-5.874013
dhihaa	-5.8946323
maqaa	-5.8946323
kunis	-5.9156857
irra	-5.937192
bahaa	-5.9816437
irratti	-5.9816437
jedhamu	-5.9816437
odolaarraa	-6.0046334
hundoofte	-6.0046334
danda	-6.028164
shawaa	-6.028164
walitti	-6.028164
isaa	-6.0522614
qaba	-6.076954
ykn	-6.076954
ameerikaa	-6.1022716
kibbaa	-6.1022716
yokan	-6.1549153
mirga	-6.1549153
taatu	-6.1549153
kaaba	-6.1823144
aanolee	-6.1823144
baayyee	-6.2693257
irraa	-6.3000975
ummata	-6.331846
aadaa	-6.331846
mootummaa	-6.331846
itti	-6.364636
kaabaa	-6.364636
qabu	-6.3985376
aanaan	-6.3985376
guddaa	-6.433629
nafsoobaalchaa	-6.433629
yuunivarsiitiin	-6.433629
yuunivarsiitota	-6.433629
garba	-6.4699965
gosa	-6.5077367
qabsaawaa	-6.5077367
hanga	-6.5469575
gossa	-6.5877795
arsii	-6.5877795
argamti	-6.5877795
qorannoo	-6.5877795
ittiin	-6.5877795
ofii	-6.630339
akkasumas	-6.630339
beekkama	-6.630339
lafa	-6.674791
lixaa	-6.674791
bakka	-6.721311
addunyaa	-6.721311
bayye	-6.721311
jedhama	-6.721311
saayinsii	-6.721311
weellisaa	-6.721311
sirna	-6.770101
ishee	-6.770101
booranaa	-6.8213944
wajjin	-6.8213944
jiraatu	-6.8213944
guddoo	-6.8213944
jiru	-6.8754616
giriik	-6.8754616
sadarkaa	-6.8754616
maqaan	-6.8754616
hunda	-6.93262
wallagga	-6.93262
bishaan	-6.93262
biraa	-6.93262
herregaa	-6.93262
oromooti	-6.93262
durii	-6.9932446
giddu	-6.9932446
damee	-6.9932446
warra	-7.057783
addaa	-7.057783
lammii	-7.057783
seenaa	-7.057783
amma	-7.126776
kanaa	-7.126776
bahaan	-7.126776
hundaa	-7.126776
kutaa	-7.126776
beekkamaa	-7.126776
qabata	-7.126776
jedhamuun	-7.126776
yerro	-7.200884
lubbu	-7.200884
jiran	-7.200884
argaman	-7.200884
yaa	-7.200884
kunii	-7.200884
ardii	-7.200884
dhufe	-7.200884
dhiha	-7.200884
jalatti	-7.200884
waliin	-7.200884
haala	-7.200884
mootummaan	-7.200884
namaa	-7.2809267
caala	-7.2809267
immoo	-7.2809267
jimmaa	-7.2809267
amantii	-7.2809267
galeessaa	-7.2809267
isaan	-7.367938
gadaa	-7.367938
jaarraa	-7.367938
kibbaan	-7.367938
lafaa	-7.367938
beekkamu	-7.367938
jedhamee	-7.367938
namoota	-7.367938
amaaraa	-7.367938
ammaa	-7.367938
tiyoorii	-7.367938
kutta	-7.4632483
wallaggaa	-7.4632483
afrikaatti	-7.4632483
garuu	-7.4632483
dhihaan	-7.4632483
dhiigaa	-7.4632483
bulchiinsa	-7.4632483
pirootiinii	-7.4632483
biyyaa	-7.4632483
meetira	-7.4632483
baalee	-7.4632483
magaalaan	-7.4632483
atileetii	-7.4632483
fiigicha	-7.4632483
booda	-7.4632483
daangeffamee	-7.4632483
guutuu	-7.4632483
ummanni	-7.4632483
isaanii	-7.4632483
gujii	-7.4632483
ammoo	-7.4632483
finfinnee	-7.5686088
garbi	-7.5686088
ebla	-7.5686088
seena	-7.5686088
qaban	-7.5686088
turte	-7.5686088
qabame	-7.5686088
jedhame	-7.5686088
waraana	-7.5686088
dhufee	-7.5686088
qaama	-7.5686088
fiizisistii	-7.5686088
jarmanii	-7.5686088
dhihaatti	-7.5686088
qabsoo	-7.5686088
sabboonaa	-7.5686088
iddoo	-7.5686088
wantoota	-7.5686088
odoloota	-7.5686088
hawaasaa	-7.5686088
baayyinaan	-7.5686088
baayoloojii	-7.5686088
humna	-7.686392
uun	-7.686392
lamaan	-7.686392
meeshaa	-7.686392
jechuun	-7.686392
laatinii	-7.686392
kaaban	-7.686392
garee	-7.686392
rippabiliika	-7.686392
gaanfa	-7.686392
hojii	-7.686392
miliyoona	-7.686392
nannoo	-7.686392
oromoon	-7.686392
uummamte	-7.686392
hagayya	-7.686392
gidduutti	-7.686392
jireenyaa	-7.686392
erga	-7.8199234
jala	-7.8199234
kubba	-7.8199234
ballina	-7.8199234
warraaqsa	-7.8199234
qarsaa	-7.8199234
tokkoo	-7.8199234
kaabaan	-7.8199234
indiyaa	-7.8199234
isaani	-7.8199234
kuniin	-7.8199234
dhaloota	-7.8199234
dhalate	-7.8199234
faayidaa	-7.8199234
fesashi	-7.8199234
qabdi	-7.8199234
sanyii	-7.8199234
biratti	-7.8199234
guddoon	-7.8199234
duraan	-7.8199234
godinni	-7.8199234
weellistuu	-7.8199234
onkoloolessa	-7.8199234
waraanaa	-7.8199234
firaansi	-7.8199234
guduruu	-7.8199234
mootummoota	-7.8199234
affaar	-7.8199234
sarkiyuutii	-7.8199234
nafa	-7.974074
jiddu	-7.974074
harargee	-7.974074
lagni	-7.974074
dhaabbata	-7.974074
sabaa	-7.974074
olii	-7.974074
adaamaa	-7.974074
dibaabaa	-7.974074
odola	-7.974074
qarqara	-7.974074
godinaalee	-7.974074
jalqabe	-7.974074
godhu	-7.974074
sababa	-7.974074
karibiyaanii	-7.974074
qoqqodama	-7.974074
jalqaba	-7.974074
jedhu	-7.974074
aanaalee	-7.974074
jedhamti	-7.974074
galaana	-7.974074
dirre	-7.974074
iluu	-7.974074
amboo	-7.974074
tigraay	-7.974074
hedduu	-7.974074
umurii	-7.974074
garbaa	-7.974074
dhibee	-7.974074
haroo	-7.974074
kaasee	-7.974074
afaanii	-7.974074
jireenya	-7.974074
horroo	-7.974074
tarminaalii	-7.974074
dabarsuu	-7.974074
oomeetirii	-7.974074
gurraandhala	-7.974074
afrikaan	-8.156396
anaa	-8.156396
harka	-8.156396
dabra	-8.156396
kanas	-8.156396
gudda	-8.156396
bilisummaa	-8.156396
iin	-8.156396
mudde	-8.156396
waaqa	-8.156396
uura	-8.156396
ilmaan	-8.156396
malee	-8.156396
kudha	-8.156396
dhigaa	-8.156396
arabaa	-8.156396
haadha	-8.156396
guddinaan	-8.156396
guddittii	-8.156396
fayyadama	-8.156396
dhalatte	-8.156396
guddina	-8.156396
addaan	-8.156396
akkatta	-8.156396
mirgaa	-8.156396
burqaa	-8.156396
yunaayitid	-8.156396
qabama	-8.156396
kanatti	-8.156396
qabamu	-8.156396
ademsaa	-8.156396
adeemsa	-8.156396
keemikaalaa	-8.156396
atamii	-8.156396
mallattoo	-8.156396
sadarka	-8.156396
organizimotta	-8.156396
waliigalaa	-8.156396
bitootessa	-8.156396
sadaasa	-8.156396
isaatini	-8.156396
beekkamti	-8.156396
walisoo	-8.156396
baqqalaa	-8.156396
oromootif	-8.156396
meettaa	-8.156396
jedhamutti	-8.156396
olompiikii	-8.156396
guyyaa	-8.156396
fulbaana	-8.156396
barnootaa	-8.156396
macaafa	-8.156396
kibbaatti	-8.156396
poolaandi	-8.156396
argamus	-8.156396
mootii	-8.156396
uummata	-8.156396
bulchiinsaa	-8.156396
qabduu	-8.156396
waggaa	-8.156396
barreessaa	-8.156396
magalaa	-8.156396
barsiisaa	-8.156396
koloneel	-8.156396
jalqabaa	-8.156396
meeshaalee	-8.156396
nyaata	-8.156396
aartii	-8.156396
ogummaa	-8.156396
beekumsa	-8.156396
falaasamaa	-8.156396
qorachuu	-8.156396
uuraa	-8.156396
mahaammad	-8.156396
wantootaa	-8.156396
taaksonoomii	-8.156396
fiiziksii	-8.156396
elektirkii	-8.156396
semiikondaakterii	-8.156396
elektirikii	-8.156396
hojiinsaas	-8.156396
kompitaraa	-8.156396
liyonaardoo	-8.156396
gurrandhala	-8.156396
fincila	-8.156396
kitaaba	-8.156396
hogganaa	-8.156396
shaallaa	-8.156396
baallii	-8.156396
malle	-8.3795395
chocho	-8.3795395
jalla	-8.3795395
sirba	-8.3795395
madda	-8.3795395
ibsa	-8.3795395
kalee	-8.3795395
ifaa	-8.3795395
obbo	-8.3795395
jabba	-8.3795395
bulee	-8.3795395
takka	-8.3795395
namni	-8.3795395
tapha	-8.3795395
ballini	-8.3795395
aana	-8.3795395
gargari	-8.3795395
sudaan	-8.3795395
rakko	-8.3795395
bayee	-8.3795395
jirru	-8.3795395
waloo	-8.3795395
gindabarat	-8.3795395
qubee	-8.3795395
salgan	-8.3795395
argame	-8.3795395
haaraa	-8.3795395
garaa	-8.3795395
anaan	-8.3795395
jechuu	-8.3795395
dubbatama	-8.3795395
lammaffaa	-8.3795395
argamtuu	-8.3795395
ummatta	-8.3795395
bayyinan	-8.3795395
bekkamu	-8.3795395
sadii	-8.3795395
jiruu	-8.3795395
kessaa	-8.3795395
bulchaa	-8.3795395
bayyee	-8.3795395
odolaa	-8.3795395
jiddutti	-8.3795395
jirenya	-8.3795395
dhangala	-8.3795395
raashiyaa	-8.3795395
barnoota	-8.3795395
saayinsiin	-8.3795395
jechu	-8.3795395
maqqa	-8.3795395
qilleensa	-8.3795395
qabuu	-8.3795395
qalamu	-8.3795395
jedhamun	-8.3795395
dhihoo	-8.3795395
gammadaa	-8.3795395
arsiitti	-8.3795395
aminoo	-8.3795395
asidii	-8.3795395
tokkotti	-8.3795395
isaas	-8.3795395
qabeeyyii	-8.3795395
ooksijiinii	-8.3795395
walaloo	-8.3795395
lachuu	-8.3795395
qamaa	-8.3795395
daangaa	-8.3795395
beekamu	-8.3795395
taate	-8.3795395
ibsuuf	-8.3795395
siyaasa	-8.3795395
argachuu	-8.3795395
argate	-8.3795395
magaalli	-8.3795395
