у	-2.9108765
в	-8.338027
з	-7.687439
та	-6.5888267
департамент	-9.436639
де	-8.257984
а	-7.564837
м	-6.931113
не	-8.425038
центр	-6.428484
район	-7.5270963
чи	-5.560243
с	-8.625709
англ	-7.9325614
д	-7.159372
р	-9.031174
км	-7.9325614
е	-9.436639
доктор	-8.743492
штат	-7.212015
сан	-8.338027
автор	-8.114883
педагог	-9.213495
нью	-8.625709
т	-9.436639
депутат	-8.425038
км²	-8.257984
композитор	-8.257984
музей	-9.436639
роман	-8.625709
комплекс	-9.436639
президент	-7.109361
б	-8.520349
клуб	-8.050344
артист	-7.827201
парк	-9.031174
лауреат	-8.425038
титул	-8.877023
журнал	-8.625709
проект	-8.743492
и	-7.827201
директор	-8.877023
сценарист	-9.436639
граф	-9.436639
аль	-7.778411
редактор	-9.031174
париж	-9.213495
скульптор	-9.031174
нато	-8.877023
театр	-9.031174
драматург	-8.520349
статус	-9.213495
карл	-9.436639
жанр	-9.436639
ф	-7.239414
код	-8.743492
фонд	-9.213495
край	-8.425038
роберт	-9.213495
юнеско	-9.031174
домен	-6.8156
порт	-8.338027
тур	-9.436639
ректор	-9.213495
тренер	-8.743492
да	-9.031174
губернатор	-9.436639
млн	-9.213495
бар	-9.436639
от	-9.436639
франц	-8.877023
предмет	-9.213495
проспект	-9.436639
хосе	-9.436639
онлайн	-9.213495
командир	-9.436639
владислав	-9.436639
хуан	-9.213495
ад	-8.338027
дон	-5.376196
ран	-8.520349
ам	-9.213495
ма	-7.159372
коста	-9.031174
александр	-8.520349
вулкан	-9.213495
синдром	-9.031174
газет	-7.421736
колони	-8.877023
алан	-8.877023
ас	-9.031174
лен	-7.98972
се	-8.338027
ком	-5.839327
руслан	-9.436639
бон	-7.9325614
хай	-6.404093
бор	-9.436639
хасан	-9.213495
владимир	-7.8784943
ном	-5.338136
фольклор	-8.743492
остан	-9.213495
фюльке	-7.827201
сау	-7.827201
сом	-9.213495
аз	-7.6448793
тау	-9.436639
перт	-9.436639
ким	-9.436639
урс	-8.338027
коми	-8.877023
серби	-9.213495
дун	-9.213495
юри	-8.520349
фарс	-9.436639
ус	-8.743492
уа	-9.213495
тимор	-9.436639
афон	-9.031174
болгари	-9.031174
институт	-9.213495
ди	-9.213495
каст	-9.213495
ома	-7.827201
районы	-5.1059055
осетия	-9.031174
театры	-9.031174
декабрь	-8.425038
дин	-8.050344
университеты	-9.436639
михаил	-9.436639
журналист	-7.98972
физик	-9.213495
бассейны	-9.031174
ир	-7.564837
президенты	-8.114883
диалекты	-9.213495
публицист	-8.520349
шамил	-9.031174
августы	-7.421736
премьер	-9.031174
профессор	-9.031174
фильм	-9.213495
комитеты	-9.031174
элемент	-8.338027
иран	-8.625709
электрон	-9.031174
сергей	-8.520349
интернет	-9.436639
институты	-8.625709
дмитрий	-9.031174
архипелаг	-9.436639
мин	-7.4556375
океаны	-8.425038
регион	-7.109361
университет	-8.743492
али	-9.436639
хи	-8.520349
диалект	-8.257984
игорь	-9.436639
фольклоры	-9.436639
ис	-4.7159104
мария	-9.436639
эдуард	-9.436639
режиссёр	-9.436639
вице	-8.877023
сын	-8.520349
объектив	-9.436639
этнограф	-9.031174
традицион	-8.338027
министр	-8.743492
ы	-6.2482224
дур	-8.520349
хос	-8.877023
англис	-9.213495
мард	-9.213495
турк	-8.625709
актёр	-9.031174
инструмент	-9.436639
ист	-9.213495
тринидад	-9.436639
был	-8.625709
поэт	-6.618241
историк	-8.520349
политик	-7.778411
чемпион	-8.425038
вариант	-8.183876
философ	-8.625709
дирижёр	-9.436639
аэропорт	-9.031174
израиль	-9.436639
революционер	-9.436639
кинорежиссёр	-9.213495
гимн	-9.213495
футболист	-7.8784943
осетии	-9.436639
алфавит	-8.877023
предметы	-9.436639
ног	-7.2675853
регионы	-8.338027
субъект	-7.3264256
центры	-8.877023
анастасия	-7.4556375
сахары	-7.490729
александры	-8.877023
сахар	-5.2895436
аллы	-9.436639
мурат	-9.436639
балканы	-8.338027
дзуар	-8.183876
факультеты	-9.436639
территори	-7.564837
йе	-7.687439
фос	-8.625709
рес	-9.031174
персы	-9.436639
компани	-8.050344
парти	-8.257984
ын	-8.050344
стыр	-6.086735
хоры	-9.213495
сослан	-9.031174
хатт	-7.827201
цы	-6.7285886
километры	-8.114883
черкес	-8.743492
ирыстоны	-4.013894
ирон	-4.1111927
цæгат	-4.2353835
сты	-4.391602
азы	-4.4326925
хуссар	-4.655417
мыггаг	-4.6575155
йæ	-4.693883
кæнæ	-4.7136855
иу	-5.089592
цæугæдон	-5.1359577
хохы	-5.376196
фырт	-5.480599
цъупп	-5.499923
уыцы	-5.5296283
райгуырдис	-5.6299763
ахæм	-5.6467834
комы	-5.6812696
уæрæсейы	-5.723067
уый	-5.7666874
паддзахад	-5.779508
сæйраг	-5.7859807
уыдис	-5.7924953
хъæу	-5.8257213
хох	-5.8461995
паддзахадон	-5.85312
фæрсагдон	-5.85312
дæр	-5.8956795
республикæ	-5.9176583
адæмы	-5.963121
сæ	-6.069343
хсæн	-6.069343
гуырдзыстоны	-6.1882043
адæм	-6.1979604
административон	-6.207813
алагиры	-6.258585
уыд	-6.2796383
фыццаг	-6.3231235
тыххæй	-6.3342967
аланийы	-6.368586
гæсгæ	-6.380282
дыгуронау	-6.3921165
ирыстон	-6.404093
доны	-6.479128
фылдæр	-6.505445
дзурынц	-6.5188684
кæны	-6.5188684
дзы	-6.546267
уæллаг	-6.5602536
цур	-6.574438
амардис	-6.574438
зындгонд	-6.6034255
адæймаджы	-6.6332784
кавказы	-6.648546
стырдæр	-6.6797986
тырсыгомы	-6.695799
бæрзæнд	-6.695799
цæрынц	-6.7285886
советон	-6.7453957
аиш	-6.7624903
европæйы	-6.779882
зайæгой	-6.779882
дзауы	-6.8156
азæй	-6.8156
кæй	-6.833949
уырыссаг	-6.833949
фыссæг	-6.8526416
кæнынц	-6.87169
цæдисы	-6.87169
хъæуы	-6.87169
дзæуджыхъæуы	-6.87169
цæуы	-6.8911076
кодта	-6.91091
архайæг	-6.91091
сгуыхт	-6.91091
къорд	-6.91091
историон	-6.91091
федерацийы	-6.91091
нарты	-6.931113
рагон	-6.931113
цæгаты	-6.931113
денджызы	-6.931113
дунейы	-6.951732
ираны	-6.9727855
африкæйы	-6.994292
адæмон	-6.994292
ныгуылæны	-7.0162706
бирæ	-7.0162706
кодтой	-7.0162706
ныгуылæн	-7.0162706
бындурон	-7.0162706
нæ	-7.0387435
кæм	-7.0387435
францы	-7.0387435
уыди	-7.0617332
скæсæны	-7.0617332
афтæ	-7.0852637
мартъийы	-7.0852637
нæлгоймаджы	-7.0852637
кæцы	-7.109361
куыд	-7.1340537
тæккæ	-7.1340537
сакъадах	-7.1340537
кæрдæг	-7.1340537
уыдон	-7.1340537
метры	-7.159372
ацы	-7.159372
июлы	-7.159372
облæст	-7.185347
уыдысты	-7.185347
чысыл	-7.185347
майы	-7.212015
нысан	-7.212015
зонад	-7.212015
зинæ	-7.212015
хуссары	-7.212015
америкæйы	-7.212015
куырттаты	-7.212015
кæмæн	-7.239414
нырыккон	-7.239414
нæмтты	-7.239414
мыггæгты	-7.239414
провинци	-7.2675853
номхыгъд	-7.2675853
йы	-7.2675853
облæсты	-7.2675853
закъон	-7.2675853
хицæн	-7.2965727
дыууæ	-7.2965727
бæстæ	-7.2965727
цхинвалы	-7.2965727
мыггагон	-7.2965727
арæныл	-7.2965727
декабры	-7.3264256
фурды	-7.3264256
нымæц	-7.3264256
политикон	-7.3264256
мадæлон	-7.3264256
социалон	-7.3264256
централон	-7.3264256
кадджын	-7.3264256
дзæуджыхъæу	-7.3571973
гуырдзиаг	-7.3571973
уæнг	-7.3571973
ввахс	-7.3571973
куы	-7.3571973
июны	-7.3571973
ноябры	-7.388946
райгуырд	-7.388946
бæстæйы	-7.388946
хауы	-7.388946
хæсты	-7.388946
хонынц	-7.388946
бынат	-7.388946
рагъ	-7.421736
топоними	-7.421736
фæлæ	-7.421736
италийы	-7.421736
фæстæ	-7.421736
сæрмагонд	-7.421736
рци	-7.421736
зайы	-7.421736
официалон	-7.4556375
денджыз	-7.4556375
чызг	-7.4556375
иууон	-7.4556375
онг	-7.490729
федералон	-7.490729
дзырдуат	-7.490729
апрелы	-7.490729
уæрæсейаг	-7.490729
вæййы	-7.490729
иуæй	-7.490729
хæрзиуæг	-7.490729
норвегийы	-7.490729
цъити	-7.5270963
хæстæг	-7.5270963
стæй	-7.5270963
азийы	-7.5270963
зылды	-7.5270963
февралы	-7.564837
иртасы	-7.564837
фæзуат	-7.564837
ввæхс	-7.564837
иуæг	-7.564837
паддзахады	-7.564837
нымад	-7.564837
урстуалты	-7.564837
терчы	-7.564837
дыгуры	-7.6040573
милуан	-7.6040573
азты	-7.6040573
мæскуыйы	-7.6040573
арæзт	-7.6040573
кадджыты	-7.6040573
кæнын	-7.6040573
турчы	-7.6040573
октябры	-7.6448793
январы	-7.6448793
кусæг	-7.6448793
ирайнаг	-7.6448793
сентябры	-7.6448793
цалдæр	-7.6448793
кæлы	-7.6448793
зайæгойы	-7.6448793
пайда	-7.687439
ыл	-7.687439
китайы	-7.687439
уæд	-7.687439
хуыз	-7.687439
лæууы	-7.687439
сахартæ	-7.687439
иумæйаг	-7.687439
дæргъ	-7.687439
рахиз	-7.687439
конд	-7.7318907
бæстæты	-7.7318907
францаг	-7.7318907
дзырд	-7.7318907
скæсæн	-7.7318907
цæры	-7.7318907
туалгомы	-7.7318907
сæрмæ	-7.7318907
йын	-7.778411
швецийы	-7.778411
бæрц	-7.778411
уæрæсе	-7.778411
сакъадæхтæ	-7.778411
республикæйы	-7.778411
бæрзонд	-7.778411
никарагуæйы	-7.778411
цъæйы	-7.778411
баст	-7.827201
карибы	-7.827201
уырыссагау	-7.827201
дыккаг	-7.827201
агъоммæ	-7.827201
мидæг	-7.827201
дæллаг	-7.827201
мæй	-7.827201
галиу	-7.827201
васо	-7.8784943
сабыр	-7.8784943
бæлас	-7.8784943
зæххы	-7.8784943
дыгурон	-7.8784943
грекъаг	-7.8784943
дзырдæй	-7.8784943
рæстæг	-7.8784943
уыдоны	-7.8784943
ахсы	-7.8784943
номыл	-7.8784943
индийы	-7.8784943
зонæдты	-7.8784943
нывгæнæг	-7.8784943
хайы	-7.8784943
хуызы	-7.8784943
футболон	-7.8784943
дыгургомы	-7.8784943
автономон	-7.9325614
кусы	-7.9325614
иугонд	-7.9325614
хъæууон	-7.9325614
хæст	-7.9325614
кæныны	-7.9325614
уымæй	-7.9325614
сæргълæууæг	-7.9325614
мыггаджы	-7.9325614
цад	-7.9325614
къабаз	-7.9325614
культурæйы	-7.9325614
дæргъмæ	-7.9325614
этимологион	-7.9325614
бындурæвæрд	-7.9325614
къæдзæх	-7.9325614
организаци	-7.98972
истори	-7.98972
дины	-7.98972
бындур	-7.98972
горæтгæроны	-7.98972
ленингоры	-7.98972
астæуккаг	-7.98972
британийы	-7.98972
пысылмон	-7.98972
сакъадахон	-7.98972
хуызæн	-7.98972
химион	-7.98972
латинаг	-7.98972
англисаг	-7.98972
цæрæг	-7.98972
мыггæгтæ	-7.98972
кæрдæджы	-7.98972
ныхасы	-7.98972
фæстæмæ	-7.98972
бардуаг	-7.98972
европæйаг	-8.050344
чырыстон	-8.050344
тюркаг	-8.050344
бердзенаг	-8.050344
цардысты	-8.050344
зарæггæнæг	-8.050344
атлантикон	-8.050344
уæлладжыры	-8.050344
уæлдæр	-8.050344
къорды	-8.050344
цъай	-8.050344
ручъы	-8.114883
зæгъгæ	-8.114883
хæххон	-8.114883
дæргъы	-8.114883
системæйы	-8.114883
уыдонæй	-8.114883
сæрдар	-8.114883
ныртæккæ	-8.114883
хуыйны	-8.114883
сконды	-8.114883
зонадон	-8.114883
кæс	-8.114883
националон	-8.114883
территорийыл	-8.114883
раздæры	-8.114883
нæмттæ	-8.114883
дæргъæвсы	-8.114883
урсдзуары	-8.114883
спорты	-8.183876
сси	-8.183876
авд	-8.183876
ирæттæ	-8.183876
сырх	-8.183876
сыгъдæг	-8.183876
фыст	-8.183876
иннæ	-8.183876
испанийы	-8.183876
хæрынæн	-8.183876
системæ	-8.183876
немыцаг	-8.183876
алыхуызон	-8.183876
фæстæдæр	-8.183876
иртасæг	-8.183876
цæрджыты	-8.183876
азербайджаны	-8.183876
сакъадæхты	-8.183876
венесуэлæйы	-8.183876
бæрæг	-8.183876
персайнаг	-8.183876
къуыдаргомы	-8.183876
парламенты	-8.257984
крайы	-8.257984
тынг	-8.257984
цæрæгой	-8.257984
хицауады	-8.257984
бетъырбухы	-8.257984
фидар	-8.257984
хуыдтой	-8.257984
фыдыбæстæйы	-8.257984
империйы	-8.257984
дæлбар	-8.257984
сакъадахыл	-8.257984
зайæгойты	-8.257984
эрæйы	-8.257984
болгарийы	-8.257984
архайы	-8.257984
кæуыл	-8.257984
скъолайы	-8.257984
славяйнаг	-8.257984
мыггæгтæй	-8.257984
культурон	-8.257984
уæлдай	-8.257984
мамысонгомы	-8.257984
тлигомы	-8.257984
академи	-8.338027
ныхас	-8.338027
бынаты	-8.338027
рæстдзинад	-8.338027
мæздæджы	-8.338027
адæймаг	-8.338027
къуырийы	-8.338027
испайнаг	-8.338027
кæсæг	-8.338027
хæдбар	-8.338027
рæстæджы	-8.338027
раздæр	-8.338027
араббаг	-8.338027
знауыры	-8.338027
былыл	-8.338027
нæй	-8.338027
фæдыл	-8.338027
ахуыргонд	-8.338027
денджызмæ	-8.338027
адæмтæй	-8.338027
америкаг	-8.338027
быдыры	-8.338027
музыкалон	-8.338027
финляндийы	-8.338027
географион	-8.338027
арвыкомы	-8.338027
комæй	-8.338027
италиаг	-8.338027
физикон	-8.338027
дзуары	-8.338027
формæ	-8.338027
субэтникон	-8.338027
зылд	-8.338027
остантæй	-8.338027
мифологийы	-8.338027
фыййагдоны	-8.338027
хъæумæ	-8.338027
йыл	-8.425038
алы	-8.425038
импери	-8.425038
хуры	-8.425038
хатты	-8.425038
цард	-8.425038
гаглойты	-8.425038
литературæ	-8.425038
кæмæй	-8.425038
къаролад	-8.425038
ахуыр	-8.425038
хъырымы	-8.425038
равзæрд	-8.425038
фондз	-8.425038
бирæон	-8.425038
былгæрон	-8.425038
зынгæ	-8.425038
райгуырди	-8.425038
корейы	-8.425038
ныр	-8.425038
былтыл	-8.425038
таджикистаны	-8.425038
размæ	-8.425038
куыст	-8.425038
демократон	-8.425038
фæсденджызон	-8.425038
фæзындис	-8.425038
шотландийы	-8.425038
дагъистаны	-8.425038
арæх	-8.425038
дуджы	-8.425038
хуындæуы	-8.425038
цыбыр	-8.425038
мæхъхъæлон	-8.425038
захъхъайы	-8.425038
уæлладжыргомы	-8.425038
къостайы	-8.520349
германы	-8.520349
бады	-8.520349
хуыцауы	-8.520349
фæстаг	-8.520349
ресы	-8.520349
хетæгкаты	-8.520349
бындурæвæрæг	-8.520349
къордмæ	-8.520349
планетæ	-8.520349
балхъары	-8.520349
стамбулы	-8.520349
зындгонддæр	-8.520349
аивад	-8.520349
цæрджытæ	-8.520349
хæдзарады	-8.520349
астæу	-8.520349
нæу	-8.520349
номдзыд	-8.520349
кæд	-8.520349
литературæйы	-8.520349
уырыс	-8.520349
хæстон	-8.520349
фæндыр	-8.520349
стъараполы	-8.520349
уымæн	-8.520349
царды	-8.520349
чиныг	-8.520349
райдыдта	-8.520349
адæмты	-8.520349
рагондæр	-8.520349
тбилисы	-8.520349
тедеты	-8.520349
бæрзонддæр	-8.520349
хъуды	-8.520349
донæфтæн	-8.520349
вæййынц	-8.520349
историйы	-8.520349
уым	-8.520349
хæдивæг	-8.520349
валютæ	-8.520349
цыппар	-8.520349
экономикон	-8.520349
сæргъы	-8.520349
исландийы	-8.520349
дæтты	-8.520349
дзырды	-8.520349
хауынц	-8.520349
бæзгæ	-8.520349
этникон	-8.625709
хицау	-8.625709
бæрæгбон	-8.625709
царциаты	-8.625709
цæдис	-8.625709
миниуджытæ	-8.625709
фæтк	-8.625709
кæсгон	-8.625709
фæци	-8.625709
ахсджиаг	-8.625709
адæмæн	-8.625709
литературон	-8.625709
къуыри	-8.625709
картæйыл	-8.625709
скæсæйнаг	-8.625709
кæддæры	-8.625709
бирæазон	-8.625709
дарддæр	-8.625709
зæгъæм	-8.625709
цæмæй	-8.625709
белоруссийы	-8.625709
мыггагæй	-8.625709
хæдзары	-8.625709
азмæ	-8.625709
уыимæ	-8.625709
къарол	-8.625709
паддзах	-8.625709
талышаг	-8.625709
сæйрагдæр	-8.625709
элементты	-8.625709
зæронд	-8.625709
гречъы	-8.625709
мæйтæй	-8.625709
сæр	-8.625709
хъæрæсе	-8.625709
цæуынц	-8.625709
сыбыры	-8.625709
дзурæг	-8.625709
дзомагъгомы	-8.625709
зæххыл	-8.625709
къуылдым	-8.625709
цъæх	-8.625709
балты	-8.743492
боны	-8.743492
дард	-8.743492
преми	-8.743492
национ	-8.743492
иронау	-8.743492
къоста	-8.743492
фыста	-8.743492
фысджыты	-8.743492
аргъуан	-8.743492
паддзахæдты	-8.743492
ромайнаг	-8.743492
аивадон	-8.743492
куыста	-8.743492
адæймагæй	-8.743492
фæзынди	-8.743492
кæрон	-8.743492
рæтты	-8.743492
польшæйаг	-8.743492
фыссынц	-8.743492
къаспы	-8.743492
сфæлдыстады	-8.743492
социалистон	-8.743492
цыппæрæм	-8.743492
ныхмæ	-8.743492
кæнынæн	-8.743492
ахсджиагдæр	-8.743492
даргъ	-8.743492
сæхи	-8.743492
владимиры	-8.743492
инæлар	-8.743492
хъæбатыр	-8.743492
абхазаг	-8.743492
бинонты	-8.743492
уымæ	-8.743492
украинæйы	-8.743492
бынæттон	-8.743492
кувæндон	-8.743492
змæлды	-8.743492
бæхты	-8.743492
сакъадахы	-8.743492
зæххастæуы	-8.743492
зонады	-8.743492
хостæ	-8.743492
сарæзта	-8.743492
мæ	-8.743492
бритайнаг	-8.743492
черногорийы	-8.743492
туркаг	-8.743492
сылгоймаг	-8.743492
хуыцау	-8.743492
архайды	-8.743492
леуахийы	-8.743492
финнаг	-8.743492
хæхтæ	-8.743492
австралийы	-8.743492
славяйнæгтæ	-8.743492
бакæлæн	-8.743492
лабæ	-8.743492
замирæ	-8.743492
фыссыны	-8.743492
суадæтты	-8.743492
хонх	-8.743492
таурæгътæм	-8.743492
зруггомы	-8.743492
хиуы	-8.743492
зæрæмæгмæ	-8.743492
абхазы	-8.877023
калачы	-8.877023
сомоса	-8.877023
къам	-8.877023
дих	-8.877023
кировы	-8.877023
коммунистон	-8.877023
номæй	-8.877023
дзырдтæ	-8.877023
нозт	-8.877023
кæцытæ	-8.877023
культурæ	-8.877023
донкъубал	-8.877023
хæринаг	-8.877023
кæддæр	-8.877023
афгъанистаны	-8.877023
дæттынц	-8.877023
дунеон	-8.877023
уæддæр	-8.877023
ирыстонæй	-8.877023
сахартæй	-8.877023
хъуыддæгты	-8.877023
фæрцы	-8.877023
аивæдты	-8.877023
хъæуты	-8.877023
драмон	-8.877023
скъола	-8.877023
цæрæгойтæ	-8.877023
сконд	-8.877023
иртасæн	-8.877023
кæнынмæ	-8.877023
хъайтары	-8.877023
къабазы	-8.877023
зынгæдæр	-8.877023
премийы	-8.877023
йæхи	-8.877023
хуссарырдыгæй	-8.877023
хуыздæр	-8.877023
паддзахы	-8.877023
бынатмæ	-8.877023
иунæг	-8.877023
мидæггаг	-8.877023
хистæр	-8.877023
бæззаты	-8.877023
тæлмацгæнæг	-8.877023
академийы	-8.877023
экономикæ	-8.877023
ссрц	-8.877023
океанийы	-8.877023
ыскæсæны	-8.877023
сывæллæтты	-8.877023
мæсыг	-8.877023
лыстæг	-8.877023
нидерландаг	-8.877023
экономикæйы	-8.877023
хъахъхъæнæг	-8.877023
периодон	-8.877023
бинонтæ	-8.877023
фæзынд	-8.877023
цæугæдоны	-8.877023
дзырдмæ	-8.877023
бразилийы	-8.877023
регионалон	-8.877023
амоны	-8.877023
китайаг	-8.877023
цъалагомы	-8.877023
джимарайы	-8.877023
бæлæсты	-8.877023
ныллæг	-8.877023
джинаты	-8.877023
къæрæугомы	-8.877023
адæммæ	-8.877023
бæртуйы	-8.877023
мамысондоны	-8.877023
къуыбыр	-8.877023
хутæр	-8.877023
тох	-9.031174
тамерлан	-9.031174
автономи	-9.031174
гæбæраты	-9.031174
иры	-9.031174
кафт	-9.031174
исты	-9.031174
фыд	-9.031174
бубы	-9.031174
абайты	-9.031174
таймуразы	-9.031174
ленины	-9.031174
регионтæй	-9.031174
амард	-9.031174
агъуыст	-9.031174
нæдæр	-9.031174
португалийы	-9.031174
горæт	-9.031174
кусынц	-9.031174
йæхæдæг	-9.031174
цæрджытæй	-9.031174
династийы	-9.031174
дохтыр	-9.031174
цæрæнран	-9.031174
барыны	-9.031174
ленинграды	-9.031174
ныффыста	-9.031174
ципу	-9.031174
сахарты	-9.031174
индоевропæйаг	-9.031174
сфæлдыстад	-9.031174
хъазахстаны	-9.031174
алыварс	-9.031174
мæнæ	-9.031174
здæхт	-9.031174
волгæйы	-9.031174
нобелы	-9.031174
партийы	-9.031174
цæгатаг	-9.031174
хурыскæсæны	-9.031174
хъелы	-9.031174
фарсмæ	-9.031174
уæларвон	-9.031174
цардис	-9.031174
фæсивæды	-9.031174
уанеты	-9.031174
интернеты	-9.031174
василийы	-9.031174
райдианы	-9.031174
минæвар	-9.031174
хазби	-9.031174
фæндаг	-9.031174
ахуыргæнæг	-9.031174
хуыгаты	-9.031174
никарагуæ	-9.031174
османты	-9.031174
чысылдæр	-9.031174
районты	-9.031174
зассеты	-9.031174
фыдæлтæ	-9.031174
ахуырады	-9.031174
норвегиаг	-9.031174
кадæн	-9.031174
тыхтæ	-9.031174
ахаст	-9.031174
равзæрдæй	-9.031174
бонтæй	-9.031174
хъайтар	-9.031174
равзæрды	-9.031174
бæлвырд	-9.031174
зæхх	-9.031174
сыф	-9.031174
сомихы	-9.031174
уæлмæрдтæ	-9.031174
хæхты	-9.031174
мæрдты	-9.031174
афтæмæй	-9.031174
уынг	-9.031174
зымæгон	-9.031174
иумæ	-9.031174
урсдоны	-9.031174
рынчын	-9.031174
дзæбæх	-9.031174
бынæтты	-9.031174
дуры	-9.031174
чеселты	-9.031174
цот	-9.031174
лæгтæ	-9.031174
мызуры	-9.031174
хилачъы	-9.031174
размæбырсæг	-9.031174
никъалайы	-9.031174
дзуæрттæ	-9.031174
хъæбысæйхæцæг	-9.031174
къонайы	-9.031174
скъæтты	-9.031174
суатъисы	-9.031174
номхыгъдгаглойты	-9.031174
математикон	-9.031174
гагатæ	-9.031174
саухох	-9.031174
кандидаттæй	-9.031174
халоны	-9.031174
дзимыргомы	-9.031174
захъхъагомы	-9.031174
обау	-9.031174
амалхъомады	-9.031174
дагъистан	-9.213495
галы	-9.213495
захары	-9.213495
философи	-9.213495
анастасио	-9.213495
хус	-9.213495
дуне	-9.213495
дзамболат	-9.213495
венгри	-9.213495
этимологи	-9.213495
ныв	-9.213495
аллон	-9.213495
симд	-9.213495
урсдон	-9.213495
тымбыл	-9.213495
хурзæрин	-9.213495
чермен	-9.213495
фурд	-9.213495
михаилы	-9.213495
алыксандр	-9.213495
рахизфарсы	-9.213495
кадджытæ	-9.213495
алексейы	-9.213495
къаддæр	-9.213495
бæласы	-9.213495
егъау	-9.213495
евразийы	-9.213495
буаргъæд	-9.213495
сыхаг	-9.213495
азиаг	-9.213495
цыд	-9.213495
арæхдæр	-9.213495
губернæйы	-9.213495
кæцыйы	-9.213495
кавказаг	-9.213495
мæйы	-9.213495
англисагау	-9.213495
конгойы	-9.213495
республикон	-9.213495
былгæроныл	-9.213495
юрийы	-9.213495
дзырдтой	-9.213495
территорийы	-9.213495
швейцарийы	-9.213495
лæг	-9.213495
цаутæ	-9.213495
классификацимæ	-9.213495
ахуырад	-9.213495
бинойнаг	-9.213495
аразгæ	-9.213495
чехийы	-9.213495
революцийы	-9.213495
аразынц	-9.213495
хæццæ	-9.213495
райгуырæн	-9.213495
ссис	-9.213495
мыхуыры	-9.213495
хъæуæй	-9.213495
къамисы	-9.213495
техникон	-9.213495
архайд	-9.213495
администрацийы	-9.213495
абоны	-9.213495
рагъы	-9.213495
фæндаджы	-9.213495
хæдзар	-9.213495
кæцыйæн	-9.213495
бындурыл	-9.213495
венесуэлæ	-9.213495
аравийы	-9.213495
дихгонд	-9.213495
кънйазад	-9.213495
палестинæйы	-9.213495
баиу	-9.213495
зæрдæвæрæны	-9.213495
кънйаз	-9.213495
хæссы	-9.213495
фыццæгæм	-9.213495
сæрды	-9.213495
данийы	-9.213495
варианттæ	-9.213495
юридикон	-9.213495
уыдзæн	-9.213495
цæуæг	-9.213495
кельтаг	-9.213495
дзурыны	-9.213495
хорватийы	-9.213495
майрæмы	-9.213495
мæскуы	-9.213495
тохы	-9.213495
зæххытæ	-9.213495
грамматикон	-9.213495
фæрæз	-9.213495
фарерты	-9.213495
хорз	-9.213495
фæскавказы	-9.213495
зæрин	-9.213495
фысджытæ	-9.213495
миниуæг	-9.213495
спайда	-9.213495
коммунæ	-9.213495
программæты	-9.213495
хыз	-9.213495
математикæйы	-9.213495
аразы	-9.213495
памиры	-9.213495
португайлаг	-9.213495
айгомæджы	-9.213495
кадджындæр	-9.213495
чысайнаг	-9.213495
бæсты	-9.213495
къозы	-9.213495
донцхуырбаты	-9.213495
фæлтæр	-9.213495
суары	-9.213495
кæмæ	-9.213495
адайы	-9.213495
цæразонтæ	-9.213495
сидæмонтæ	-9.213495
кусæгонтæ	-9.213495
цъæхилтæ	-9.213495
цыдæриддæр	-9.213495
хъуырæйы	-9.213495
уастырджийы	-9.213495
уæгъдибар	-9.213495
аудæг	-9.213495
бæрæгбоны	-9.213495
бæгæны	-9.213495
кæдон	-9.213495
хъæууат	-9.213495
къахыр	-9.213495
хæрисджыны	-9.213495
беслæны	-9.213495
дидинæг	-9.213495
хъомылгæнинаг	-9.213495
рæхыс	-9.213495
фидары	-9.213495
зымæг	-9.213495
дыргъхæссæг	-9.213495
дыргъты	-9.213495
мыдхæссæг	-9.213495
зæнг	-9.213495
садонгомы	-9.213495
стъалыгуппар	-9.213495
суаргомы	-9.213495
хъæнийы	-9.213495
дзывгъисы	-9.213495
цъайалборов	-9.213495
гулийы	-9.213495
цымытийы	-9.213495
фадыджы	-9.213495
фидæн	-9.213495
анатоли	-9.436639
усфср	-9.436639
нарт	-9.436639
абана	-9.436639
дигорæ	-9.436639
тых	-9.436639
алфавиты	-9.436639
сыл	-9.436639
дауыт	-9.436639
тибы	-9.436639
революцион	-9.436639
газон	-9.436639
номы	-9.436639
ромы	-9.436639
райста	-9.436639
