i	-6.378992
the	-7.0721393
of	-6.784457
abantu	-6.224841
umuntu	-6.5613136
c	-6.5613136
ku	-6.784457
no	-6.378992
de	-6.5613136
u	-7.0721393
ka	-7.0721393
isi	-6.378992
na	-4.5598335
ni	-2.23058
wa	-5.398163
amerika	-5.4627013
n	-3.840018
ko	-6.378992
bo	-7.0721393
saint	-5.605802
mu	-2.4871716
leta	-5.685845
k	-6.378992
brazil	-7.0721393
musa	-7.0721393
y	-5.685845
rwanda	-6.378992
kiri	-7.0721393
ya	-4.4330816
burundi	-6.5613136
yayo	-7.0721393
ca	-5.685845
km	-7.0721393
pl	-7.0721393
z	-4.803456
pologne	-6.784457
za	-5.772856
w	-5.685845
marin	-5.685845
muri	-4.803456
aa	-4.9518757
ry	-6.378992
polystachya	-6.784457
kane	-7.0721393
sg	-7.0721393
cucurbita	-6.784457
rw	-5.8681664
niloticus	-7.0721393
musi	-7.0721393
kanada	-7.0721393
tanzaniya	-6.378992
ari	-6.378992
iri	-5.28038
iyo	-6.5613136
mpanda	-7.0721393
acampe	-6.09131
cane	-6.224841
mukuru	-5.398163
kuri	-6.784457
nowa	-6.224841
igihugu	-4.9518757
umujyi	-7.0721393
umurwa	-5.531694
intara	-6.224841
ubumwe	-5.685845
ururimi	-6.09131
aziya	-6.784457
bwa	-6.784457
kandi	-6.09131
ikiribwa	-5.772856
indwara	-6.09131
abatutsi	-7.0721393
ikaba	-6.5613136
ikiyaga	-6.784457
uburusiya	-5.973527
kabiri	-6.378992
cumi	-4.769554
hamwe	-6.784457
uburundi	-2.7458014
igisagara	-3.2434978
uruzi	-3.7763023
gutera	-4.34211
igiharuro	-4.5872326
igikoko	-4.9518757
canke	-5.079709
iprovense	-5.3375382
muntara	-5.3375382
nindwi	-5.3375382
imana	-5.772856
uburaya	-5.8681664
unze	-5.973527
komine	-5.973527
ibiri	-5.973527
mirongo	-5.973527
bujumbura	-6.09131
vyose	-6.09131
ikirusiya	-6.09131
mirong	-6.224841
ifi	-6.378992
bufirika	-6.378992
indwi	-6.378992
kirundo	-6.5613136
mwaro	-6.5613136
ivyo	-6.5613136
vyo	-6.5613136
cibitoke	-6.784457
bita	-6.784457
adamu	-6.784457
bwato	-6.784457
abahutu	-6.784457
ubwoba	-6.784457
umusozi	-6.784457
abarundi	-6.784457
icenda	-6.784457
akamangu	-6.784457
muramvya	-7.0721393
gitega	-7.0721393
bubanza	-7.0721393
gusa	-7.0721393
heva	-7.0721393
gihanga	-7.0721393
ikinyarwanda	-7.0721393
urwanda	-7.0721393
ihana	-7.0721393
ikirundi	-7.0721393
