i	-4.2382197
the	-7.4254904
ngo	-8.369952
of	-6.2554193
e	-8.013277
abantu	-7.482649
umuntu	-8.369952
ku	-5.873211
and	-7.2248197
a	-7.917967
no	-6.678276
kwa	-7.4254904
de	-6.2215176
u	-6.0817556
ka	-5.909143
for	-8.369952
african	-8.524102
la	-7.7509127
south	-8.929567
we	-8.706424
on	-8.706424
national	-8.929567
isi	-6.678276
john	-8.369952
new	-8.236421
el	-8.236421
international	-8.013277
kuba	-8.524102
or	-8.524102
na	-5.266006
network	-8.929567
ipa	-8.929567
republic	-7.3714232
iyi	-8.236421
yesu	-8.706424
ni	-3.321012
wa	-3.465736
o	-8.706424
amerika	-5.5451775
n	-3.7159915
state	-8.929567
s	-8.706424
di	-8.706424
iso	-6.29051
ii	-8.236421
ko	-6.3840365
as	-8.706424
al	-6.172727
states	-8.706424
united	-8.236421
ba	-8.118637
d	-8.369952
by	-6.8193545
da	-8.706424
b	-7.8309555
island	-8.706424
islands	-7.4254904
faso	-8.706424
george	-8.524102
james	-8.236421
world	-8.369952
un	-8.706424
robert	-8.929567
saint	-8.369952
central	-8.524102
ibrahim	-7.6768045
mu	-2.6477683
joseph	-8.706424
leta	-5.8615146
kongo	-7.32013
k	-7.0577655
center	-8.929567
ali	-7.5432734
angola	-8.706424
botswana	-8.118637
wo	-8.013277
football	-8.929567
kenya	-7.607812
ibn	-8.706424
zimbabwe	-8.706424
kingdom	-8.524102
territory	-8.929567
y	-4.321901
mali	-8.118637
abdul	-8.369952
rwanda	-5.885045
martin	-8.929567
ya	-5.0635886
burundi	-7.4254904
malawi	-8.929567
republik	-8.706424
bari	-8.118637
et	-8.118637
du	-7.8309555
km²	-8.369952
des	-7.917967
del	-8.706424
province	-8.236421
z	-6.011797
grande	-8.524102
jean	-8.706424
van	-7.7509127
pierre	-8.706424
marie	-8.929567
paris	-8.706424
caire	-8.118637
centre	-8.929567
washington	-8.929567
za	-7.7509127
w	-4.608752
berlin	-8.706424
roma	-8.236421
great	-8.929567
française	-8.929567
birmingham	-8.706424
medina	-8.706424
muri	-3.717353
mata	-7.0200253
bey	-8.929567
senna	-8.706424
cairo	-8.524102
bene	-8.929567
ry	-4.5988345
jakarta	-8.706424
thành	-8.524102
phố	-8.524102
acacia	-8.524102
ficus	-7.917967
solanum	-8.369952
uganda	-8.236421
singapore	-7.5432734
africana	-8.929567
clerodendrum	-8.929567
dombeya	-8.929567
microsoft	-8.929567
google	-7.6768045
fiji	-8.524102
albizia	-8.524102
abyssinica	-8.706424
sida	-8.369952
cassia	-8.524102
com	-8.369952
sultan	-6.704944
institute	-8.369952
palestine	-8.369952
officinalis	-8.929567
shah	-8.369952
abu	-8.524102
ahmad	-8.929567
din	-8.706424
tonga	-8.929567
buri	-8.118637
ili	-6.9836574
kosovo	-8.929567
omar	-7.8309555
bursa	-7.917967
batman	-8.369952
hassan	-8.524102
istanbul	-6.272811
community	-8.929567
org	-7.6768045
lannea	-8.929567
pasha	-7.2713394
mw	-8.706424
aids	-8.929567
kazan	-8.929567
mustafa	-8.236421
ul	-8.929567
rw	-6.5316725
nur	-8.706424
independent	-8.929567
ankara	-6.1414747
imam	-8.524102
yo	-6.578192
dhaka	-8.236421
república	-7.0577655
afurika	-5.8385253
banki	-8.369952
masjid	-6.5316725
koreya	-8.524102
kanada	-8.236421
zo	-7.4254904
tunis	-8.369952
republika	-8.369952
bibi	-8.929567
zambiya	-8.706424
république	-7.482649
gana	-8.236421
tanzaniya	-7.5432734
bya	-7.0200253
ari	-6.5316725
türk	-8.929567
İstanbul	-8.929567
iki	-8.369952
cumhuriyeti	-8.929567
yeni	-8.706424
antalya	-8.236421
kıbrıs	-8.929567
paşa	-7.5432734
balıkesir	-8.369952
adana	-7.7509127
diyarbakır	-8.013277
aydın	-8.369952
ilçesi	-6.9836574
giresun	-8.369952
ağrı	-8.236421
kayseri	-8.929567
bolu	-8.369952
afyonkarahisar	-8.369952
camii	-5.985129
adıyaman	-8.524102
amasya	-8.369952
parti	-8.706424
edirne	-8.524102
artvin	-8.369952
gümüşhane	-8.524102
denizli	-8.369952
gaziantep	-8.524102
ardahan	-8.369952
burdur	-8.369952
bilecik	-8.369952
bingöl	-8.369952
bitlis	-8.369952
bayburt	-8.369952
aksaray	-8.369952
bartın	-8.369952
sinan	-8.706424
kolombiya	-8.706424
selim	-8.929567
soma	-8.369952
iri	-8.929567
maltepe	-8.524102
xhamia	-8.706424
kanseri	-7.5432734
gambiya	-8.706424
valide	-8.929567
vitamini	-8.118637
tuvalu	-8.929567
kuva	-8.524102
hegel	-8.706424
astana	-8.929567
hari	-8.236421
yari	-7.7509127
kuko	-7.917967
matter	-8.929567
iyo	-8.706424
kw	-7.8309555
mwaka	-8.013277
kilatini	-4.713743
uko	-8.236421
yerusalemu	-8.524102
bwana	-7.8309555
nyuma	-8.118637
bw	-5.360035
kivu	-8.369952
nk	-8.706424
yohana	-8.706424
kikaba	-8.524102
abuja	-8.706424
skopje	-8.929567
kari	-6.9485664
bose	-8.706424
gorilla	-8.929567
cyane	-7.2713394
aho	-7.5432734
batumi	-8.929567
libani	-8.369952
bwo	-8.013277
rya	-6.9146647
džamija	-8.929567
irani	-7.2248197
somaliya	-8.369952
riri	-8.706424
rimwe	-8.524102
uyu	-7.8309555
mukuru	-4.8228006
kuri	-6.9146647
nzira	-8.706424
umwe	-7.4254904
kamwe	-6.6523004
yose	-8.013277
politiki	-7.6768045
kamere	-8.524102
izina	-2.974378
umusigiti	-3.630001
cyangwa	-4.3471546
igihugu	-4.6494355
umujyi	-4.6846504
ubumenyi	-4.7475176
cyongereza	-4.9086905
turukiya	-4.92679
umurwa	-4.95457
intara	-5.012557
giturukiya	-5.31865
cyarabu	-5.367102
akarere	-5.5200715
ikimera	-5.562272
gifaransa	-5.597363
igiti	-5.652423
abaturage	-5.671471
perezida	-5.6908894
ubwoko	-5.8050027
witwa	-5.8385253
cya	-5.8970213
gituruki	-5.959153
rwa	-5.972057
ubumwe	-5.972057
ururimi	-5.985129
zunze	-6.0673666
aziya	-6.172727
igitabo	-6.272811
itegekongenga	-6.326878
cyo	-6.487221
repubulika	-6.5091996
bibiliya	-6.578192
cy	-6.60229
burayi	-6.6269827
tugize	-6.6523004
bwa	-6.678276
turere	-6.678276
isezerano	-6.678276
ibihugu	-6.704944
mosque	-6.7895017
ntara	-6.7895017
kimalayi	-6.8193545
kandi	-6.881875
ubuke	-6.881875
urubuto	-6.881875
minisitiri	-6.881875
mpuzamahanga	-6.9146647
umurenge	-6.9146647
magambo	-6.9146647
ahinnye	-6.9146647
cyesipanyole	-6.9485664
umuryango	-6.9836574
rishya	-6.9836574
gishinwa	-7.0200253
oseyaniya	-7.0200253
ugushyingo	-7.0969863
ibirwa	-7.0969863
nyakanga	-7.1378083
ibidukikije	-7.1378083
mutarama	-7.1378083
amajyepfo	-7.180368
ukwakira	-7.180368
ikirwa	-7.180368
ikiribwa	-7.2248197
ukwezi	-7.2248197
kirusiya	-7.2248197
mbere	-7.2713394
misiri	-7.2713394
amajyaruguru	-7.2713394
ishyaka	-7.2713394
amajyambere	-7.2713394
icyongereza	-7.2713394
kinyaperisi	-7.2713394
akaba	-7.32013
kamena	-7.32013
werurwe	-7.32013
hagati	-7.32013
ukuboza	-7.32013
gashyantare	-7.32013
amategeko	-7.32013
ubukungu	-7.32013
byo	-7.3714232
kidage	-7.3714232
giheburayo	-7.3714232
urwandiko	-7.3714232
iharanira	-7.4254904
isirayeli	-7.4254904
shipure	-7.4254904
inyungu	-7.4254904
bwongereza	-7.4254904
burusiya	-7.4254904
kanama	-7.482649
siriya	-7.482649
uburayi	-7.482649
malesiya	-7.482649
kera	-7.5432734
ariko	-7.5432734
rurimi	-7.5432734
ubwisanzure	-7.5432734
ikigo	-7.5432734
demokarasi	-7.607812
kaminuza	-7.607812
indwara	-7.607812
igize	-7.607812
gicurasi	-7.607812
epfo	-7.607812
ndetse	-7.6768045
ubucuruzi	-7.6768045
imigaragarire	-7.6768045
rwawe	-7.6768045
budage	-7.6768045
cyuridu	-7.6768045
kigali	-7.7509127
nijeriya	-7.7509127
imbere	-7.7509127
umukino	-7.7509127
ikomatanyabukungu	-7.7509127
amasoko	-7.7509127
uburenganzira	-7.7509127
buhinde	-7.7509127
ubu	-7.8309555
indonesiya	-7.8309555
gihugu	-7.8309555
igifaransa	-7.8309555
muryango	-7.8309555
giporutigali	-7.8309555
bangaladeshi	-7.8309555
kinyaseribiya	-7.8309555
gineya	-7.8309555
ikirunga	-7.8309555
muntu	-7.917967
masedoniya	-7.917967
irake	-7.917967
bushinwa	-7.917967
itungo	-7.917967
icyo	-7.917967
kigereki	-7.917967
inyamaswa	-7.917967
umupira	-7.917967
iterambere	-7.917967
bucuruzi	-7.917967
kurengera	-7.917967
kurwanya	-7.917967
kibengali	-7.917967
pakisitani	-7.917967
kiyapani	-7.917967
pariki	-8.013277
abatutsi	-8.013277
iburasirazuba	-8.013277
moschee	-8.013277
karere	-8.013277
tunisiya	-8.013277
esipanye	-8.013277
bihugu	-8.013277
rusange	-8.013277
ushinzwe	-8.013277
azeribayijani	-8.013277
kimasedoniyani	-8.013277
palawu	-8.013277
mosquée	-8.118637
gihe	-8.118637
kinyaholande	-8.118637
burasirazuba	-8.118637
majyaruguru	-8.118637
nzeri	-8.118637
bikorwa	-8.118637
ubushakashatsi	-8.118637
umwanditsi	-8.118637
intebe	-8.118637
imbibi	-8.118637
kinyazeribayijani	-8.118637
viyetinamu	-8.118637
kinyendonisiya	-8.118637
gipalawani	-8.118637
ubuyapani	-8.118637
vanuwatu	-8.118637
kinyarwanda	-8.236421
ukaba	-8.236421
mirenge	-8.236421
maroke	-8.236421
umubiri	-8.236421
ikaba	-8.236421
ububiligi	-8.236421
kinyasuwede	-8.236421
majyepfo	-8.236421
batuye	-8.236421
umuyobozi	-8.236421
amaguru	-8.236421
ubuzima	-8.236421
abaperezida	-8.236421
gishinzwe	-8.236421
udaharanira	-8.236421
gukorwa	-8.236421
umutingito	-8.236421
ubugande	-8.236421
koweti	-8.236421
gitaliyani	-8.236421
vitamine	-8.369952
biso	-8.369952
arabiya	-8.369952
tariki	-8.369952
bagera	-8.369952
umwami	-8.369952
ikiyaga	-8.369952
ibindi	-8.369952
uburusiya	-8.369952
umugabane	-8.369952
giswayili	-8.369952
kugeza	-8.369952
urubuga	-8.369952
bwoko	-8.369952
umwarimu	-8.369952
ishyirahamwe	-8.369952
igitekerezo	-8.369952
ubukene	-8.369952
bikize	-8.369952
ubwo	-8.369952
suwede	-8.369952
alubaniya	-8.369952
geworugiya	-8.369952
kinyaviyetinamu	-8.369952
seribiya	-8.369952
damasiko	-8.369952
kibisilamu	-8.369952
sawudite	-8.369952
babelserver	-8.369952
ububanyi	-8.369952
amahanga	-8.369952
mezquita	-8.524102
katari	-8.524102
ziri	-8.524102
giti	-8.524102
visi	-8.524102
kiba	-8.524102
kabiri	-8.524102
sudani	-8.524102
imirenge	-8.524102
imbuto	-8.524102
umunyarwanda	-8.524102
cumi	-8.524102
hamwe	-8.524102
nigeri	-8.524102
mozambike	-8.524102
madamu	-8.524102
amazina	-8.524102
kimwe	-8.524102
umugabo	-8.524102
kugira	-8.524102
ingagi	-8.524102
yavukiye	-8.524102
migabane	-8.524102
jenoside	-8.524102
itariki	-8.524102
amakuru	-8.524102
inyanja	-8.524102
hejuru	-8.524102
ikinyamakuru	-8.524102
byose	-8.524102
ihuriro	-8.524102
burengerazuba	-8.524102
rikaba	-8.524102
cyabo	-8.524102
imipaka	-8.524102
ibikorwa	-8.524102
agenga	-8.524102
ositaraliya	-8.524102
ukizana	-8.524102
ukwishyira	-8.524102
umunyamabanga	-8.524102
mutagatifu	-8.524102
wahoze	-8.524102
arumeniya	-8.524102
filimi	-8.524102
abukaziya	-8.524102
kinyageworugiya	-8.524102
kinyalubaniya	-8.524102
ubutaliyani	-8.524102
gitatari	-8.524102
itangazo	-8.524102
frenchmozilla	-8.524102
gatuwe	-8.524102
kubuso	-8.524102
ibitabo	-8.524102
senegali	-8.706424
hanze	-8.706424
alepo	-8.706424
filipine	-8.706424
illuminati	-8.706424
rwo	-8.706424
shili	-8.706424
uturere	-8.706424
ruguru	-8.706424
iryo	-8.706424
gakenke	-8.706424
niba	-8.706424
eritereya	-8.706424
bikiri	-8.706424
akagari	-8.706424
utugari	-8.706424
bitewe	-8.706424
radiyo	-8.706424
yezu	-8.706424
itsembabwoko	-8.706424
ubudage	-8.706424
amazi	-8.706424
ubufaransa	-8.706424
imyaka	-8.706424
ibintu	-8.706424
rwego	-8.706424
uherereye	-8.706424
ufite	-8.706424
gihindi	-8.706424
burezile	-8.706424
ikoranabuhanga	-8.706424
nkuru	-8.706424
nyinshi	-8.706424
ibiti	-8.706424
gukora	-8.706424
uruhare	-8.706424
uburengerazuba	-8.706424
ubworozi	-8.706424
cyari	-8.706424
ugizwe	-8.706424
ukuvuga	-8.706424
umutungo	-8.706424
arengera	-8.706424
abakozi	-8.706424
bikennye	-8.706424
ushyigikiye	-8.706424
akazi	-8.706424
nuveli	-8.706424
umugereka	-8.706424
umunyapolitiki	-8.706424
aligeriya	-8.706424
bahirayini	-8.706424
etiyopiya	-8.706424
ekwatoriyale	-8.706424
nyarabu	-8.706424
kazakisitani	-8.706424
gitamili	-8.706424
tayiwani	-8.706424
yorudani	-8.706424
lexvo	-8.706424
ubutwererane	-8.706424
mogadishu	-8.929567
niamey	-8.929567
leste	-8.929567
bait	-8.929567
melaka	-8.929567
nta	-8.929567
wari	-8.929567
