i	-9.202872
the	-7.8678713
of	-7.721268
e	-8.866401
c	-9.202872
and	-8.866401
a	-8.732869
de	-6.6534276
la	-7.921939
radio	-8.866401
john	-8.509726
new	-8.732869
el	-8.327404
chile	-8.866401
o	-9.202872
s	-6.8233266
di	-9.020551
mo	-9.202872
ii	-7.554214
india	-8.414415
as	-8.509726
al	-9.020551
d	-8.509726
guinea	-8.615086
da	-9.202872
internet	-9.020551
niger	-9.202872
r	-6.7518673
b	-6.9204903
j	-9.202872
saint	-8.414415
sierra	-8.414415
est	-8.866401
m	-8.732869
san	-7.8678713
kongo	-8.615086
pakistan	-9.202872
official	-9.020551
son	-6.769259
y	-7.315803
los	-9.020551
rock	-8.615086
sir	-7.8165784
iran	-8.732869
census	-9.020551
en	-7.4111133
georgia	-9.020551
dan	-3.8857334
go	-7.2287917
total	-9.020551
panama	-9.202872
soga	-8.509726
man	-6.578204
su	-7.554214
nu	-8.509726
g	-9.202872
et	-8.414415
du	-8.732869
ja	-3.415362
km²	-5.7753577
sur	-8.327404
ouest	-8.732869
ås	-9.202872
grand	-9.202872
sud	-8.615086
bay	-9.202872
airport	-9.202872
sara	-9.020551
alpes	-6.468505
haute	-8.615086
loire	-9.020551
rhône	-6.4948225
nord	-7.767788
centre	-9.202872
ain	-5.907036
santa	-9.202872
são	-9.020551
valle	-9.202872
main	-8.173253
das	-8.247361
costa	-7.378323
mas	-6.9836693
sis	-9.202872
alu	-9.202872
jan	-9.202872
viola	-9.202872
aura	-9.202872
lau	-6.4948225
bang	-8.509726
vai	-8.509726
lea	-2.1435986
ukraina	-9.020551
salix	-9.020551
rica	-7.921939
namibia	-9.202872
kommun	-6.607618
vaccinium	-9.202872
guatemala	-6.481577
turku	-8.414415
slovenia	-9.202872
armenia	-9.202872
honshū	-7.2859497
gilli	-7.2859497
oblast	-7.0746408
general	-9.020551
nokia	-9.202872
malta	-7.4450145
tv	-8.615086
uruguay	-9.202872
haiti	-6.1679196
kyūshū	-8.866401
belize	-7.8678713
phylloscopus	-8.732869
population	-9.020551
rosaceae	-8.509726
og	-8.866401
sin	-9.202872
oslo	-8.327404
hui	-8.732869
møre	-7.554214
junior	-9.202872
dalarna	-9.202872
nacional	-8.732869
metro	-7.979097
akershus	-8.866401
buskerud	-8.732869
agder	-8.615086
dán	-8.615086
mat	-7.554214
release	-9.020551
vári	-5.409633
statistical	-9.020551
østfold	-9.202872
savo	-6.9836693
polygona	-9.202872
ine	-7.721268
larus	-9.202872
oulu	-7.346575
suohkan	-7.721268
nes	-9.020551
mis	-9.202872
eurovision	-7.4111133
fas	-8.866401
masa	-7.554214
yle	-9.202872
nuts	-6.4948225
iphone	-8.866401
lahti	-7.979097
polska	-9.202872
censo	-8.732869
espoo	-8.866401
brasilia	-9.202872
archive	-9.202872
tampere	-8.509726
lordi	-8.866401
población	-7.2287917
gili	-9.202872
kanta	-8.10426
kroatia	-7.6768165
meksiko	-8.414415
pori	-8.615086
sogn	-8.327404
fjordane	-8.414415
växjö	-8.247361
prins	-8.414415
rektor	-8.866401
ljungby	-8.509726
uppvidinge	-9.202872
salo	-8.615086
alvesta	-8.732869
kuopio	-8.414415
ski	-9.020551
anse	-9.020551
lessebo	-9.202872
statoids	-6.734773
hovedstaden	-7.480106
fet	-9.020551
karls	-8.414415
jyväskylä	-8.509726
kotka	-9.202872
nrk	-9.020551
results	-9.020551
syddanmark	-7.721268
kommuna	-7.4450145
seinäjoki	-8.414415
pargas	-8.732869
bassi	-9.020551
lei	-5.768885
ricas	-8.327404
kouvola	-9.020551
joensuu	-8.615086
sámi	-6.4178615
rantasalmi	-8.866401
heinola	-8.866401
satakunta	-7.634257
aurskog	-9.202872
länsman	-9.202872
guatemalas	-7.767788
eidsvoll	-9.202872
pyhäjärvi	-8.732869
unna	-7.593435
forssa	-9.202872
pieksämäki	-8.327404
norðurland	-7.378323
saarijärvi	-8.866401
belizes	-8.866401
skedsmo	-9.020551
gitta	-8.732869
varkaus	-9.020551
kangasala	-8.866401
hollola	-8.866401
leppävirta	-8.732869
sii	-8.866401
dego	-8.866401
rusko	-9.020551
lahka	-8.732869
walesa	-8.732869
kantona	-7.593435
dát	-8.173253
dál	-8.615086
harjumaa	-8.10426
kanála	-9.202872
eura	-8.509726
pohjanmaa	-6.323674
gielda	-3.8238974
suoma	-4.33842
leat	-4.415381
olmmošlohku	-4.609775
jagi	-4.7119913
eanangoddi	-4.8010435
mielde	-4.86689
viidodat	-4.920666
gregoriánalaš	-4.9234324
kaleandara	-4.9234324
leanas	-4.9401927
várri	-4.965872
eanangottis	-4.980428
mehtera	-5.025413
beaivi	-5.0693073
allodat	-5.0693073
gávpot	-5.1018834
fylkkas	-5.173956
guovlu	-5.225062
ássi	-5.255482
davvi	-5.2828813
rádjegielddat	-5.3029222
frankriikkas	-5.3275137
gullá	-5.3698926
gielddas	-5.465203
lulli	-5.5548153
regiuvnnas	-5.5548153
mii	-5.581202
departemeanttas	-5.6475244
ruoŧas	-5.659019
dahjege	-5.737137
norgga	-5.7434063
dat	-5.821878
oaivegávpot	-5.828704
riika	-5.8355765
guovdageainnu	-5.8923297
suohkanis	-5.9371133
gieldda	-6.0082893
islánddas	-6.11183
gullevaš	-6.1209626
departemeanta	-6.1301794
dánmárkkus	-6.1679196
okta	-6.19719
ruoŧagillii	-6.19719
guovllus	-6.19719
riegádan	-6.2171907
gielaid	-6.227343
dahje	-6.227343
giella	-6.2584333
prefektuvra	-6.269016
suolu	-6.290522
stuorámus	-6.3014507
oarje	-6.3014507
svalbárddas	-6.312501
jagis	-6.346402
deanu	-6.357963
maid	-6.3696594
gaska	-6.39347
durkkas	-6.39347
hálddahusguovddáš	-6.4178615
finnmárkkus	-6.430284
dasa	-6.4428625
jávri	-6.4428625
suomas	-6.4556017
bustávva	-6.4556017
guovlogielddain	-6.468505
spitsbergen	-6.481577
nummir	-6.481577
čohkkaváriin	-6.481577
dásseváldi	-6.5356445
sullii	-6.5496306
amerihká	-6.578204
oassestáhta	-6.578204
nuorta	-6.592803
ovttastuvvan	-6.607618
leatna	-6.622656
guovlogielda	-6.6379232
njukčamánu	-6.7014365
čoahkkebáiki	-6.7014365
arrondissements	-6.717966
ođđajagimánu	-6.717966
trøndelága	-6.734773
kronobergga	-6.734773
juovlamánu	-6.7518673
borgemánu	-6.7518673
fylkkasuohkanis	-6.7518673
cuoŋománu	-6.769259
suoidnemánu	-6.769259
mátta	-6.7869587
gullet	-6.7869587
guovvamánu	-6.7869587
čoahkkebáikki	-6.7869587
miessemánu	-6.8233266
dárogillii	-6.8233266
spánias	-6.8233266
nordlándda	-6.8420186
stáhtaid	-6.880485
sullos	-6.880485
bangkoka	-6.9002876
golggotmánu	-6.9002876
skábmamánu	-6.9204903
afrihkás	-6.9204903
guovdageainnus	-6.9204903
fylka	-6.9411097
indoeurohpálaš	-6.9411097
jáhpanis	-6.9411097
algerias	-6.9411097
geassemánu	-6.962163
sámedikki	-6.962163
finnmárkku	-6.9836693
romssa	-6.9836693
čakčamánu	-6.9836693
alfabehta	-7.005648
guovllu	-7.0511103
ásias	-7.0511103
beaivve	-7.0511103
arrondissemeanta	-7.0746408
romanias	-7.098738
ruošša	-7.098738
olbmo	-7.123431
ruoššas	-7.123431
ruoŧa	-7.148749
walesis	-7.2013927
várjjagis	-7.2013927
lappi	-7.2287917
gávpogis	-7.2287917
rádjeriikkat	-7.2569623
gárjila	-7.2569623
agdera	-7.2569623
doppe	-7.2859497
geain	-7.2859497
kymragiela	-7.2859497
pirkanmaa	-7.315803
gielaide	-7.315803
maiddái	-7.315803
helssega	-7.315803
hálai	-7.315803
varsinais	-7.346575
suopmelaš	-7.346575
davvisámegiela	-7.346575
latiinnalaš	-7.346575
jyllándda	-7.346575
provinsa	-7.378323
beaivvi	-7.378323
suomagillii	-7.378323
eará	-7.4111133
muhto	-7.4111133
porsáŋggus	-7.4111133
fearsulluin	-7.4111133
riikka	-7.4450145
stuorra	-7.4450145
universitehta	-7.4450145
oassi	-7.4450145
rogalándda	-7.4450145
loddi	-7.480106
ecuadora	-7.480106
čerdii	-7.480106
skuvla	-7.516474
eurohpás	-7.516474
gielat	-7.516474
šveicca	-7.516474
ovddeš	-7.516474
akershusa	-7.516474
greikkalaš	-7.516474
kárášjoga	-7.554214
jagiin	-7.593435
sáhttá	-7.593435
birra	-7.634257
norggas	-7.634257
davvin	-7.634257
stuorimus	-7.634257
joavku	-7.634257
romsdála	-7.634257
guokte	-7.634257
alfabehtas	-7.634257
urálalaš	-7.6768165
vuosttaš	-7.6768165
politihkalaš	-7.6768165
gávpotgielda	-7.6768165
almmolaš	-7.6768165
hupmet	-7.6768165
hedmárkku	-7.6768165
lullin	-7.721268
italias	-7.721268
ektui	-7.721268
golbma	-7.721268
vuođđuduvvui	-7.721268
riegádii	-7.721268
válggain	-7.721268
sohkii	-7.721268
regiuvdna	-7.721268
stašuvdna	-7.721268
gii	-7.767788
nuortin	-7.767788
šlája	-7.767788
departemeantta	-7.767788
vuođđoskuvla	-7.767788
ráissas	-7.767788
häme	-7.8165784
ahte	-7.8165784
anárašgillii	-7.8165784
oarjel	-7.8165784
njeallje	-7.8165784
eananrádjesuohkanat	-7.8165784
eystra	-7.8678713
bellodat	-7.8678713
giela	-7.8678713
dálá	-7.8678713
jámii	-7.8678713
julevsámegillii	-7.8678713
lahttu	-7.8678713
sjællándda	-7.8678713
namma	-7.921939
fylkka	-7.921939
amerihkás	-7.921939
giláš	-7.921939
estteeatnama	-7.921939
hupmojuvvo	-7.921939
oahppi	-7.921939
telemárkku	-7.921939
skole	-7.979097
suðurland	-7.979097
hämeenlinna	-7.979097
daid	-7.979097
badje	-7.979097
buot	-7.979097
orrot	-7.979097
eurohpá	-7.979097
oarjin	-7.979097
gaskkas	-7.979097
nuortalašgillii	-7.979097
vestfolda	-7.979097
norrbottena	-7.979097
romssas	-7.979097
rájes	-7.979097
šaddu	-7.979097
šilljocihcelottiide	-7.979097
lávllagilvvohallan	-7.979097
duiskkas	-7.979097
jápmán	-7.979097
dáru	-7.979097
luohkás	-7.979097
oahppit	-7.979097
metrostašuvdna	-7.979097
eret	-8.0397215
sápmelaš	-8.0397215
davimus	-8.0397215
guovlugildii	-8.0397215
bealde	-8.0397215
västerbottena	-8.0397215
gávpoga	-8.0397215
vestfirðir	-8.10426
sámiid	-8.10426
sámediggi	-8.10426
ohcejoga	-8.10426
jönköpinga	-8.10426
alimus	-8.10426
stáhta	-8.10426
ovttas	-8.10426
germánalaš	-8.10426
máilmmi	-8.10426
joavkkui	-8.10426
rádjefylkkat	-8.10426
leamaš	-8.10426
östergötlándda	-8.10426
vestra	-8.173253
vesturland	-8.173253
inec	-8.173253
gonagasriika	-8.173253
ugralaš	-8.173253
nubbi	-8.173253
østfolda	-8.173253
seamma	-8.173253
ovttagielat	-8.173253
estteriikkas	-8.173253
uusimaa	-8.247361
gos	-8.247361
savonlinna	-8.247361
ráji	-8.247361
sámis	-8.247361
slávalaš	-8.247361
nuorttis	-8.247361
austurland	-8.327404
kajaani	-8.327404
sullo	-8.327404
raahe	-8.327404
álttá	-8.327404
mortalidad	-8.327404
searvi	-8.327404
anára	-8.327404
guovddáš	-8.327404
miljovnna	-8.327404
gohčoduvvon	-8.327404
juhkkojuvvon	-8.327404
áigge	-8.327404
geardde	-8.327404
vuittii	-8.327404
lullisámegillii	-8.327404
álttás	-8.327404
regiuvnna	-8.327404
anárjoga	-8.327404
álbmotmeahcis	-8.327404
omd	-8.414415
loimaa	-8.414415
sastamala	-8.414415
vihanti	-8.414415
pöytyä	-8.414415
forlandas	-8.414415
johka	-8.414415
sámegielat	-8.414415
olmmošlogu	-8.414415
mánotbadji	-8.414415
ođđa	-8.414415
sihke	-8.414415
jämtlándda	-8.414415
västmanlándda	-8.414415
girječálli	-8.414415
ovdal	-8.414415
válljejuvvui	-8.414415
evttohassan	-8.414415
ordnejuvvui	-8.414415
vuođđuduvvon	-8.414415
skuvlla	-8.414415
guoras	-8.414415
girdišillju	-8.414415
rautavaara	-8.509726
sotkamo	-8.509726
kokkola	-8.509726
kainuu	-8.509726
mikkeli	-8.509726
sievi	-8.509726
siikalatva	-8.509726
gonagas	-8.509726
gildii	-8.509726
vilges	-8.509726
frankriikka	-8.509726
södermanlándda	-8.509726
davvisámegillii	-8.509726
politihkkár	-8.509726
namain	-8.509726
anáris	-8.509726
kymileagi	-8.509726
guhtta	-8.509726
musihkkár	-8.509726
gilvvohallama	-8.509726
dološ	-8.509726
lávlu	-8.509726
nalde	-8.509726
hámmárfeasttas	-8.509726
leatnas	-8.509726
čibčalaš	-8.509726
ddinbycha	-8.509726
vaala	-8.615086
vantaa	-8.615086
kurikka	-8.615086
olles	-8.615086
haapajärvi	-8.615086
kalajoki	-8.615086
juva	-8.615086
lappeenranta	-8.615086
vihti	-8.615086
tammela	-8.615086
ylivieska	-8.615086
liminka	-8.615086
kankaanpää	-8.615086
várjjaga	-8.615086
unjárgga	-8.615086
alajärvi	-8.615086
jämsä	-8.615086
hausjärvi	-8.615086
mäntsälä	-8.615086
perho	-8.615086
virrat	-8.615086
girku	-8.615086
dánmárkku	-8.615086
badjel	-8.615086
nuortariikka	-8.615086
aserbaižan	-8.615086
nuortasápmelaš	-8.615086
čieža	-8.615086
ohcejogas	-8.615086
oaččui	-8.615086
götalándda	-8.615086
olmmoš	-8.615086
presideanta	-8.615086
bargá	-8.615086
oktasaš	-8.615086
ruvsušattuide	-8.615086
šaddosohka	-8.615086
loddečearda	-8.615086
eatnama	-8.615086
boarráseamos	-8.615086
rockjoavku	-8.615086
skearru	-8.615086
gávdno	-8.615086
dovddus	-8.615086
tingsryda	-8.615086
čoahkkebáikkis	-8.615086
kilomehtera	-8.615086
svalbárdda	-8.615086
giellagoddái	-8.615086
hálli	-8.615086
rauma	-8.732869
vivienda	-8.732869
tuusula	-8.732869
ylöjärvi	-8.732869
eana	-8.732869
magga	-8.732869
keuruu	-8.732869
liperi	-8.732869
sipoo	-8.732869
viitasaari	-8.732869
kauhajoki	-8.732869
mynämäki	-8.732869
pyhäntä	-8.732869
hyvinkää	-8.732869
loppi	-8.732869
golmma	-8.732869
äänekoski	-8.732869
heinävesi	-8.732869
parkano	-8.732869
nurmes	-8.732869
kangasniemi	-8.732869
pihtipudas	-8.732869
puolanka	-8.732869
juuka	-8.732869
humppila	-8.732869
lestijärvi	-8.732869
geat	-8.732869
nubbin	-8.732869
joatkkaskuvla	-8.732869
hállet	-8.732869
gielain	-8.732869
oarjejovkui	-8.732869
kelttalaš	-8.732869
sámegielaid	-8.732869
jovkui	-8.732869
goalmmát	-8.732869
demokráhtalaš	-8.732869
ásahuvvui	-8.732869
guovlluin	-8.732869
norrlándda	-8.732869
badjelaš	-8.732869
suohkana	-8.732869
árbevirolaš	-8.732869
juohke	-8.732869
gohčoduvvo	-8.732869
dáiddár	-8.732869
muhtun	-8.732869
neavttár	-8.732869
dihte	-8.732869
earret	-8.732869
lastavizariidda	-8.732869
lávllagilvohallan	-8.732869
leavga	-8.732869
eanodagas	-8.732869
amerihkkás	-8.732869
manná	-8.732869
ovtta	-8.732869
virggálaš	-8.732869
biebmu	-8.732869
fylkkagielddas	-8.732869
politihkar	-8.732869
universitehtas	-8.732869
federašuvnnas	-8.732869
muosáin	-8.732869
eŋgelasgillii	-8.732869
ullensaker	-8.866401
sápmi	-8.866401
suomussalmi	-8.866401
kauhava	-8.866401
höfuðborgarsvæðið	-8.866401
valkeakoski	-8.866401
gaup	-8.866401
musea	-8.866401
lohja	-8.866401
lapua	-8.866401
kärkölä	-8.866401
ähtäri	-8.866401
veteli	-8.866401
anár	-8.866401
pielavesi	-8.866401
muhos	-8.866401
kuhmo	-8.866401
outokumpu	-8.866401
aikio	-8.866401
iisalmi	-8.866401
urjala	-8.866401
joroinen	-8.866401
paltamo	-8.866401
kokemäki	-8.866401
sveitarfélagið	-8.866401
tuusniemi	-8.866401
haapavesi	-8.866401
kivijärvi	-8.866401
lappajärvi	-8.866401
lieksa	-8.866401
ristijärvi	-8.866401
sulkava	-8.866401
merijärvi	-8.866401
jalasjärvi	-8.866401
nakkila	-8.866401
siikajoki	-8.866401
hankasalmi	-8.866401
reisjärvi	-8.866401
maalahti	-8.866401
säkylä	-8.866401
laitila	-8.866401
ruokolahti	-8.866401
isokyrö	-8.866401
närpiö	-8.866401
laihia	-8.866401
siikainen	-8.866401
kinnula	-8.866401
isojoki	-8.866401
lassin	-8.866401
durka	-8.866401
näkkäläjärvi	-8.866401
stuora	-8.866401
oppvekstsenter	-8.866401
mánáid	-8.866401
ruoŧŧa	-8.866401
eanemus	-8.866401
giellabearrašis	-8.866401
kiinná	-8.866401
hálddahuslaš	-8.866401
eanangotti	-8.866401
opplánda	-8.866401
sosialisttalaš	-8.866401
oanádus	-8.866401
ovdalaš	-8.866401
álggii	-8.866401
dihto	-8.866401
gielddain	-8.866401
sámipolitihkkár	-8.866401
áirrasin	-8.866401
británnia	-8.866401
vahku	-8.866401
lassebustávva	-8.866401
iežas	-8.866401
ráhkaduvvon	-8.866401
ráhkadan	-8.866401
fitnodat	-8.866401
riikkageaidnu	-8.866401
studeantta	-8.866401
siiddu	-8.866401
golmmačiegat	-8.866401
nannestad	-9.020551
indias	-9.020551
nøtterøy	-9.020551
provincias	-9.020551
vaasa	-9.020551
materna	-9.020551
año	-9.020551
somero	-9.020551
según	-9.020551
regiones	-9.020551
infantil	-9.020551
habitual	-9.020551
residencia	-9.020551
nurmijärvi	-9.020551
kaarina	-9.020551
suðurnes	-9.020551
housing	-9.020551
kontiolahti	-9.020551
riihimäki	-9.020551
logi	-9.020551
tasa	-9.020551
nivala	-9.020551
leana	-9.020551
hamina	-9.020551
valkeapää	-9.020551
gilis	-9.020551
marttila	-9.020551
uusikaupunki	-9.020551
laukaa	-9.020551
akaa	-9.020551
utajärvi	-9.020551
pyhäjoki	-9.020551
pudasjärvi	-9.020551
pälkäne	-9.020551
lempäälä	-9.020551
karvia	-9.020551
ilmajoki	-9.020551
vesanto	-9.020551
juankoski	-9.020551
huittinen	-9.020551
merikarvia	-9.020551
sysmä	-9.020551
mänttä	-9.020551
ruovesi	-9.020551
enebakk	-9.020551
videregående	-9.020551
eai	-9.020551
vilppula	-9.020551
kaavi	-9.020551
puumala	-9.020551
ikaalinen	-9.020551
suonenjoki	-9.020551
rautalampi	-9.020551
orivesi	-9.020551
tervo	-9.020551
soini	-9.020551
alavieska	-9.020551
sonkajärvi	-9.020551
siida	-9.020551
karstula	-9.020551
padasjoki	-9.020551
evijärvi	-9.020551
lieto	-9.020551
taivassalo	-9.020551
polvijärvi	-9.020551
kärsämäki	-9.020551
kruunupyy	-9.020551
kuhmoinen	-9.020551
toivakka	-9.020551
joutsa	-9.020551
uurainen	-9.020551
oulainen	-9.020551
hirvensalmi	-9.020551
teuva	-9.020551
vesilahti	-9.020551
honkajoki	-9.020551
uusikaarlepyy	-9.020551
kristiinankaupunki	-9.020551
kannonkoski	-9.020551
multia	-9.020551
kyyjärvi	-9.020551
ollu	-9.020551
orru	-9.020551
vihta	-9.020551
brutas	-9.020551
insitute	-9.020551
kjósarsýsla	-9.020551
natalidad	-9.020551
vietnamis	-9.020551
gwynedda	-9.020551
suopma	-9.020551
láhpoluobbala	-9.020551
duiska	-9.020551
greikkagillii	-9.020551
sámegillii	-9.020551
riikkaidgaskasaš	-9.020551
muhtumin	-9.020551
itálialaš	-9.020551
oarjesápmelaš	-9.020551
njealját	-9.020551
ålándda	-9.020551
boares	-9.020551
válborbeaivi	-9.020551
telemárku	-9.020551
hordalánda	-9.020551
dásseválddi	-9.020551
parlameanta	-9.020551
kultuvrra	-9.020551
vuosttas	-9.020551
dušše	-9.020551
jáhpangiela	-9.020551
dáhpáhuvai	-9.020551
aviisa	-9.020551
anáraš	-9.020551
jagiide	-9.020551
várrelahttu	-9.020551
álbmoga	-9.020551
ealli	-9.020551
eallá	-9.020551
šattut	-9.020551
ruoššagillii	-9.020551
dávjá	-9.020551
vuollečearda	-9.020551
planehta	-9.020551
gaskal	-9.020551
risttalašvuođa	-9.020551
maŋŋel	-9.020551
popmusihkkár	-9.020551
älmhulta	-9.020551
deháleamos	-9.020551
sátnejođiheaddji	-9.020551
ovddasvástádus	-9.020551
davvinjárggas	-9.020551
regiovnna	-9.020551
suoris	-9.020551
nuvttá	-9.020551
provinssa	-9.020551
erenoamážit	-9.020551
dásseválddis	-9.020551
odal	-9.202872
kitee	-9.202872
orimattila	-9.202872
kuortane	-9.202872
helsset	-9.202872
lietuva	-9.202872
conwy	-9.202872
janakkala	-9.202872
kiuruvesi	-9.202872
pietarsaari	-9.202872
masku	-9.202872
lapinlahti	-9.202872
vehmaa	-9.202872
päijät	-9.202872
kaustinen	-9.202872
rääkkylä	-9.202872
mustasaari	-9.202872
hyrynsalmi	-9.202872
karkkila	-9.202872
sørum	-9.202872
gjerdrum	-9.202872
frogn	-9.202872
harjavalta	-9.202872
artibonite	-9.202872
alavus	-9.202872
naantali	-9.202872
fálesnuori	-9.202872
mäntyharju	-9.202872
keitele	-9.202872
kannus	-9.202872
luumäki	-9.202872
máze	-9.202872
asikkala	-9.202872
luoto	-9.202872
lumijoki	-9.202872
miehikkälä	-9.202872
jokioinen	-9.202872
vieremä	-9.202872
eurajoki	-9.202872
pirkkala	-9.202872
savitaipale	-9.202872
valtimo	-9.202872
tyrnävä	-9.202872
ypäjä	-9.202872
kihniö	-9.202872
áigi	-9.202872
ulvila	-9.202872
halsua	-9.202872
vimpeli	-9.202872
toholampi	-9.202872
vöyri	-9.202872
pomarkku	-9.202872
sauvo	-9.202872
juupajoki	-9.202872
karijoki	-9.202872
konnevesi	-9.202872
logus	-9.202872
norga	-9.202872
sápmelaččat	-9.202872
hiraganas	-9.202872
katakanas	-9.202872
lohku	-9.202872
eanodaga	-9.202872
albánia	-9.202872
oseanias	-9.202872
kárášjogas	-9.202872
eurohpa	-9.202872
lulábealde	-9.202872
duiskkagillii	-9.202872
ungára	-9.202872
davvejovkui	-9.202872
rádjái	-9.202872
unnimus	-9.202872
fuolkegiella	-9.202872
stáhtat	-9.202872
áibbas	-9.202872
spánskagillii	-9.202872
jaskesábis	-9.202872
álggus	-9.202872
gávpotárvvu	-9.202872
viidodaga	-9.202872
rogalánda	-9.202872
davábealde	-9.202872
jođiheaddji	-9.202872
deanuleagi	-9.202872
gávpogii	-9.202872
leavgga	-9.202872
polenis	-9.202872
báiki	-9.202872
iežaset	-9.202872
čuođi	-9.202872
almmuhuvvui	-9.202872
áviisa	-9.202872
vihtta	-9.202872
jahkečuohti	-9.202872
stáhtain	-9.202872
sámegiela	-9.202872
ovcci	-9.202872
oarjedavvi	-9.202872
ledje	-9.202872
iešguđet	-9.202872
prográmma	-9.202872
čearda	-9.202872
rássi	-9.202872
boahtá	-9.202872
violaid	-9.202872
ráhkadit	-9.202872
vuoražaslottiide	-9.202872
vizariidda	-9.202872
báiskelottiide	-9.202872
stávvalmearka	-9.202872
stávvalmearkaortnegiin	-9.202872
báikkálaš	-9.202872
iešguđetlágan	-9.202872
oktiibuot	-9.202872
snoasa	-9.202872
akkusatiiva	-9.202872
pronomenat	-9.202872
guhkki	-9.202872
álggahuvvui	-9.202872
servodaga	-9.202872
guovtti	-9.202872
markaryda	-9.202872
interneahtta	-9.202872
mainna	-9.202872
vuotna	-9.202872
álggahuvvon	-9.202872
bajásšaddanguovddáš	-9.202872
ossodat	-9.202872
mearkkaša	-9.202872
