afrika	-3.9299939
e	-3.9570227
a	-4.187039
de	-7.1488695
ka	-3.2368467
la	-5.1119876
le	-3.8654554
studio	-7.1488695
na	-5.4142685
network	-7.1488695
ipa	-7.1488695
china	-6.4557223
chile	-7.1488695
wa	-3.4191682
o	-4.9893856
se	-5.2029595
amerika	-6.8611875
s	-7.1488695
di	-6.1680403
mo	-6.638044
asia	-6.301572
ba	-4.104347
by	-7.1488695
da	-7.1488695
bo	-6.1680403
city	-7.1488695
cape	-7.1488695
brazil	-6.638044
lesotho	-4.8462844
y	-7.1488695
go	-4.781746
ya	-3.5379517
ke	-2.7794218
sa	-4.027974
vietnam	-5.762575
volleyball	-6.8611875
dong	-7.1488695
me	-6.638044
palo	-5.849587
nam	-6.638044
kwazulu	-6.050257
moka	-5.762575
trung	-6.8611875
eo	-6.301572
ha	-6.050257
serbia	-6.050257
ea	-5.303043
ho	-4.486282
usa	-6.8611875
nang	-5.5394316
oa	-4.5098124
limpopo	-6.4557223
seo	-6.638044
spain	-6.638044
morena	-5.6084247
finland	-6.8611875
kapa	-5.35711
dabi	-6.638044
tse	-5.15644
motse	-3.7931347
borwa	-3.8530328
tsa	-4.8462844
lefatshe	-6.301572
motsana	-6.301572
batho	-5.6084247
mme	-6.638044
aforika	-6.4557223
puo	-6.4557223
pele	-6.301572
ebile	-6.1680403
dipuo	-6.8611875
kereke	-6.8611875
sesotho	-6.8611875
kontinente	-6.638044
poland	-6.4557223
kroatia	-5.1119876
feta	-6.4557223
naha	-5.069428
uropa	-4.2221303
provense	-4.4188404
mmasepala	-4.9152775
motsemoholo	-4.9152775
masepala	-5.0286064
freistata	-5.069428
naheng	-5.2517495
badudi	-5.4142685
selemo	-5.5394316
setereke	-5.5394316
mmolêlô	-5.5394316
batlile	-5.682533
fetang	-5.682533
holo	-5.762575
metsimaholo	-5.849587
baahi	-5.9448967
botjhabela	-5.9448967
boroa	-6.050257
natala	-6.050257
hotloha	-6.050257
leboya	-6.1680403
hore	-6.301572
sepuo	-6.301572
hofihlela	-6.301572
ngwathe	-6.4557223
yona	-6.4557223
fumaneha	-6.4557223
mahareng	-6.4557223
monyenyane	-6.4557223
fezile	-6.638044
moqhaka	-6.638044
mazulu	-6.638044
ntlu	-6.638044
phôôfôlô	-6.638044
otlego	-6.638044
mmino	-6.638044
sebakeng	-6.638044
umgungundlovu	-6.8611875
tsona	-6.8611875
bophirimela	-6.8611875
sechaba	-6.8611875
thuto	-6.8611875
hlaha	-6.8611875
sebapadi	-6.8611875
tseo	-6.8611875
lebitso	-6.8611875
robong	-6.8611875
libuka	-6.8611875
haholo	-6.8611875
