afrika	-7.897891
the	-7.1094337
of	-6.7347403
e	-3.3761024
natal	-7.204744
a	-3.8618822
kwa	-4.544484
ka	-4.073607
la	-4.118257
africa	-7.4278874
national	-7.4278874
new	-7.4278874
le	-2.870071
na	-4.6631417
china	-7.0224223
gauteng	-7.7155695
wa	-3.7675362
o	-3.4025357
re	-7.897891
se	-4.544484
november	-6.4628067
di	-4.6397943
mo	-3.2382326
ko	-6.1061316
ba	-4.095683
bo	-6.3718348
japan	-7.7155695
fa	-5.3964553
one	-7.3101044
jo	-7.3101044
botswana	-3.681329
zimbabwe	-6.616957
party	-7.897891
time	-7.7155695
go	-4.0605917
ya	-3.2827706
ke	-3.2612221
ne	-5.8184495
nama	-7.204744
moo	-7.4278874
ga	-4.9747295
sa	-4.558569
ene	-7.1094337
ele	-6.616957
vietnam	-7.561419
palo	-6.4162865
desert	-7.897891
pula	-7.7155695
kwazulu	-7.3101044
zambia	-7.4278874
namibia	-6.7347403
nang	-7.897891
asian	-7.561419
limpopo	-7.897891
europa	-7.1094337
lone	-7.4278874
kana	-6.9423795
leng	-7.204744
ee	-7.204744
spain	-7.3101044
yo	-5.2732224
kalahari	-6.7347403
naga	-7.561419
oo	-7.561419
dira	-7.0224223
kapa	-6.288453
yone	-7.204744
teng	-6.7992787
bile	-7.3101044
dile	-7.0224223
bale	-7.897891
bana	-7.4278874
gore	-6.6741157
sese	-7.897891
tse	-4.6631417
jwa	-4.331179
motse	-4.383365
toropo	-4.5800753
borwa	-4.602054
kgaolong	-4.8726
baagi	-4.9223614
ngwaga	-5.0765123
gape	-5.1128798
tsa	-5.1253023
masome	-5.230663
botlhaba	-5.3329415
lefatshe	-5.446886
bokone	-5.518345
motsana	-5.518345
kgolo	-5.537037
legare	-5.556085
aferika	-5.5755033
bophirima	-5.595306
batho	-5.6155086
mme	-5.746129
aforika	-5.793757
kgotsa	-5.869743
gaborone	-5.9809685
setoropo	-5.9809685
nale	-6.0108213
noka	-6.1400332
dikhilomethara	-6.1751246
nna	-6.211492
lefelo	-6.211492
sekolo	-6.2492323
kgaolo	-6.2492323
molelwane	-6.2492323
makgolo	-6.3718348
mabedi	-6.3718348
tsweng	-6.3718348
ngwanatsele	-6.3718348
puo	-6.4162865
lefatsheng	-6.4162865
francistown	-6.4628067
tswa	-6.56289
pele	-6.616957
potlana	-6.616957
dijo	-6.6741157
sekgele	-6.6741157
thata	-6.7347403
tlhola	-6.7347403
lesome	-6.7347403
bonwa	-6.7347403
gare	-6.7992787
botlhano	-6.7992787
metshameko	-6.7992787
godimo	-6.7992787
khama	-6.868272
motho	-6.868272
ebile	-6.868272
nngwe	-6.868272
mane	-6.9423795
ghanzi	-6.9423795
kgalagadi	-6.9423795
metsi	-6.9423795
nata	-6.9423795
neng	-6.9423795
leina	-6.9423795
dingwe	-6.9423795
kgwedi	-6.9423795
morafe	-6.9423795
okavango	-7.0224223
palapye	-7.0224223
tsela	-7.0224223
setlhopha	-7.0224223
bobedi	-7.0224223
mararo	-7.0224223
fitlhelwa	-7.0224223
gaufi	-7.0224223
tlase	-7.0224223
matlhano	-7.0224223
jaaka	-7.0224223
gaotshwane	-7.0224223
nako	-7.1094337
lekgolo	-7.1094337
gantsi	-7.1094337
ntlha	-7.1094337
akaretsa	-7.1094337
sekakeng	-7.1094337
kgwele	-7.1094337
dinao	-7.1094337
bone	-7.204744
supa	-7.204744
bongwe	-7.204744
tautona	-7.204744
sengwe	-7.204744
ngwana	-7.204744
mongwe	-7.204744
dipalo	-7.204744
diphologolo	-7.204744
selekanyo	-7.204744
botlana	-7.204744
difofane	-7.204744
kgosi	-7.3101044
setswana	-7.3101044
mahalapye	-7.3101044
batswana	-7.3101044
rre	-7.3101044
dipuo	-7.3101044
toropong	-7.3101044
bapile	-7.3101044
nnang	-7.3101044
sekole	-7.3101044
pedi	-7.4278874
serowe	-7.4278874
nne	-7.4278874
puso	-7.4278874
kereke	-7.4278874
molao	-7.4278874
mafatshe	-7.4278874
toropokgolo	-7.4278874
tshotswe	-7.4278874
borataro	-7.4278874
tlholego	-7.4278874
dikilomitara	-7.4278874
zambezi	-7.561419
raya	-7.561419
tona	-7.561419
fela	-7.561419
bapa	-7.561419
monna	-7.561419
mengwe	-7.561419
malatsi	-7.561419
mangwe	-7.561419
lebala	-7.561419
gotswa	-7.561419
bophara	-7.561419
bonwang	-7.561419
farologaneng	-7.561419
dirisiwang	-7.561419
bidiwang	-7.561419
tseleng	-7.561419
kopanyang	-7.561419
tsone	-7.561419
makgobokgobo	-7.561419
kokelwana	-7.561419
boimana	-7.561419
mabelo	-7.561419
dirisiwa	-7.561419
sesotho	-7.7155695
ngami	-7.7155695
gona	-7.7155695
bathong	-7.7155695
dikete	-7.7155695
ebong	-7.7155695
kompone	-7.7155695
metse	-7.7155695
lekgotla	-7.7155695
sekete	-7.7155695
gagwe	-7.7155695
tsotlhe	-7.7155695
bontlha	-7.7155695
setshaba	-7.7155695
selegae	-7.7155695
bogareng	-7.7155695
makgolokgolo	-7.7155695
kgaolwaneng	-7.7155695
mmogo	-7.7155695
lefelong	-7.7155695
gotsweng	-7.7155695
boferabobedi	-7.7155695
simolotse	-7.7155695
seretse	-7.897891
lobatse	-7.897891
chobe	-7.897891
tla	-7.897891
jalo	-7.897891
madi	-7.897891
gae	-7.897891
