i	-7.2839236
the	-4.3154836
of	-5.004686
e	-2.269705
c	-8.057114
in	-5.572207
and	-5.878581
a	-5.2239003
u	-8.057114
ka	-6.3225126
for	-6.7578306
is	-5.859889
on	-7.0762844
it	-6.553036
at	-7.9029627
or	-7.0762844
na	-7.9029627
he	-3.620362
ni	-4.6898174
to	-5.51814
may	-8.057114
s	-7.6516485
mo	-4.112301
this	-6.904434
ii	-7.7694316
pe	-4.7551227
was	-5.6744857
ko	-2.492593
from	-6.7578306
as	-6.4148855
be	-7.140823
an	-7.01566
by	-7.0762844
ki	-4.5758734
that	-6.8043504
are	-7.01566
island	-7.9029627
which	-7.7694316
with	-6.713379
who	-7.9029627
also	-7.7694316
one	-7.140823
when	-7.546288
old	-8.057114
known	-8.057114
first	-7.6516485
his	-6.111203
their	-7.6516485
son	-7.7694316
time	-8.057114
not	-6.8043504
about	-8.057114
but	-7.2098155
ke	-7.01566
ne	-5.7217383
te	-8.057114
pea	-5.7217383
king	-7.9029627
vale	-8.057114
star	-8.057114
lou	-7.9029627
ai	-5.4668465
tala	-7.140823
church	-7.7694316
loma	-7.7694316
lau	-7.0762844
vai	-7.2839236
sm	-7.2839236
lea	-5.243703
name	-7.6516485
ha	-5.878581
sai	-6.6299973
then	-8.057114
they	-7.7694316
ia	-3.5049925
tonga	-5.243703
stars	-8.057114
kai	-7.2098155
langi	-7.7694316
her	-7.7694316
ua	-7.2839236
she	-7.546288
had	-7.140823
before	-8.057114
tangata	-7.2098155
him	-7.9029627
chief	-7.2839236
around	-8.057114
title	-7.6516485
mei	-4.7072096
because	-7.7694316
niu	-7.7694316
tea	-8.057114
father	-7.7694316
ui	-5.705738
aka	-7.9029627
lava	-7.3639665
fanga	-6.553036
motu	-6.383137
kula	-7.2839236
taha	-5.3715363
brother	-7.7694316
wife	-7.9029627
fuʻu	-3.9966705
lahi	-4.243071
ngaahi	-4.428338
siʻi	-4.6231265
tongá	-4.9736757
hono	-5.036689
pē	-5.086699
hingoa	-5.253753
tatau	-5.3945255
tupu	-5.544808
naʻe	-5.5584135
foʻi	-5.6744857
tuʻi	-5.7217383
kā	-5.805822
manupuna	-5.805822
fakapilitānia	-5.93685
fua	-5.977672
foki	-5.977672
kau	-5.9987254
maʻa	-6.0876727
kiʻi	-6.135301
matalaʻiʻakau	-6.135301
taʻefakalakanga	-6.135301
faʻahinga	-6.211287
ofi	-6.265354
ngāueʻaki	-6.3225126
mahalo	-6.383137
vavaʻu	-6.4148855
taimi	-6.4476757
senitimita	-6.4476757
kakala	-6.5166683
tongatapu	-6.553036
meimei	-6.553036
nofo	-6.5907764
totolo	-6.6299973
kāinga	-6.6299973
feituʻu	-6.6299973
siʻisiʻi	-6.6299973
monumanu	-6.6299973
mohuku	-6.6299973
kae	-6.6708193
kotoa	-6.6708193
koeʻuhi	-6.6708193
vao	-6.713379
ongo	-6.7578306
kehe	-6.7578306
siasi	-6.8043504
ngoue	-6.8043504
naʻa	-6.8043504
fetuʻu	-6.8043504
hinehina	-6.8043504
nau	-6.853141
ange	-6.853141
tuʻufonua	-6.853141
manakoa	-6.853141
kulokula	-6.853141
tongan	-6.904434
pupunga	-6.904434
fuoloa	-6.904434
matala	-6.9585013
loto	-6.9585013
tenga	-6.9585013
tuʻafanga	-6.9585013
mita	-7.01566
vahe	-7.01566
kolo	-7.0762844
fisi	-7.0762844
fonua	-7.0762844
lafu	-7.0762844
onoʻaho	-7.0762844
mahuʻinga	-7.0762844
matātahi	-7.0762844
engeenga	-7.0762844
haʻapai	-7.140823
māmani	-7.140823
niʻihi	-7.140823
moʻoni	-7.140823
hano	-7.2098155
honau	-7.2098155
fefine	-7.2098155
kapakau	-7.2098155
saienisi	-7.2098155
kakai	-7.2839236
muli	-7.2839236
meʻa	-7.2839236
fue	-7.3639665
tupou	-7.3639665
tāufaʻāhau	-7.3639665
haʻamoa	-7.3639665
manupuná	-7.3639665
toe	-7.450978
konga	-7.450978
pī	-7.450978
lavelua	-7.450978
hoko	-7.450978
katolika	-7.450978
talatala	-7.450978
haʻane	-7.450978
lolotonga	-7.450978
aʻu	-7.450978
fakafanau	-7.450978
meʻamoʻui	-7.450978
fakafānau	-7.450978
kiu	-7.546288
tahi	-7.546288
tohi	-7.546288
haʻatakalaua	-7.546288
haʻa	-7.546288
muʻa	-7.546288
fakatonga	-7.546288
kolomuʻa	-7.546288
tuʻu	-7.546288
heʻene	-7.546288
namulelei	-7.546288
fefeka	-7.546288
tengaefuefu	-7.546288
fakalatina	-7.546288
mafolalahia	-7.546288
tokelau	-7.6516485
ika	-7.6516485
siaosi	-7.6516485
ngongo	-7.6516485
fale	-7.6516485
kanokupolu	-7.6516485
paʻanga	-7.6516485
pehē	-7.6516485
kehekehe	-7.6516485
neongo	-7.6516485
fakasaienisi	-7.6516485
tātātaha	-7.6516485
motuku	-7.6516485
traditional	-7.7694316
tafahi	-7.7694316
hahake	-7.7694316
ifo	-7.7694316
kapau	-7.7694316
siaina	-7.7694316
fakanofo	-7.7694316
tukufakaholo	-7.7694316
moʻui	-7.7694316
tengaʻiʻakau	-7.7694316
taimí	-7.7694316
constellation	-7.9029627
heni	-7.9029627
hina	-7.9029627
lile	-7.9029627
siale	-7.9029627
musie	-7.9029627
toloa	-7.9029627
manongi	-7.9029627
melie	-7.9029627
taʻu	-7.9029627
kelekele	-7.9029627
tupuʻanga	-7.9029627
fakaʻeiki	-7.9029627
fakaʻofoʻofa	-7.9029627
polinisia	-7.9029627
ngutulei	-7.9029627
ano	-8.057114
