afrika	-5.074114
i	-4.1888065
the	-6.753756
ngo	-6.3790627
eafrika	-7.765357
of	-6.155919
kanye	-6.6667447
owazalwa	-7.765357
e	-6.6667447
abantu	-5.5681324
wasemelika	-7.5422134
c	-7.765357
kakhulu	-6.016157
university	-7.2057414
ngokuthi	-8.05304
in	-8.05304
and	-6.753756
khona	-6.753756
a	-7.359892
no	-7.359892
ama	-8.05304
kwa	-7.359892
lase	-8.05304
igama	-6.318438
ukuba	-5.9735975
ukuze	-6.060609
de	-6.954427
u	-6.3790627
ye	-6.512594
ka	-6.512594
kodwa	-6.2612796
emhlabeni	-6.6667447
ukuthi	-7.5422134
into	-5.6551437
kanti	-7.765357
kwaxhosa	-7.5422134
phakathi	-6.2612796
yakhe	-7.359892
umsebenzi	-7.2057414
uhlobo	-6.6667447
la	-8.05304
south	-8.05304
is	-7.2057414
we	-6.2612796
africa	-7.359892
indawo	-7.5422134
wakhe	-7.765357
labantu	-7.07221
jikelele	-7.5422134
lula	-8.05304
ulwazi	-6.954427
izinto	-5.819447
ibhola	-7.5422134
komhlaba	-7.765357
wazalwa	-5.7843556
new	-8.05304
le	-5.625291
it	-7.359892
kuba	-6.8490663
studio	-8.05304
or	-7.2057414
na	-6.318438
network	-8.05304
zuma	-8.05304
nge	-6.753756
waye	-8.05304
wonke	-7.765357
yase	-7.2057414
zonke	-6.753756
ngeminyaka	-8.05304
ngumdlalo	-7.359892
amanzi	-7.2057414
ngaphakathi	-7.765357
lo	-6.6667447
to	-7.765357
o	-8.05304
april	-7.765357
march	-8.05304
se	-7.359892
s	-7.07221
ii	-6.2072124
yi	-6.016157
from	-7.5422134
united	-8.05304
an	-7.765357
da	-8.05304
that	-7.359892
b	-7.765357
which	-8.05304
l	-8.05304
number	-7.359892
oko	-7.359892
ibe	-7.5422134
m	-7.765357
table	-7.5422134
bc	-8.05304
america	-8.05304
element	-7.5422134
oxford	-8.05304
chemical	-6.954427
sele	-7.765357
elements	-7.5422134
y	-7.765357
abo	-7.765357
science	-7.5422134
okanye	-4.3233376
kunye	-4.977264
xa	-5.2198257
ngokuba	-5.3904514
ngomhla	-5.4880896
ke	-5.6859155
kwi	-5.750454
emzantsi	-5.750454
ngayo	-5.9735975
apho	-6.016157
kwaye	-6.016157
elithi	-6.107129
apha	-6.2612796
ezi	-6.2612796
ngabantu	-6.2612796
yinto	-6.2612796
luhlobo	-6.318438
koloni	-6.443601
eli	-6.512594
nto	-6.512594
ezininzi	-6.512594
okokuba	-6.512594
ne	-6.586702
kuthiwa	-6.586702
amabini	-6.6667447
ndawo	-6.6667447
ligama	-6.753756
ngu	-6.753756
yonke	-6.753756
kuxa	-6.753756
iqela	-6.753756
yindawo	-6.753756
kuthethwa	-6.753756
waza	-6.8490663
wama	-6.8490663
ukuya	-6.8490663
ulwimi	-6.8490663
wasemzantsi	-6.8490663
ishumi	-6.8490663
umntu	-6.8490663
ngumntu	-6.8490663
nje	-6.954427
amandla	-6.954427
kuyo	-6.954427
inyama	-6.954427
kuphela	-6.954427
lelinye	-6.954427
yenye	-6.954427
sithetha	-6.954427
izilwanyana	-6.954427
umzekelo	-6.954427
ingakumbi	-6.954427
yintoni	-6.954427
ukutya	-6.954427
sisixhobo	-6.954427
eyenziwa	-6.954427
nee	-7.07221
iba	-7.07221
melika	-7.07221
month	-7.07221
esi	-7.07221
kweli	-7.07221
kokuba	-7.07221
njalo	-7.07221
wesi	-7.07221
ngaphandle	-7.07221
nezinye	-7.07221
ezifana	-7.07221
ukwenza	-7.07221
ebizwa	-7.07221
zinto	-7.07221
eziphilayo	-7.07221
yidolophu	-7.07221
kwiphondo	-7.07221
wasweleka	-7.07221
singathi	-7.07221
ezimbini	-7.07221
ze	-7.2057414
lwe	-7.2057414
phaya	-7.2057414
kulo	-7.2057414
inani	-7.2057414
indlela	-7.2057414
idla	-7.2057414
emva	-7.2057414
umhlaba	-7.2057414
ubukhulu	-7.2057414
ngezinto	-7.2057414
idolophu	-7.2057414
phantsi	-7.2057414
ezimanyeneyo	-7.2057414
nangaphezulu	-7.2057414
gama	-7.359892
soga	-7.359892
accounting	-7.359892
kwe	-7.359892
zabo	-7.359892
leyo	-7.359892
enye	-7.359892
enkulu	-7.359892
lulwimi	-7.359892
ethile	-7.359892
kukho	-7.359892
abahlala	-7.359892
sisifundo	-7.359892
kumazwe	-7.359892
ezahlukeneyo	-7.359892
elinanye	-7.359892
becala	-7.359892
kwiindawo	-7.359892
yinkqubo	-7.359892
elisetyenziswa	-7.359892
intetho	-7.359892
weengoma	-7.359892
yingqokolela	-7.359892
iimpawu	-7.359892
sisixeko	-7.359892
emininzi	-7.359892
algebra	-7.5422134
abe	-7.5422134
oku	-7.5422134
amaxhosa	-7.5422134
olu	-7.5422134
uye	-7.5422134
loo	-7.5422134
imali	-7.5422134
mandla	-7.5422134
bathi	-7.5422134
zii	-7.5422134
ethi	-7.5422134
kwabo	-7.5422134
kuzo	-7.5422134
igadi	-7.5422134
yindlela	-7.5422134
ukusuka	-7.5422134
ngamandla	-7.5422134
ngalinye	-7.5422134
icala	-7.5422134
livela	-7.5422134
nezinto	-7.5422134
yabantu	-7.5422134
amanani	-7.5422134
yasemzantsi	-7.5422134
umzantsi	-7.5422134
lisebe	-7.5422134
uphondo	-7.5422134
lasempuma	-7.5422134
ikomkhulu	-7.5422134
isingesi	-7.5422134
ifumaneka	-7.5422134
ngamanye	-7.5422134
ngakumbi	-7.5422134
zombini	-7.5422134
yenziwe	-7.5422134
kwelinye	-7.5422134
ukuthetha	-7.5422134
ababini	-7.5422134
lamazwana	-7.5422134
asemelika	-7.5422134
isilwanyana	-7.5422134
kuloo	-7.5422134
ezithile	-7.5422134
liqela	-7.5422134
ezifumaneka	-7.5422134
ngexesha	-7.5422134
ekuthiwa	-7.5422134
metal	-7.765357
q	-7.765357
cell	-7.765357
simple	-7.765357
gallus	-7.765357
bantu	-7.765357
sisulu	-7.765357
biology	-7.765357
organs	-7.765357
ayo	-7.765357
atom	-7.765357
periodic	-7.765357
aze	-7.765357
ezo	-7.765357
wase	-7.765357
nalo	-7.765357
lonke	-7.765357
wayo	-7.765357
bawo	-7.765357
iphondo	-7.765357
yiyo	-7.765357
layo	-7.765357
hlobo	-7.765357
umzi	-7.765357
mathematika	-7.765357
yunivesithi	-7.765357
isixeko	-7.765357
amagama	-7.765357
kwakhe	-7.765357
ngendlela	-7.765357
phezu	-7.765357
uhamba	-7.765357
umoya	-7.765357
ibizwa	-7.765357
ngamanzi	-7.765357
bakhe	-7.765357
nabanye	-7.765357
elishumi	-7.765357
osuka	-7.765357
oluthethwa	-7.765357
izityalo	-7.765357
ezinje	-7.765357
nguphondo	-7.765357
yeyona	-7.765357
dolophu	-7.765357
umhla	-7.765357
yidolophi	-7.765357
utshintsho	-7.765357
esempuma	-7.765357
kufuneka	-7.765357
zophando	-7.765357
iilwimi	-7.765357
umdlali	-7.765357
ihamba	-7.765357
zendalo	-7.765357
eziphefumlayo	-7.765357
imfazwe	-7.765357
kwamaqela	-7.765357
ngezandla	-7.765357
sisilwanyana	-7.765357
lolunye	-7.765357
njengoko	-7.765357
amaxesha	-7.765357
lomzimba	-7.765357
zininzi	-7.765357
ngemihla	-7.765357
ngumbutho	-7.765357
ikholeji	-7.765357
yokuqeqeshela	-7.765357
kusetyenziswa	-7.765357
umntwana	-7.765357
umlinganiselo	-7.765357
ngamanani	-7.765357
ubuhlobo	-7.765357
kwihlabathi	-7.765357
ngeendlela	-7.765357
ihlabathi	-7.765357
nangona	-7.765357
kwindawo	-7.765357
ephilayo	-7.765357
ehlala	-7.765357
yezilwanyana	-7.765357
omzimba	-7.765357
ukususela	-7.765357
ezifanayo	-7.765357
ubugcisa	-7.765357
isenokuba	-7.765357
zizinto	-7.765357
kwii	-7.765357
ithetha	-7.765357
isohlwayo	-7.765357
impahla	-7.765357
iindaba	-7.765357
nesisetyenziswa	-7.765357
sokuphatha	-7.765357
lee	-8.05304
willem	-8.05304
school	-8.05304
pc	-8.05304
nama	-8.05304
zero	-8.05304
karate	-8.05304
economic	-8.05304
mandela	-8.05304
input	-8.05304
variable	-8.05304
klerk	-8.05304
transkei	-8.05304
kwale	-8.05304
negative	-8.05304
aliwal	-8.05304
wiktionary	-8.05304
ntshona	-8.05304
imbali	-8.05304
aba	-8.05304
organ	-8.05304
physics	-8.05304
bayo	-8.05304
elo	-8.05304
amane	-8.05304
sign	-8.05304
cells	-8.05304
fiziki	-8.05304
kuye	-8.05304
nayo	-8.05304
nkulu	-8.05304
particle	-8.05304
ngala	-8.05304
empuma	-8.05304
kule	-8.05304
pha	-8.05304
oxygen	-8.05304
yee	-8.05304
libe	-8.05304
yayo	-8.05304
mpuma	-8.05304
ngee	-8.05304
ngoko	-8.05304
malunga	-8.05304
lithi	-8.05304
wona	-8.05304
konke	-8.05304
wathi	-8.05304
isini	-8.05304
ulwandle	-8.05304
lwazi	-8.05304
yaye	-8.05304
nzulu	-8.05304
sisike	-8.05304
ngemali	-8.05304
wesixeko	-8.05304
kwinto	-8.05304
lwimi	-8.05304
kuwo	-8.05304
naliphi	-8.05304
yasekhaya	-8.05304
ukwanda	-8.05304
bucala	-8.05304
kwenye	-8.05304
ngamazwe	-8.05304
umbhali	-8.05304
oluthile	-8.05304
ezingama	-8.05304
lwabo	-8.05304
imithi	-8.05304
esebenzisa	-8.05304
elinye	-8.05304
mdlalo	-8.05304
imithetho	-8.05304
omkhulu	-8.05304
yomhlaba	-8.05304
indoda	-8.05304
elithile	-8.05304
wezibalo	-8.05304
ukugcina	-8.05304
zeelwimi	-8.05304
ebantwini	-8.05304
ngokusesikweni	-8.05304
ubizwa	-8.05304
lilizwe	-8.05304
kunxweme	-8.05304
kwexesha	-8.05304
ngamehlo	-8.05304
lwasemzantsi	-8.05304
liphondo	-8.05304
eyomnga	-8.05304
eyomqungu	-8.05304
wazalelwa	-8.05304
idolophi	-8.05304
amasiko	-8.05304
ukuziphatha	-8.05304
kwimbali	-8.05304
yoluntu	-8.05304
ngesingesi	-8.05304
ngesibhulu	-8.05304
eminyaka	-8.05304
ntlobo	-8.05304
odlalwa	-8.05304
amaninzi	-8.05304
yesini	-8.05304
kuthetha	-8.05304
ziquka	-8.05304
umzimba	-8.05304
iilwandle	-8.05304
siseko	-8.05304
emveni	-8.05304
kakuhle	-8.05304
kufuphi	-8.05304
zimbini	-8.05304
idibanisa	-8.05304
kwiminyaka	-8.05304
kwilizwe	-8.05304
befuna	-8.05304
ngowona	-8.05304
kwilali	-8.05304
obizwa	-8.05304
kunjalo	-8.05304
kweyedwarha	-8.05304
lasemzantsi	-8.05304
isipolisa	-8.05304
wezinto	-8.05304
lilungu	-8.05304
umlambo	-8.05304
umthi	-8.05304
imizekelo	-8.05304
umkhwa	-8.05304
lomzantsi	-8.05304
wento	-8.05304
inkokheli	-8.05304
iintlobo	-8.05304
lisiko	-8.05304
kwenziwe	-8.05304
lebhola	-8.05304
intlalo	-8.05304
omnye	-8.05304
emazantsi	-8.05304
kutshazimpuzi	-8.05304
amakhulu	-8.05304
kumzantsi	-8.05304
ezibonakalayo	-8.05304
zaseburhulumenteni	-8.05304
iminyaka	-8.05304
ekhatywayo	-8.05304
imvula	-8.05304
ngobukhulu	-8.05304
kutsho	-8.05304
ngehlabathi	-8.05304
ecwangcisiweyo	-8.05304
zolwazi	-8.05304
ngokubanzi	-8.05304
ngumsebenzi	-8.05304
ekwangumbhali	-8.05304
ngokungathi	-8.05304
ngumfanekiso	-8.05304
ukukhula	-8.05304
kuquka	-8.05304
ngomnye	-8.05304
ezenzelwe	-8.05304
ngundlunkulu	-8.05304
wedolophu	-8.05304
yinxalenye	-8.05304
lokutya	-8.05304
emzimbeni	-8.05304
womntu	-8.05304
zikwazi	-8.05304
sisetyenziswa	-8.05304
weqonga	-8.05304
ziimpawu	-8.05304
kwizinto	-8.05304
kumazantsi	-8.05304
kwisigrike	-8.05304
lezinto	-8.05304
iindlela	-8.05304
umthetho	-8.05304
bomntu	-8.05304
nokokuba	-8.05304
uphawu	-8.05304
hlula	-8.05304
