i	-7.9642425
of	-7.741099
de	-4.4830027
le	-6.3060145
it	-4.6965766
dwg	-2.7106612
cib	-3.0571177
beij	-3.3295135
aen	-3.4051163
bak	-3.64011
youq	-3.9211915
hung	-4.0082026
swhyienzsoq	-4.0572324
nyaeq	-4.0724225
sam	-4.437882
ngeih	-4.4526973
seiq	-4.47534
haj	-4.5222235
loeg	-4.5222235
cungj	-4.546516
bat	-4.5547466
caet	-4.5547466
gouj	-4.563045
nienz	-4.641007
miz	-4.7554173
caeuq	-4.7554173
si	-4.7861886
sawgun	-4.7861886
cunghgoz	-4.8961897
guekgya	-4.981089
bouxcuengh	-5.2234025
lij	-5.3251853
ndeu	-5.343204
nyied	-5.361553
heuh	-5.3992934
bingzfueng	-5.418711
gijgvangj	-5.438514
gvangjsih	-5.458717
hauh	-5.458717
goengleix	-5.458717
soujduh	-5.479336
gunghozgoz	-5.5003896
gvi	-5.5438747
swcigih	-5.589337
guh	-5.6616573
yen	-5.6869755
yinzminz	-5.7396193
boux	-5.767018
vah	-5.795189
gij	-5.795189
vunz	-5.8241763
cunghvaz	-5.8540297
guenj	-5.8540297
lingz	-5.9165497
dih	-5.983241
youz	-6.0183325
dieg	-6.0183325
daih	-6.0924406
fanh	-6.1316614
yacouh	-6.172483
saw	-6.2150426
bingh	-6.259495
singhgiz	-6.259495
dah	-6.406098
cungzcoj	-6.460165
ceiq	-6.460165
meijcouh	-6.460165
saek	-6.5173235
baih	-6.5173235
yinghgoz	-6.5173235
yiednamz	-6.5173235
doenghduz	-6.5173235
lai	-6.577948
bi	-6.6424866
meijgoz	-6.6424866
daengz	-6.6424866
cwngci	-6.6424866
iq	-6.7114797
seng	-6.7114797
sij	-6.7114797
fuzsuih	-6.7114797
yungh	-6.7114797
heuhguh	-6.7114797
neix	-6.785588
fazgoz	-6.785588
aeu	-6.86563
laux	-6.86563
guengjsae	-6.86563
baihnamz	-6.86563
dayoz	-6.86563
caueq	-6.86563
namij	-6.86563
cin	-6.952642
hozciz	-6.952642
swngj	-6.952642
mbouj	-6.952642
doengnamz	-6.952642
yenzgiu	-6.952642
baenz	-6.952642
doiq	-6.952642
xiàn	-7.0479517
hoh	-7.0479517
yindu	-7.0479517
biengz	-7.0479517
roxnaeuz	-7.0479517
daeuj	-7.0479517
sihbanhyaz	-7.0479517
nanzmeijcouh	-7.0479517
daj	-7.153312
ndaej	-7.153312
itbuen	-7.153312
cienz	-7.153312
chile	-7.2710953
zhèn	-7.2710953
ndaw	-7.2710953
soujfuj	-7.2710953
daizvanh	-7.2710953
dauj	-7.2710953
minzgoz	-7.2710953
gungcanjdangj	-7.2710953
bouxsei	-7.2710953
sengj	-7.2710953
gaenq	-7.2710953
daengj	-7.2710953
ouhcouh	-7.2710953
yindung	-7.2710953
fatseng	-7.2710953
minzcuzvunznoix	-7.2710953
vwnzva	-7.2710953
minzcuj	-7.2710953
swyouz	-7.2710953
sevei	-7.2710953
mbangj	-7.2710953
ezlozswh	-7.2710953
nyinhnaeuz	-7.2710953
couh	-7.2710953
haujlai	-7.2710953
feihcouh	-7.2710953
song	-7.404627
bae	-7.404627
gak	-7.404627
rox	-7.404627
maenz	-7.404627
hawj	-7.404627
gonq	-7.404627
cihmeh	-7.404627
sawjyungh	-7.404627
baekging	-7.404627
yingjyangj	-7.404627
yozgoh	-7.404627
seizneix	-7.404627
suhlienz	-7.404627
danq	-7.404627
seveicujyi	-7.404627
dengj	-7.404627
bahsih	-7.404627
ciznieb	-7.404627
cauzsenh	-7.404627
nditbonj	-7.404627
gunghvei	-7.404627
ndwenngoenz	-7.404627
yesu	-7.5587773
deng	-7.5587773
hag	-7.5587773
vahcuengh	-7.5587773
caemh	-7.5587773
baksaek	-7.5587773
swci	-7.5587773
hawsingz	-7.5587773
yijcuz	-7.5587773
dwzgoz	-7.5587773
ngoenz	-7.5587773
vuengzciuz	-7.5587773
geij	-7.5587773
dungjci	-7.5587773
sojmiz	-7.5587773
baihsae	-7.5587773
yienzsoq	-7.5587773
cujciz	-7.5587773
lizsij	-7.5587773
cingsaenz	-7.5587773
dawz	-7.5587773
ciengj	-7.5587773
coenggyau	-7.5587773
cenzgoz	-7.5587773
hwnq	-7.5587773
bohcangz	-7.5587773
seizgan	-7.5587773
danvih	-7.5587773
ik	-7.741099
baez	-7.741099
rin	-7.741099
laj	-7.741099
seiz	-7.741099
baek	-7.741099
hix	-7.741099
eiq	-7.741099
zìzhìxiàn	-7.741099
sawndip	-7.741099
monz	-7.741099
laeng	-7.741099
haij	-7.741099
minzcuz	-7.741099
laebbaenz	-7.741099
doengh	-7.741099
haenx	-7.741099
veiyi	-7.741099
liuz	-7.741099
sohguenjsi	-7.741099
yaemh	-7.741099
daibyauj	-7.741099
gyoengqvunz	-7.741099
ciemq	-7.741099
cietyoz	-7.741099
gyoengqde	-7.741099
goengqvunz	-7.741099
guenfueng	-7.741099
ginzdauj	-7.741099
swhsiengj	-7.741099
yindunizsihya	-7.741099
doengnamzya	-7.741099
baugvaq	-7.741099
hanzgoz	-7.741099
cozgya	-7.741099
vaqyoz	-7.741099
leixlwnh	-7.741099
fuzdauj	-7.741099
gozliz	-7.741099
cunghdoeng	-7.741099
he	-7.9642425
lo	-7.9642425
sang	-7.9642425
hai	-7.9642425
cien	-7.9642425
vih	-7.9642425
dàxué	-7.9642425
sigi	-7.9642425
baen	-7.9642425
dox	-7.9642425
gih	-7.9642425
guek	-7.9642425
lwg	-7.9642425
cidu	-7.9642425
doeng	-7.9642425
hoiz	-7.9642425
davei	-7.9642425
vujmingz	-7.9642425
cwngfuj	-7.9642425
gvangjdungh	-7.9642425
gauqbaiq	-7.9642425
ngoenzneix	-7.9642425
doengbaek	-7.9642425
digih	-7.9642425
cwngzsi	-7.9642425
gvaq	-7.9642425
hongdawz	-7.9642425
doenghgo	-7.9642425
canghdajveh	-7.9642425
sawcuenh	-7.9642425
haihij	-7.9642425
ndwen	-7.9642425
cancwngh	-7.9642425
faenbouh	-7.9642425
sihcang	-7.9642425
vwnzyoz	-7.9642425
vuengzdaeq	-7.9642425
daeqgoz	-7.9642425
gwnz	-7.9642425
cujyau	-7.9642425
yinznanz	-7.9642425
digiuz	-7.9642425
namz	-7.9642425
lenzhozgoz	-7.9642425
sinyangj	-7.9642425
gohyoz	-7.9642425
gojyij	-7.9642425
diuz	-7.9642425
oucouh	-7.9642425
gawq	-7.9642425
dazyinx	-7.9642425
geidoekgauq	-7.9642425
leabbean	-7.9642425
