afrika	-4.3820267
i	-4.564348
emelika	-4.8520303
the	-4.874503
ngo	-4.945121
wajapani	-4.995131
izwe	-4.995131
noma	-5.047775
futhi	-5.075174
eafrika	-5.1323323
iyizwe	-5.162185
ezingcolile	-5.2247057
kuyinto	-5.291397
of	-5.326488
yaseningizimu	-5.362856
kanye	-5.400596
unguhlabeleli	-5.5231986
owazalwa	-5.5676503
iyidolobha	-5.5676503
eningizimu	-5.6141706
iyisifunda	-5.6629605
ubezalwa	-5.6629605
e	-5.714254
abantu	-5.714254
umuntu	-5.8254795
umlingisi	-5.886104
phezulu	-5.9506426
singulimi	-5.9506426
wezolo	-5.9506426
natal	-6.019635
wasemelika	-6.019635
ngoba	-6.019635
isiqongo	-6.019635
c	-6.0937433
uma	-6.0937433
kakhulu	-6.0937433
waseningizimu	-6.0937433
ifilimu	-6.0937433
ungongqongqoshe	-6.0937433
ku	-6.173786
ngumongameli	-6.173786
omdala	-6.173786
university	-6.2607975
actress	-6.2607975
yena	-6.2607975
daimyo	-6.2607975
lapho	-6.2607975
wemelika	-6.2607975
ngokuthi	-6.2607975
idolobha	-6.2607975
in	-6.3561077
and	-6.3561077
khona	-6.3561077
ngumdlali	-6.3561077
imasipala	-6.3561077
lasekwazulu	-6.3561077
ngomasingane	-6.3561077
eriphabliki	-6.3561077
bayibhendi	-6.3561077
isifunda	-6.3561077
imboni	-6.3561077
ungumlobi	-6.3561077
ngondasa	-6.3561077
a	-6.461468
no	-6.461468
nga	-6.461468
eneminyaka	-6.461468
ngebhendi	-6.461468
lokhu	-6.461468
iyinyuvesi	-6.461468
eyurobhu	-6.461468
ugumpende	-6.461468
ama	-6.5792513
kwa	-6.5792513
lase	-6.5792513
igama	-6.5792513
engu	-6.5792513
ukuba	-6.5792513
imelika	-6.5792513
ulimi	-6.5792513
ukuze	-6.5792513
izilimi	-6.5792513
iyibhendi	-6.5792513
wenkaba	-6.5792513
wangena	-6.5792513
ngonhlangula	-6.5792513
ijapani	-6.5792513
ngonhlaba	-6.5792513
ngomfumfu	-6.5792513
de	-6.7127824
u	-6.7127824
ye	-6.7127824
california	-6.7127824
ka	-6.7127824
kodwa	-6.7127824
emhlabeni	-6.7127824
ukuthi	-6.7127824
laseningizimu	-6.7127824
uhlelo	-6.7127824
ngomandulo	-6.7127824
for	-6.8669333
korea	-6.8669333
african	-6.8669333
into	-6.8669333
kanti	-6.8669333
manje	-6.8669333
ujesu	-6.8669333
kwaxhosa	-6.8669333
phakathi	-6.8669333
yakhe	-6.8669333
inhlokodolobha	-6.8669333
umsebenzi	-6.8669333
krestu	-6.8669333
uhlobo	-6.8669333
lakhe	-6.8669333
iqembu	-6.8669333
usuku	-6.8669333
ukudla	-6.8669333
isiviyetnami	-6.8669333
yaseviyetnami	-6.8669333
unovemba	-6.8669333
umongameli	-6.8669333
egauteng	-6.8669333
iyisiqongo	-6.8669333
yayiyingxenye	-6.8669333
elaliyiyugoslavia	-6.8669333
ngombaso	-6.8669333
la	-7.049255
south	-7.049255
is	-7.049255
beatles	-7.049255
we	-7.049255
linux	-7.049255
africa	-7.049255
underground	-7.049255
velvet	-7.049255
indawo	-7.049255
kube	-7.049255
wakhe	-7.049255
ovela	-7.049255
labantu	-7.049255
weningizimu	-7.049255
kwabantu	-7.049255
ngonyaka	-7.049255
jikelele	-7.049255
elangeni	-7.049255
elikhulu	-7.049255
eshiya	-7.049255
abaningi	-7.049255
lingubuciko	-7.049255
ingeplanethi	-7.049255
ohlangeneyo	-7.049255
elizwekazi	-7.049255
singumdwebo	-7.049255
waqala	-7.049255
iyinhlangano	-7.049255
ngontulikazi	-7.049255
ngoncwaba	-7.049255
ngolwezi	-7.049255
hans	-7.2723985
film	-7.2723985
on	-7.2723985
national	-7.2723985
radio	-7.2723985
queen	-7.2723985
wikipedia	-7.2723985
database	-7.2723985
younger	-7.2723985
holbein	-7.2723985
isi	-7.2723985
kagumede	-7.2723985
lula	-7.2723985
kuka	-7.2723985
umbuso	-7.2723985
italiya	-7.2723985
kuya	-7.2723985
leli	-7.2723985
momoko	-7.2723985
yabo	-7.2723985
deepin	-7.2723985
ulwazi	-7.2723985
iriphabliki	-7.2723985
lolu	-7.2723985
ngaphansi	-7.2723985
irashiya	-7.2723985
izinto	-7.2723985
yesizwe	-7.2723985
ibhola	-7.2723985
komhlaba	-7.2723985
wazalwa	-7.2723985
abadlali	-7.2723985
lizwekazi	-7.2723985
abanye	-7.2723985
eziningi	-7.2723985
lingimvelo	-7.2723985
ngenkathi	-7.2723985
umculo	-7.2723985
enyakatho	-7.2723985
inthanethi	-7.2723985
umsindo	-7.2723985
iyilokishi	-7.2723985
weriphabliki	-7.2723985
iyinkondlo	-7.2723985
yigama	-7.2723985
yangasese	-7.2723985
inkambo	-7.2723985
emabhayisikobho	-7.2723985
umashi	-7.2723985
kazwide	-7.2723985
ngonhlolanja	-7.2723985
john	-7.5600805
f	-7.5600805
new	-7.5600805
el	-7.5600805
york	-7.5600805
london	-7.5600805
le	-7.5600805
band	-7.5600805
international	-7.5600805
region	-7.5600805
it	-7.5600805
at	-7.5600805
day	-7.5600805
kuba	-7.5600805
studio	-7.5600805
or	-7.5600805
na	-7.5600805
network	-7.5600805
salvador	-7.5600805
ipa	-7.5600805
hong	-7.5600805
china	-7.5600805
people	-7.5600805
fm	-7.5600805
joan	-7.5600805
kong	-7.5600805
movie	-7.5600805
zulu	-7.5600805
republic	-7.5600805
german	-7.5600805
degli	-7.5600805
gauteng	-7.5600805
shaka	-7.5600805
based	-7.5600805
wikimedia	-7.5600805
università	-7.5600805
zuma	-7.5600805
studi	-7.5600805
witwatersrand	-7.5600805
phonetic	-7.5600805
alphabet	-7.5600805
miró	-7.5600805
kasenzangakhona	-7.5600805
egoli	-7.5600805
impi	-7.5600805
izikhothane	-7.5600805
dora	-7.5600805
isizulu	-7.5600805
iyi	-7.5600805
below	-7.5600805
nge	-7.5600805
michiko	-7.5600805
sase	-7.5600805
hosokawa	-7.5600805
kalanga	-7.5600805
suku	-7.5600805
ashiya	-7.5600805
waye	-7.5600805
nanye	-7.5600805
wabo	-7.5600805
inkosi	-7.5600805
ngama	-7.5600805
wonke	-7.5600805
yase	-7.5600805
igoli	-7.5600805
zonke	-7.5600805
uhlu	-7.5600805
wedolobha	-7.5600805
saseningizimu	-7.5600805
indlu	-7.5600805
arabhu	-7.5600805
ngeminyaka	-7.5600805
eyaziwa	-7.5600805
isiga	-7.5600805
zabantu	-7.5600805
ikhompyutha	-7.5600805
yenza	-7.5600805
ngumdlalo	-7.5600805
amanzi	-7.5600805
yasemelika	-7.5600805
waziwa	-7.5600805
ngaphakathi	-7.5600805
inkolo	-7.5600805
ungumculi	-7.5600805
owaziwa	-7.5600805
emphakathini	-7.5600805
lokho	-7.5600805
ngulimi	-7.5600805
lwesinguni	-7.5600805
isifundazwe	-7.5600805
lugujwa	-7.5600805
bathole	-7.5600805
ezindaweni	-7.5600805
ezakhiwe	-7.5600805
waphinde	-7.5600805
ilokishi	-7.5600805
izilwane	-7.5600805
ilithuwaniya	-7.5600805
nhlolanja	-7.5600805
abakhuluma	-7.5600805
izinganekwane	-7.5600805
isikhathi	-7.5600805
kukhona	-7.5600805
amawashi	-7.5600805
phecelezi	-7.5600805
isiroma	-7.5600805
isijalimani	-7.5600805
isudan	-7.5600805
iyindawo	-7.5600805
yokuzalwa	-7.5600805
iyifilimu	-7.5600805
ijalimani	-7.5600805
