afrika	-6.220052
i	-4.976858
the	-5.31269
of	-5.4968066
e	-5.3307896
o	-5.1984005
a	-5.521364
and	-6.165984
may	-5.5437117
de	-5.8072066
amerika	-5.5186057
in	-5.8072066
c	-6.422576
ii	-5.632265
tipli	-6.8078384
bir	-3.0898857
yun	-6.4431953
biri	-3.7543092
bu	-3.5901632
s	-5.182527
yer	-5.4649734
xalq	-5.002834
m	-5.8370595
da	-4.259175
ibn	-5.715915
b	-6.171262
biridir	-4.1064773
rus	-5.6478176
yeri	-6.3504133
d	-4.7929354
ing	-6.3010206
pul	-6.4431953
ya	-3.2974877
v	-6.5077333
ilk	-4.543994
universiteti	-5.871745
x	-6.8178883
hind	-6.2035227
futbol	-5.2539134
elektron	-6.4023733
ali	-5.2993264
neft	-6.568822
tez	-6.869714
dir	-6.89122
san	-6.89122
uzun	-5.090443
km	-5.462366
okean	-6.6945095
son	-6.0851326
avtomobil	-6.3378344
hal	-6.471366
tarixi	-4.860501
birlik	-6.7686176
moskva	-6.7686176
britaniya	-6.140009
aktyor	-6.3192587
ve	-6.838298
bağlı	-5.6668053
ilinin	-6.4294024
olan	-3.2298903
nın	-6.14515
ın	-5.9407377
nin	-6.0851326
türk	-4.341435
ö	-5.89958
arasında	-4.3751025
İstanbul	-6.608988
adı	-4.0991216
un	-6.828041
daha	-5.062123
dünya	-4.9087205
film	-5.781797
iki	-4.861928
mart	-5.613916
sonra	-4.310509
osmanlı	-5.521364
olduğu	-5.7570167
ili	-6.6945095
adlı	-6.0470324
ikinci	-5.729429
on	-5.7192764
fransa	-5.9662714
İran	-5.424047
fransız	-5.8108897
yeni	-4.8662233
alman	-5.91584
üç	-5.006129
orta	-5.069128
roma	-6.001363
zaman	-6.051717
yunanca	-6.4023733
filmi	-6.5302067
ana	-6.6856203
İlk	-6.3378344
üçüncü	-6.2655144
vardır	-6.3010206
tam	-5.712565
inşa	-6.828041
su	-5.56657
oyun	-5.626111
metal	-6.4642487
İslam	-5.6353564
anadolu	-6.859132
yunan	-5.3919854
yazdığı	-6.625517
yaşayan	-5.5493774
amerikalı	-6.958661
la	-6.7590485
video	-6.3760557
çin	-5.6829085
zamanda	-6.450164
sistemi	-5.695981
altında	-6.1819
bin	-6.703479
birinci	-5.521364
roman	-6.5927267
hava	-6.0851326
olmayan	-5.449429
oyunları	-6.8804092
paris	-6.797888
adını	-6.5378113
edilmiş	-5.3285093
il	-3.6339598
insan	-5.6926966
kişi	-6.08029
york	-6.958661
meydana	-6.14515
dünyanın	-5.686161
dil	-5.7998805
dili	-4.882131
siyasi	-5.086859
altı	-6.7782793
dördüncü	-6.935672
az	-6.140009
İsveç	-6.9243717
geniş	-5.3680034
doğru	-6.8078384
şair	-5.91584
yazılmış	-6.176566
başlayan	-6.2035227
internet	-5.569464
edilir	-5.4265566
adası	-6.500354
beş	-6.6338854
söz	-6.617218
günü	-5.1572585
kitabı	-6.859132
oğlu	-4.400893
elektrik	-6.14515
iş	-6.74018
saat	-6.560978
yol	-6.89122
ad	-5.9662714
ev	-6.608988
bütün	-5.3609195
milli	-4.3088646
park	-6.9243717
sultan	-6.1980724
var	-5.996908
olması	-6.8486605
yaşamış	-6.730877
gölü	-6.902149
adaları	-6.625517
voleybol	-6.356763
baş	-4.455511
gün	-5.729429
sayı	-6.797888
ay	-6.8078384
altay	-5.7782187
dini	-5.871745
sıra	-6.4023733
yolu	-6.568822
olmuş	-5.262406
milyon	-6.9471006
din	-6.9243717
silahlı	-6.140009
ayında	-6.6008244
uefa	-6.712528
ayrı	-6.703479
idi	-5.1707854
ukrayna	-6.7216606
iii	-6.3504133
adam	-6.9471006
sistem	-6.828041
ada	-6.2035227
İbrahim	-6.171262
dağı	-6.9243717
kodu	-5.7853875
windows	-6.8178883
İki	-5.8145866
onun	-4.973658
at	-6.797888
coğrafi	-6.4090624
tanınan	-6.797888
canlı	-6.797888
microsoft	-6.8078384
adına	-6.313142
ağ	-6.5077333
dağ	-5.7025814
bayrağı	-5.3330755
ki	-5.168842
çayı	-6.307063
yarımadası	-6.5927267
İkinci	-6.1247416
insanların	-6.545474
dünyada	-6.042371
olur	-5.7711015
bitki	-5.7058983
ağır	-6.902149
tanrısı	-6.828041
aşağı	-5.4366574
etmiş	-6.023937
sol	-6.89122
hazırlanan	-6.5927267
yerli	-6.0899982
burada	-6.5226593
sağ	-6.9131985
sisteminin	-6.797888
etnik	-6.344105
iv	-6.584695
oğuz	-6.5302067
hacı	-6.703479
hazırlanmış	-6.6945095
tanınmış	-5.7570167
yüz	-4.531597
rayonu	-4.849153
insanın	-6.1872616
tanınır	-6.6423235
fars	-6.259717
boğazı	-6.74018
sözü	-6.5077333
ağa	-6.797888
cinsi	-6.6338854
verir	-6.171262
uzunluğu	-6.6008244
ona	-6.545474
meclis	-6.9471006
öz	-5.353885
iri	-6.584695
olar	-6.828041
abş	-4.697625
london	-6.6338854
professor	-6.2890444
say	-5.251801
president	-6.4090624
ci	-2.997848
ssr	-6.109704
min	-6.0611506
ola	-6.7880354
lat	-5.729429
fiziki	-6.0331116
rok	-6.730877
klubu	-6.0851326
xix	-6.165984
xx	-6.369583
xviii	-6.625517
terror	-6.902149
termin	-6.6945095
kino	-6.74957
sosial	-5.996908
kitab	-6.395729
termini	-6.450164
halda	-6.89122
onu	-6.568822
sakit	-6.485755
jurnal	-6.9471006
asiya	-6.471366
rayon	-6.253953
mortal	-6.838298
kombat	-6.8486605
ilin	-4.7024856
ifa	-6.545474
aid	-4.5471177
toy	-6.935672
elm	-5.3469005
malik	-5.695981
pdf	-6.8078384
azad	-6.6338854
adi	-6.869714
veb	-6.958661
klassik	-6.859132
prezident	-6.9471006
və	-1.5936637
azərbaycan	-2.2097936
respublikasının	-2.6279278
kənd	-2.842085
inzibati	-2.8535223
ərazi	-2.9634519
rayonunun	-3.0334697
vahidində	-3.0792575
ilə	-3.1234689
ildə	-3.404643
rayonunda	-3.575849
tərəfindən	-3.68812
üçün	-3.8151107
ən	-3.8221564
azərbaycanın	-4.0484614
böyük	-4.064421
də	-4.1004553
bələdiyyə	-4.1309347
bələdiyyəsi	-4.141305
mərkəzi	-4.1433916
dövlət	-4.1574173
cü	-4.1574173
yerləşən	-4.235226
respublikası	-4.2686014
edən	-4.2821097
kimi	-4.295803
qədim	-4.3262706
çox	-4.334667
olaraq	-4.339739
istifadə	-4.364622
azərbaycanda	-4.5575995
cı	-4.5628824
yerləşir	-4.5821342
əsasən	-4.610614
cu	-4.636502
edir	-4.6456656
illərdə	-4.6491237
şəhər	-4.6572394
görə	-4.665422
bakı	-4.6677723
olunan	-4.6819906
şəhərində	-4.723409
olub	-4.8077106
ərazisində	-4.817228
edilən	-4.8379326
daxil	-4.8505645
hər	-4.8576517
rusiya	-4.861928
ildən	-4.877767
əsas	-4.8894463
haqqında	-4.8938613
üzrə	-4.9453096
qədər	-4.9515405
digər	-4.9515405
qəbul	-4.9562387
təşkil	-4.9913864
beynəlxalq	-5.00448
əvvəl	-5.019418
müxtəlif	-5.032886
növü	-5.0413966
şimal	-5.046538
isə	-5.056901
olmuşdur	-5.056901
əliyev	-5.0586386
İranın	-5.0726495
cənub	-5.0779543
gəlir	-5.0850716
hərbi	-5.1030903
şəhəridir	-5.1085596
olunmuş	-5.12515
xan	-5.1288743
dilində	-5.1288743
olunur	-5.14202
qərbi	-5.172733
sistemində	-5.174684
İrəvan	-5.210473
cənubi	-5.2124996
şəhəri	-5.2124996
avropa	-5.21453
mövcud	-5.21453
kiçik	-5.2309237
bəy	-5.2350645
dekabr	-5.2413077
təhsil	-5.2413077
müəyyən	-5.249694
deyilir	-5.2666793
etmək	-5.268823
respublikasında	-5.2861395
xüsusi	-5.2883253
qəzasında	-5.2927113
əl	-5.3059855
ostanının	-5.308215
fəaliyyət	-5.3216987
mifologiyasında	-5.326234
vahidi	-5.3330755
elmi	-5.3353662
rəsmi	-5.3353662
ibarət	-5.3376627
dəfə	-5.3376627
quberniyasının	-5.3376627
musiqi	-5.339964
məşhur	-5.3469005
ədədlərdən	-5.3799224
muxtar	-5.3968515
siyahısı	-5.4041953
ümumi	-5.4190474
şəhristanı	-5.444301
etdiyi	-5.449429
yanvar	-5.467588
oktyabr	-5.4754725
əsrin	-5.4860826
başqa	-5.488753
noyabr	-5.4914303
istehsal	-5.502212
paytaxtı	-5.5049257
türkiyə	-5.5049257
ə	-5.515855
şərq	-5.5269046
naxçıvan	-5.529686
dövründə	-5.5408907
ictimai	-5.5493774
eyni	-5.5493774
şimali	-5.56657
verilən	-5.56657
indi	-5.5723667
müasir	-5.578198
sentyabr	-5.581126
dairəsi	-5.581126
indiki	-5.5929255
yüksək	-5.5929255
nəticəsində	-5.5929255
ərəb	-5.595897
sovet	-5.598878
mahnı	-5.598878
dəniz	-5.6078734
müharibəsi	-5.6230483
qəsəbə	-5.6291833
şəhristanın	-5.6291833
seçki	-5.632265
təqvimi	-5.6353564
iyun	-5.641567
verən	-5.641567
iyul	-5.6446877
əhalisi	-5.6446877
həm	-5.650957
olimpiya	-5.6541066
avqust	-5.657266
həmçinin	-5.657266
qarşı	-5.657266
şəhristanlarından	-5.6636157
əhatə	-5.6668053
fevral	-5.6700053
qeyri	-5.6764364
hissəsi	-5.6764364
şərqi	-5.6829085
yaradılmış	-5.6894236
etmişdir	-5.6926966
zamanı	-5.699276
şəhərinin	-5.699276
aprel	-5.7025814
qriqorian	-5.7058983
dərman	-5.7058983
üzərində	-5.712565
nəşr	-5.7192764
quba	-5.729429
ssrİ	-5.729429
mənşəli	-5.729429
əsasında	-5.732836
inkişaf	-5.743128
şəkildə	-5.750048
nəzərdə	-5.7570167
edilmişdir	-5.7605195
məhəmməd	-5.7853875
ermənistan	-5.7853875
üzvü	-5.7853875
ibarətdir	-5.792608
idarə	-5.792608
yaxud	-5.7962375
idman	-5.7998805
qərb	-5.7998805
edilməsi	-5.803537
döyüş	-5.803537
daxildir	-5.8072066
əvvəlki	-5.8108897
bərdə	-5.8220215
deməkdir	-5.8220215
həyata	-5.829512
onların	-5.8370595
keçirilən	-5.8408546
bitkiləri	-5.8408546
nurəddin	-5.844664
tarixində	-5.860049
fitoterapiya	-5.871745
hansı	-5.8756742
qrupu	-5.8756742
xarici	-5.8756742
qafqaz	-5.879619
iqtisadi	-5.8835793
göstərən	-5.8835793
yuxarı	-5.8875556
erməni	-5.8915477
gürcüstan	-5.89958
iştirak	-5.9036202
keçmiş	-5.9036202
təyin	-5.907677
tərkibində	-5.91584
vilayəti	-5.919947
şəki	-5.924071
hesab	-5.924071
gəncə	-5.9323697
türkiyənin	-5.944948
bəzi	-5.944948
qərbində	-5.949177
şirkəti	-5.953423
əli	-5.9619703
yaşayış	-5.9619703
xəzər	-5.9662714
birləşmiş	-5.9662714
xaçmaz	-5.970591
yaradılmışdır	-5.9749293
qadın	-5.9749293
fövqəladə	-5.9792867
səlahiyyətli	-5.983663
ağdam	-5.9880586
dövlətinin	-5.9924736
neçə	-5.9924736
mükafatı	-5.9924736
əsr	-5.996908
azərbaycanlı	-6.001363
yaradılan	-6.001363
məqsədi	-6.0058365
eləcə	-6.010331
qarabağ	-6.0193806
hazırda	-6.0193806
təbii	-6.0193806
şərqində	-6.0193806
elmləri	-6.0193806
ağsu	-6.023937
tətbiq	-6.023937
qara	-6.028514
şairi	-6.03773
təmin	-6.03773
prezidenti	-6.042371
kəndin	-6.042371
mirzə	-6.0470324
məclisinin	-6.0470324
illər	-6.0470324
əmələ	-6.051717
azərbaycandakı	-6.051717
lənkəran	-6.056422
kəndi	-6.0611506
adətən	-6.0611506
çay	-6.070674
qısa	-6.075471
şəxs	-6.075471
bilər	-6.075471
xadimi	-6.075471
İranda	-6.08029
daxili	-6.0948887
səfiri	-6.0948887
sahəsi	-6.099803
yaxın	-6.099803
qəzet	-6.099803
İsmayıllı	-6.104741
ingilis	-6.104741
müstəqil	-6.109704
sahilində	-6.114691
olmaqla	-6.1197033
vermiş	-6.1298046
yaxınlığında	-6.1298046
doktoru	-6.1348944
kəlbəcər	-6.140009
dövləti	-6.140009
elmlər	-6.14515
tarixli	-6.14515
qeyd	-6.14515
qızı	-6.150318
heyvan	-6.150318
yazıçısı	-6.150318
ifadə	-6.155513
həyat	-6.160735
lerik	-6.165984
əldə	-6.165984
dörd	-6.165984
əsrdə	-6.165984
yaxşı	-6.165984
cəlilabad	-6.171262
qazax	-6.176566
goranboy	-6.1819
ostanında	-6.1819
laçın	-6.1872616
mədəniyyət	-6.1872616
həmin	-6.1872616
latın	-6.1926527
mahnısı	-6.1926527
yapon	-6.1980724
qəbələ	-6.214512
gədəbəy	-6.220052
ölkə	-6.220052
ölkənin	-6.220052
gənclər	-6.225623
federasiyasının	-6.225623
təşkilatı	-6.2368584
olunmuşdur	-6.242524
İnzibati	-6.242524
yaranan	-6.242524
astara	-6.2482224
qızıl	-6.2482224
belə	-6.2482224
yayılmış	-6.253953
İ	-6.253953
saylı	-6.253953
tarix	-6.259717
İlham	-6.271345
ağdaş	-6.271345
adlanır	-6.271345
nazirliyinin	-6.27721
əks	-6.27721
hissəsində	-6.27721
yazıçı	-6.27721
vilayətinin	-6.27721
mədəni	-6.2831097
əməliyyat	-6.2831097
nəfər	-6.2831097
gələn	-6.2831097
çayının	-6.2890444
şəhristanının	-6.2950144
uşaq	-6.2950144
avroviziya	-6.2950144
müəllifi	-6.3010206
mənası	-6.3010206
nəfəri	-6.3010206
toponimləri	-6.307063
təqdim	-6.307063
qida	-6.307063
qısaca	-6.313142
bəzən	-6.313142
əsrlərdə	-6.313142
fərqli	-6.313142
şəmkir	-6.3192587
ənənəvi	-6.3192587
təmsil	-6.325412
İdman	-6.331604
aiddir	-6.331604
müəssisəsi	-6.331604
növüdür	-6.331604
yerinə	-6.3378344
masallı	-6.344105
məşğul	-6.344105
əməkdar	-6.344105
muzeyi	-6.3504133
doxsan	-6.3504133
ərəbcə	-6.3504133
təsis	-6.3504133
dağıstan	-6.356763
qurbanov	-6.356763
sülaləsi	-6.356763
edib	-6.3631525
informasiya	-6.3631525
bayramov	-6.369583
elşad	-6.369583
şərur	-6.3760557
anadan	-6.3760557
hökmdarı	-6.3760557
nəfərdir	-6.3760557
universitetinin	-6.3760557
xalqının	-6.3760557
dənizi	-6.3825703
yeddi	-6.3825703
füzuli	-6.3891277
günəş	-6.3891277
birliyi	-6.3891277
hərəkət	-6.3891277
dilinin	-6.395729
qax	-6.395729
qrup	-6.395729
başçısı	-6.395729
mühüm	-6.4023733
dilləri	-6.4023733
birlikdə	-6.4023733
işlədilən	-6.4023733
sahəsində	-6.4023733
bakıda	-6.4023733
versiyası	-6.4023733
bədii	-6.4090624
ərazisi	-6.4090624
vilayətində	-6.4090624
yəni	-6.4090624
yaponiyanın	-6.4090624
türkiyədə	-6.4157963
kuboku	-6.422576
şamaxı	-6.422576
rejissor	-6.422576
məxsus	-6.4294024
qadınlar	-6.4294024
soylarından	-6.4362745
İlin	-6.4431953
dən	-6.4431953
qrupuna	-6.4431953
yalnız	-6.450164
məmmədov	-6.450164
qalır	-6.450164
şəklində	-6.450164
İmperiyası	-6.450164
sonuna	-6.457182
almaniya	-6.457182
vaxt	-6.457182
televiziya	-6.4642487
təsvir	-6.4642487
xidmət	-6.4642487
abidə	-6.4642487
xalçaları	-6.4642487
allahın	-6.471366
özündə	-6.471366
ər	-6.4785347
əhməd	-6.4785347
malikdir	-6.4785347
nömrəli	-6.485755
şərqdə	-6.485755
cəmi	-6.485755
müharibə	-6.485755
hüquqi	-6.485755
cənubunda	-6.4930277
İtaliya	-6.4930277
açıq	-6.4930277
qırx	-6.500354
otuz	-6.5077333
döyüşü	-6.5077333
şimalında	-6.5077333
müqəddəs	-6.5077333
rusiyanın	-6.5077333
albomu	-6.5226593
vasitəsilə	-6.5302067
müsəlman	-6.5378113
hüquq	-6.5378113
proqram	-6.5378113
əsəri	-6.5378113
altmış	-6.545474
qüvvələri	-6.545474
arasındakı	-6.545474
vasitəsi	-6.545474
eyniadlı	-6.545474
heç	-6.545474
kompleksi	-6.553196
şah	-6.553196
təbiət	-6.553196
yaranmış	-6.553196
qusar	-6.560978
qubadlı	-6.560978
ağcabədi	-6.560978
komandası	-6.560978
İtaliyanın	-6.560978
məlumat	-6.568822
əlli	-6.568822
akademiyasının	-6.568822
yetmiş	-6.576727
forması	-6.576727
davam	-6.576727
uyğun	-6.576727
memarlıq	-6.576727
xüsusilə	-6.576727
təşkilat	-6.576727
cəbrayıl	-6.584695
kompüter	-6.584695
ədəbi	-6.584695
məqsədilə	-6.584695
səksən	-6.584695
bəstəkar	-6.584695
etimadnaməsini	-6.584695
ordubad	-6.5927267
qrupunun	-6.5927267
birliyinin	-6.5927267
birdən	-6.5927267
ərzində	-6.6008244
bilən	-6.6008244
yay	-6.608988
başa	-6.608988
görkəmli	-6.608988
sosialist	-6.617218
lakin	-6.617218
bölgəsində	-6.617218
mərkəz	-6.617218
misir	-6.625517
partiyası	-6.625517
təxminən	-6.625517
etibarən	-6.625517
tədqiqat	-6.625517
bələdiyyəsinin	-6.625517
mahalı	-6.625517
qırmızı	-6.6338854
növ	-6.6338854
məktəbi	-6.6338854
çempionatı	-6.6338854
sayılır	-6.6423235
alim	-6.6423235
tibb	-6.6423235
federasiyası	-6.6423235
deyil	-6.6423235
lüğəti	-6.6423235
ölçü	-6.650835
iştirakı	-6.650835
texniki	-6.650835
doqquz	-6.650835
edilib	-6.650835
şahmat	-6.650835
yardımlı	-6.659418
alimi	-6.659418
təbriz	-6.659418
beyləqan	-6.659418
fəxri	-6.659418
asiyada	-6.659418
səfirinin	-6.659418
hüseyn	-6.6680765
bərabər	-6.6680765
yevlax	-6.6768103
əsl	-6.6768103
maliyyə	-6.6768103
xocalı	-6.6856203
tarixə	-6.6856203
öyrənən	-6.6856203
avropada	-6.6856203
təsir	-6.6856203
İmişli	-6.6945095
müdafiə	-6.6945095
əbu	-6.6945095
köhnə	-6.6945095
güclü	-6.703479
çağırış	-6.703479
dövlətin	-6.703479
torpaq	-6.703479
istehsalı	-6.703479
nəqliyyat	-6.703479
çəkilmiş	-6.703479
mənasını	-6.703479
edərək	-6.703479
təsdiq	-6.712528
kimyəvi	-6.712528
əsilli	-6.712528
göstərir	-6.712528
yaponiya	-6.7216606
asılı	-6.7216606
ətrafında	-6.7216606
farsca	-6.7216606
məktəb	-6.7216606
iyirmi	-6.7216606
aparıcı	-6.7216606
bəxşinin	-6.7216606
siyahıyaalınmasına	-6.7216606
şam	-6.730877
sabirabad	-6.74018
göyçay	-6.74018
birləşdirən	-6.74018
əlavə	-6.74018
doqquzdan	-6.74018
zaqatala	-6.74957
vahid	-6.74957
göygöl	-6.74957
adlarından	-6.74957
fransanın	-6.74957
sülh	-6.74957
almaniyanın	-6.74957
kəndində	-6.74957
dövrü	-6.74957
həmkarlar	-6.74957
surə	-6.74957
monqol	-6.74957
zəngəzur	-6.7590485
əmək	-6.7590485
qanunu	-6.7590485
İngilis	-6.7590485
İnstitutu	-6.7590485
olunub	-6.7590485
əsası	-6.7590485
qəzeti	-6.7590485
cəhətdən	-6.7590485
nyu	-6.7686176
ayının	-6.7686176
xocavənd	-6.7686176
kürdəmir	-6.7686176
qurulmuş	-6.7686176
laureatı	-6.7686176
zəngilan	-6.7782793
əsər	-6.7782793
dehestanında	-6.7782793
göstərmiş	-6.7880354
arxeoloji	-6.7880354
neftçala	-6.797888
cəmiyyəti	-6.797888
ölkələrində	-6.797888
hissəsini	-6.797888
kişilər	-6.797888
babək	-6.8078384
daşkəsən	-6.8078384
fəaliyyəti	-6.8078384
qərarı	-6.8078384
məsələn	-6.8078384
daxilində	-6.8078384
maykl	-6.8078384
katolikos	-6.8178883
həsən	-6.8178883
körfəzi	-6.8178883
ancaq	-6.8178883
artıq	-6.8178883
hərfi	-6.8178883
şabran	-6.828041
qaz	-6.828041
əhali	-6.828041
İngiltərə	-6.828041
müqaviləsi	-6.828041
hündürlüyü	-6.828041
dərəcəli	-6.828041
xalçaçılıq	-6.828041
metr	-6.838298
onlar	-6.838298
adalarının	-6.838298
aleksandropol	-6.838298
biləsuvar	-6.838298
tərkibinə	-6.838298
qərbdə	-6.838298
qarşılıqlı	-6.838298
əhəmiyyətli	-6.838298
rəqsi	-6.838298
tərtər	-6.8486605
tək	-6.8486605
çıxan	-6.8486605
aktyoru	-6.8486605
ticarət	-6.859132
əvvəllərində	-6.859132
kütləvi	-6.859132
işıq	-6.859132
günlərdə	-6.859132
ailədə	-6.859132
koreya	-6.869714
verilmiş	-6.869714
salyan	-6.869714
hakimi	-6.8804092
məlumatlar	-6.8804092
fəlsəfi	-6.8804092
rəqs	-6.8804092
seriyasının	-6.8804092
çap	-6.89122
nahar	-6.89122
olunması	-6.89122
fəlsəfə	-6.89122
səbəb	-6.89122
latınca	-6.89122
hakimiyyəti	-6.89122
tərkib	-6.89122
fəsiləsinə	-6.89122
sinfinə	-6.89122
nadir	-6.902149
naziri	-6.902149
süni	-6.902149
İspaniya	-6.902149
ilədək	-6.902149
strukturuna	-6.902149
birləşdirir	-6.902149
ştatının	-6.902149
eçmiədzin	-6.902149
qaradağ	-6.9131985
səh	-6.9131985
yaranmışdır	-6.9131985
incəsənət	-6.9131985
səs	-6.9131985
qəbulundan	-6.9131985
yeməyindən	-6.9131985
adasının	-6.9243717
daş	-6.9243717
qurulan	-6.9243717
mübarizə	-6.9243717
bələdiyyələrin	-6.9243717
qala	-6.935672
maddi	-6.935672
şirvan	-6.935672
elan	-6.935672
nə	-6.935672
uğrunda	-6.935672
avropanın	-6.935672
qardaşı	-6.935672
sözündən	-6.935672
bürc	-6.935672
quş	-6.935672
xanın	-6.935672
sonuncu	-6.9471006
şuşa	-6.9471006
abşeron	-6.9471006
daşıyan	-6.9471006
qolu	-6.9471006
edirlər	-6.9471006
dənizinin	-6.9471006
mərkəzində	-6.9471006
rejissoru	-6.9471006
orqanı	-6.9471006
