в	-6.29393
та	-5.3994136
департамент	-5.519558
де	-6.357444
район	-4.946857
чи	-4.873606
км	-5.0345955
па	-5.873198
е	-4.231948
те	-5.1355987
и	-6.0862913
санкт	-6.407875
культура	-6.1508293
ю	-5.185114
ен	-3.0465417
мар	-5.786186
китай	-6.1245127
франц	-5.823927
новгород	-5.5124907
казахстан	-6.1916513
ао	-2.97723
ненец	-2.319005
коми	-2.7311378
манси	-2.7904544
ямал	-3.0495367
архангельск	-3.3207583
алтай	-3.2814164
вологда	-3.3430347
киров	-3.6726117
томск	-3.6003432
яха	-3.582808
кемерово	-5.935718
свердловск	-5.1164594
красноярск	-4.2841687
омск	-4.9114895
кострома	-5.706144
мари	-4.3134594
ярославль	-4.6571765
юган	-4.582214
пенза	-5.3092623
иваново	-5.823927
волгоград	-5.968508
курган	-6.219823
ай	-5.2753606
самар	-4.954889
еган	-4.9835205
краснодар	-5.237209
яга	-5.165013
шор	-5.3931437
ленинград	-5.4248924
ёль	-6.1245127
вож	-5.7678375
сё	-5.5779686
балкар	-6.219823
ставрополь	-6.205638
кабарда	-6.29393
совет	-4.9670596
соим	-6.00241
мордва	-5.0976796
ун	-5.853197
игол	-6.1508293
ях	-6.0375013
ягун	-6.1508293
ега	-6.460984
вис	-6.263625
ссср	-5.4120717
интернет	-4.942865
иван	-6.4252663
республики	-2.1715217
александр	-6.1116085
рсфср	-6.061599
николай	-6.0988703
иванович	-6.1778584
украина	-6.24881
асср	-6.29393
политика	-6.4252663
инди	-6.29393
эл	-4.812326
экономика	-6.4429655
дагестан	-6.373973
европа	-6.061599
пур	-5.585516
грек	-6.309435
атом	-5.4711056
юханшыв	-1.0551996
территоринчи	-1.0645509
раççей	-1.0663657
юхать	-1.1282656
территорипе	-1.1332848
облаçĕ	-1.4003477
тăрăхĕ	-2.1613517
чăваш	-2.605051
автономи	-2.774836
хантă	-2.791844
югра	-2.9314203
вырнаçнă	-2.9595304
автономлă	-3.0399847
районĕнчи	-3.1685205
ял	-3.2472124
тата	-3.3608923
республикин	-3.6483011
районĕ	-3.7626786
кӳлĕ	-3.7950196
енĕн	-3.7975512
тĕп	-3.8442526
юхса	-3.91012
пушкăрт	-3.922968
мăн	-4.041829
кĕрет	-4.098417
чулхула	-4.1104755
хула	-4.2780023
хули	-4.3029
облаçĕн	-4.3134594
кăнтăр	-4.3392673
ялĕнче	-4.4022098
енче	-4.4162283
районĕн	-4.4497247
мускав	-4.4595046
кĕрекен	-4.4693813
уйăхĕн	-4.481866
юппи	-4.5440617
патшалăх	-4.5711637
мĕшĕнче	-4.5794396
ялĕ	-4.599021
тутарстан	-4.618993
ячĕ	-4.693766
паллă	-4.6999965
чĕлхи	-4.7221146
пĕр	-4.7285247
тĕвер	-4.74147
облаçĕнчи	-4.7813425
тĕпĕ	-4.7949944
облаçĕнче	-4.8088355
пĕри	-4.8406963
тухать	-4.8588457
шупашкар	-4.8625154
хушшинчи	-4.866199
аслă	-4.888588
патшалăхĕн	-4.907636
пулнă	-4.907636
сулахай	-4.9114895
халăх	-4.962986
тăрăх	-4.9752564
вырăс	-5.047783
хĕрлĕ	-5.0522175
хисеп	-5.070155
тĕрлĕ	-5.079246
доменĕ	-5.079246
пайĕ	-5.0884204
пысăк	-5.093039
вăл	-5.093039
муркаш	-5.1070256
мĕш	-5.1117315
республикинчи	-5.1404414
хулинче	-5.1501975
натураллă	-5.180051
административлă	-5.190203
тури	-5.195318
халĕ	-5.2056274
анăç	-5.210822
улатимĕр	-5.2160444
тăршшĕ	-5.247962
авалхи	-5.2533817
сылтăм	-5.2588315
хими	-5.3092623
усă	-5.3745675
пĕрремĕш	-5.3807216
удмурт	-5.3931437
пулса	-5.3994136
челепи	-5.418462
етĕрне	-5.4248924
мĕшĕ	-5.431365
вăтам	-5.444437
чĕлхе	-5.451038
канаш	-5.4576826
шутне	-5.4576826
унăн	-5.4576826
франци	-5.464371
тухăç	-5.4711056
чĕмпĕр	-5.4778852
шывĕн	-5.4778852
пĕчĕк	-5.484711
перĕм	-5.5338435
хушшинче	-5.5556626
сорчĕ	-5.5556626
хĕвелтухăç	-5.570478
иçĕм	-5.570478
пулать	-5.5779686
анат	-5.5931206
хĕвеланăç	-5.5931206
апш	-5.6007833
хушамачĕ	-5.6085052
ку	-5.6320357
шутланать	-5.656133
хура	-5.6642966
чӳк	-5.6725273
сарăту	-5.6725273
францин	-5.6808257
тăван	-5.6808257
администраци	-5.689194
шурă	-5.689194
адыгей	-5.6976333
пе	-5.6976333
районне	-5.706144
тинĕс	-5.706144
шутлă	-5.706144
енĕ	-5.7147274
элĕк	-5.7147274
элеменчĕн	-5.7147274
тĕшĕнче	-5.7233853
нейтронлă	-5.732119
атомĕсемпе	-5.732119
тĕшшин	-5.732119
хĕрринче	-5.74093
ятлă	-5.74093
варианчĕсем	-5.74093
изотопĕсем	-5.74093
лаптăкĕ	-5.7587876
юхакан	-5.7587876
тутарстанăн	-5.795489
енри	-5.8048787
турци	-5.823927
уйрăмĕ	-5.823927
елчĕк	-5.8335886
сăвăçи	-5.8335886
юпа	-5.8433447
пуш	-5.853197
урăх	-5.8631473
итали	-5.873198
тĕнчери	-5.873198
кивĕ	-5.873198
нумай	-5.8936067
тунă	-5.9144406
темиçе	-5.9144406
юханшывăн	-5.9144406
регионне	-5.925023
вăрмар	-5.935718
чăн	-5.935718
туçи	-5.935718
хальхи	-5.957458
икĕ	-5.957458
шыв	-5.9796815
артисчĕ	-5.9796815
тĕнче	-5.9909806
хушамат	-5.9909806
авăн	-6.00241
евĕр	-6.00241
википедийĕ	-6.0139704
чухне	-6.025666
пуçланса	-6.0375013
пирĕн	-6.0494766
вăрнар	-6.0494766
патĕнче	-6.0494766
пурăннă	-6.0494766
выр	-6.0494766
элĕн	-6.0494766
википедин	-6.061599
иккĕмĕш	-6.061599
утă	-6.061599
чукун	-6.061599
патăрьел	-6.061599
юппинчен	-6.061599
ака	-6.0738688
туса	-6.0738688
чутай	-6.0862913
кисан	-6.0862913
хыççăн	-6.0862913
кемĕр	-6.0862913
шкул	-6.0988703
туркк	-6.0988703
илĕсен	-6.0988703
эрехтăвакан	-6.1116085
сăмах	-6.1245127
тăракан	-6.1375847
союзĕн	-6.1375847
кайăк	-6.1508293
германи	-6.1642523
раççейри	-6.1642523
тăрать	-6.1778584
тесе	-6.1778584
кăрлачăн	-6.1778584
тухнă	-6.1778584
кайнă	-6.1778584
пекех	-6.1916513
раççейĕн	-6.1916513
пурăнакан	-6.1916513
виски	-6.205638
словакин	-6.205638
чĕлхиллĕ	-6.205638
йышне	-6.234211
йышĕ	-6.234211
республикинче	-6.234211
йĕркеленĕ	-6.24881
хут	-6.263625
енре	-6.263625
тĕсĕ	-6.263625
юханшыва	-6.263625
официаллă	-6.2786627
атăл	-6.29393
хăй	-6.29393
никĕсленĕ	-6.29393
красноармейски	-6.29393
юханшывĕ	-6.29393
комсомольски	-6.309435
енчи	-6.309435
раштав	-6.309435
вырăн	-6.309435
паттăрĕ	-6.309435
пĕтĕм	-6.325183
питĕ	-6.325183
хăш	-6.3411837
кун	-6.357444
кăрлач	-6.357444
тĕпчекен	-6.357444
нарăсăн	-6.357444
чĕлхипе	-6.373973
ытти	-6.373973
беларуç	-6.373973
районĕнче	-6.373973
тĕмен	-6.373973
ытларах	-6.3907804
тинĕсĕ	-6.3907804
пĕрле	-6.3907804
чаплă	-6.3907804
пек	-6.407875
муниципаллă	-6.407875
сарăлнă	-6.407875
ушкăнĕ	-6.407875
раштавăн	-6.407875
кӳлли	-6.407875
ят	-6.4252663
юнашар	-6.4252663
юханшывĕн	-6.4252663
центрĕ	-6.4252663
пăва	-6.4429655
пĕлтерĕшĕсем	-6.4429655
тивĕçлĕ	-6.4429655
йышăннă	-6.460984
тĕрĕк	-6.460984
пирки	-6.460984
смулен	-6.460984
ты	-6.479334
шотланд	-6.479334
тава	-6.479334
вăта	-6.479334
