afrika	-7.85155
i	-5.6891117
the	-5.349885
of	-5.723485
e	-6.400935
to	-8.04371
o	-6.9227505
a	-4.5769153
bi	-5.0299215
and	-7.058652
de	-2.9568462
amerika	-7.8037596
n	-5.731846
in	-7.0650015
c	-6.519129
nobel	-8.095896
lo	-8.250047
le	-5.1250234
ii	-6.143628
na	-5.526834
lot	-6.273365
s	-6.5957947
jan	-8.229427
y	-6.3482494
m	-6.655299
g	-8.060804
da	-0.8648412
ibn	-7.5517044
b	-7.3337555
har	-7.24605
p	-7.7709694
t	-7.5621214
ko	-6.1706047
k	-5.4403925
mineral	-7.9391975
al	-6.370263
d	-4.619061
r	-7.6904306
l	-5.813149
v	-7.281005
h	-7.2889414
natural	-8.337058
x	-7.1039677
futbol	-6.0644636
z	-8.292606
j	-7.588648
en	-5.4938674
f	-7.986081
port	-7.9468603
san	-4.889599
km	-7.009259
eski	-8.132263
km2	-8.132263
film	-7.2196836
on	-8.018604
den	-4.106746
el	-5.829678
amerikan	-7.124035
rock	-6.430888
new	-5.7888565
metal	-7.516077
la	-4.0282435
alt	-7.5621214
van	-7.443756
john	-6.9144974
paris	-5.798682
york	-6.387906
pop	-7.8307877
an	-6.460025
internet	-8.069463
ordu	-8.199274
km²	-7.496275
park	-8.060804
var	-7.6270084
grand	-4.2560596
robert	-7.350563
han	-7.7709694
michael	-8.260518
james	-7.5994587
jean	-6.305626
william	-7.476856
web	-7.9091196
do	-8.060804
charles	-7.476856
david	-7.5517044
for	-8.199274
bazen	-8.239683
hemen	-8.1139145
formula	-7.962364
george	-7.6668997
paul	-7.305006
saint	-4.185481
los	-6.2145243
star	-7.354809
world	-6.4652557
berlin	-7.2849655
federal	-8.2192745
iii	-6.8129797
national	-8.250047
at	-8.170004
city	-7.1308146
richard	-7.994113
peter	-7.894414
et	-4.4729843
opera	-7.9165545
von	-7.6611032
ama	-7.615897
santa	-6.0881615
thomas	-7.7709694
tan	-8.325758
international	-7.6496086
del	-5.4606724
angeles	-7.5110893
ren	-7.702407
club	-8.010373
di	-6.259038
washington	-7.6382446
joseph	-7.6904306
louis	-7.526128
martin	-6.587858
st	-7.5011883
no	-8.095896
maria	-6.6159163
jackson	-8.170004
henry	-8.010373
der	-7.572648
pierre	-6.755271
kale	-7.1139507
iv	-7.1724873
sir	-8.069463
county	-7.8104486
karl	-8.150955
metro	-6.141097
du	-4.1016345
des	-6.668065
francisco	-7.1139507
ek	-7.0274973
friedrich	-8.303535
johann	-8.325758
bas	-6.2879
liga	-6.8901386
tour	-8.260518
or	-6.169304
west	-7.823962
tren	-7.5210896
marie	-7.604908
rio	-8.104864
manga	-8.2192745
center	-8.069463
sur	-5.0386987
jacques	-7.931593
real	-7.85155
oscar	-8.314585
daniel	-8.160434
chicago	-7.6326113
françois	-7.758149
kristo	-7.350563
au	-8.026903
familia	-5.7897453
lake	-8.078197
italia	-6.228223
asia	-7.615897
historia	-6.8663597
wikipedia	-7.154912
massachusetts	-7.994113
stockholm	-8.229427
henri	-8.303535
lac	-7.9391975
london	-8.303535
victor	-8.348487
andré	-7.7839565
maurice	-8.002211
josé	-6.8742237
mer	-7.858567
río	-7.8307877
antonio	-6.9144974
bay	-8.325758
leon	-7.823962
ur	-6.085766
europa	-7.074602
gabriel	-8.260518
carlos	-7.790514
sankt	-8.04371
giovanni	-8.123047
michel	-7.887141
villa	-7.8104486
las	-6.9766645
mountain	-7.954582
natura	-8.104864
pristimantis	-6.7741394
juan	-6.3992977
eliza	-6.2618866
costa	-8.002211
jesus	-8.069463
argentina	-8.026903
vi	-7.7392206
laurent	-7.3172264
am	-7.531191
georges	-7.6496086
denis	-7.790514
luis	-6.720825
material	-7.4578085
santiago	-7.2049227
mexiko	-7.124035
beach	-7.962364
oblast	-8.348487
pérez	-8.325758
mesnil	-8.2711
val	-6.7529373
étienne	-8.132263
nola	-6.8585567
alberto	-8.337058
villeneuve	-8.229427
bad	-8.1139145
gora	-7.6326113
grande	-8.078197
kultur	-8.018604
baden	-6.018689
manuel	-7.305006
folk	-7.702407
pedro	-6.9679556
sierra	-6.57607
union	-8.314585
bei	-8.337058
nord	-6.0941744
les	-5.773858
fernando	-7.4117174
eleutherodactylus	-7.6270084
marina	-7.9468603
liolaemus	-6.676667
torre	-8.035271
cruz	-7.615897
litoria	-7.588648
île	-5.6343246
typhlops	-7.234665
mont	-7.714528
württemberg	-6.0632935
norops	-7.094083
indiana	-8.260518
monte	-7.872752
hessen	-7.2692175
dator	-7.249874
fort	-8.303535
rivière	-8.209225
maría	-7.117301
diego	-8.229427
miguel	-7.1619053
anolis	-6.5819464
alto	-7.5011883
jon	-7.978112
hyperolius	-7.9468603
plana	-8.303535
puerto	-8.303535
julien	-8.150955
centre	-5.2296214
france	-4.292214
sphenomorphus	-7.2770605
andre	-8.348487
dublin	-7.7084494
toledo	-8.160434
cm	-7.9468603
castro	-8.303535
atractus	-7.3894444
argia	-8.209225
tropiduridae	-7.978112
aires	-7.7517996
craugastor	-8.104864
bois	-7.305006
india	-8.060804
buenos	-7.429899
pont	-7.8171825
garcía	-7.764539
julia	-7.6270084
zürich	-7.5110893
ar	-7.7329903
campos	-7.265319
jose	-6.8031273
québec	-8.337058
sphaerodactylus	-7.5210896
alta	-7.615897
castle	-8.239683
santo	-8.160434
software	-7.726798
ctenotus	-7.5011883
ville	-8.069463
martín	-8.292606
eduardo	-8.250047
cyrtodactylus	-6.959323
scinax	-8.239683
australia	-8.087007
sant	-6.700712
bolitoglossa	-8.209225
hemidactylus	-7.2770605
vii	-7.872752
ain	-6.585883
piano	-8.199274
badia	-7.872752
maine	-6.8080416
wars	-8.239683
dendropsophus	-8.2817955
germain	-7.7517996
lerista	-7.5832863
camp	-7.978112
seine	-5.5186596
indian	-8.325758
aux	-7.8171825
xi	-7.994113
hong	-7.879921
norte	-7.777442
pablo	-8.337058
gymnophthalmidae	-7.1867733
emoia	-7.7709694
oligodon	-7.7839565
trachylepis	-7.758149
emilia	-6.838043
pas	-5.9568806
komuna	-6.800679
alpes	-5.742821
loire	-4.6119123
rhône	-4.3965797
pyrénées	-4.4396873
haute	-5.364315
est	-4.2888365
aktore	-7.526128
midi	-4.4401484
côte	-5.337356
provence	-5.7335267
jo	-7.720644
calais	-5.9610953
azur	-5.943303
marne	-5.370146
pays	-5.467095
roussillon	-4.482327
languedoc	-4.4348555
champagne	-8.239683
poitou	-5.748781
charentes	-5.7582192
saône	-5.7479277
franche	-4.5632524
comté	-4.5637746
moselle	-5.6065345
maritime	-5.7036986
oise	-5.9954705
vienne	-6.5452986
sainte	-6.5471945
charente	-6.0020494
forma	-7.2731314
historian	-7.313136
filma	-7.931593
marka	-8.170004
sare	-7.481676
dela	-6.3451443
alpe	-7.5061274
sistema	-5.8780518
rhin	-5.96004
marko	-8.337058
prefektura	-6.8229303
programa	-7.720644
haut	-6.628186
atlantique	-7.402748
bola	-7.978112
normandia	-4.89613
eure	-5.806794
aisne	-6.1943216
somme	-6.119833
loir	-6.2351437
calvados	-6.239319
cher	-6.3734484
manche	-6.400935
meurthe	-6.4058657
doubs	-6.3992977
indre	-6.472273
tarn	-6.5044765
isère	-6.509946
lès	-6.4740353
jura	-6.3814545
puy	-6.5624905
meuse	-6.495426
vosges	-6.539633
orne	-6.524679
dôme	-6.6468782
yonne	-6.644784
aube	-6.676667
gers	-6.655299
aude	-6.680997
sarthe	-6.798238
côtes	-6.8129797
armor	-6.8405848
ille	-6.8981924
vilaine	-6.9144974
drôme	-6.8848057
gard	-6.9008913
hérault	-6.956462
allier	-6.9394636
loiret	-6.9913483
ariège	-6.956462
deux	-6.9795837
aveyron	-7.0554924
nièvre	-7.0398426
sèvres	-7.061822
finistère	-7.168947
corrèze	-7.1274195
yvelines	-7.230898
vendée	-7.1479683
morbihan	-7.144514
mayenne	-7.1939936
sous	-7.1410713
creuse	-7.2012663
cantal	-7.230898
essonne	-7.4578085
chapelle	-7.462537
lozère	-7.5673704
vaucluse	-7.720644
bouches	-7.986081
château	-7.8037596
belfort	-8.104864
purple	-8.170004
villers	-8.04371
objektu	-7.4391165
punk	-7.85155
tower	-7.970207
fontaine	-8.337058
hilaire	-8.303535
energia	-7.0398426
hauts	-4.572955
kalifornia	-7.281005
asteroide	-4.509652
brasil	-8.199274
era	-7.0650015
parte	-6.108755
lisboa	-8.2192745
militar	-7.3806725
campo	-7.4391165
londres	-6.71632
teoria	-7.227146
arte	-5.2095003
poeta	-6.827943
estilo	-8.087007
artista	-7.865635
lombardia	-5.4800653
mancha	-8.132263
xix	-6.9338617
planeta	-8.150955
piemonte	-5.7176733
dinastia	-8.209225
irlanda	-7.879921
xx	-7.074602
literatura	-7.000264
filosofia	-7.823962
letra	-7.74549
xvi	-7.429899
vicente	-8.095896
plataforma	-7.0842953
guadalajara	-8.325758
xviii	-7.6326113
alfabeto	-7.9240456
viena	-7.572648
xvii	-7.758149
gales	-8.150955
holanda	-7.9165545
campania	-6.4793406
xv	-7.8445816
muridae	-7.7839565
cricetidae	-7.858567
jefferson	-8.189422
ideia	-8.260518
burgos	-7.90174
montes	-7.777442
comarca	-7.496275
domingo	-8.303535
xii	-7.872752
kong	-7.9165545
xiii	-7.6270084
toscana	-7.215973
arma	-8.303535
xiv	-8.04371
trentino	-7.0153017
león	-7.978112
atleta	-8.095896
viii	-7.865635
ix	-8.010373
friburgo	-7.594039
armada	-7.6553392
berna	-6.845687
falta	-7.702407
ciudad	-7.6553392
friuli	-7.74549
venezia	-7.3295975
valle	-7.5061274
kolonia	-8.229427
austria	-7.5621214
hala	-6.5434065
kultura	-6.7837095
australian	-8.229427
tokio	-8.150955
non	-6.6159163
polonia	-7.790514
finlandia	-8.209225
apulia	-7.249874
masa	-7.7329903
japonia	-8.1139145
liguria	-7.309063
reggio	-7.7392206
portu	-8.002211
produktu	-7.5832863
kopa	-7.4391165
plaza	-6.917241
empordà	-8.05222
elementu	-7.0183372
dame	-8.141565
valais	-7.764539
molise	-7.8445816
xiàn	-8.069463
beste	-4.9662414
qū	-7.486519
hamar	-7.894414
barne	-6.4241543
lege	-7.7971144
korsika	-8.002211
veneto	-6.3131046
vaud	-6.997283
ticino	-7.7839565
zaragoza	-7.865635
gas	-8.160434
romagna	-6.895501
sevilla	-7.872752
ere	-4.142594
sari	-7.3590736
colubridae	-6.0809927
joan	-6.720825
cuenca	-7.588648
dubai	-8.260518
gekko	-8.260518
haren	-6.63231
notre	-8.229427
scincidae	-5.3872504
gallen	-8.292606
atelopus	-8.292606
cork	-7.2614346
solothurn	-7.994113
vega	-7.8445816
mende	-8.095896
sei	-7.3295975
asian	-7.5517044
puebla	-7.2575665
hidalgo	-8.018604
ia	-7.305006
bavaria	-6.335885
agama	-8.314585
profesional	-7.9091196
politika	-7.6439104
oro	-7.24605
parke	-7.496275
tokia	-8.292606
lan	-6.0990114
linea	-7.5621214
renania	-5.115912
dio	-7.2614346
metodo	-7.887141
organo	-7.9240456
calabria	-6.732176
fenomeno	-8.179666
savoia	-6.3782444
industria	-7.8171825
turingia	-6.2077446
polizia	-8.170004
mediterraneo	-7.6611032
lazio	-6.850815
filosofo	-7.531191
sorta	-8.303535
pilota	-7.305006
gironda	-6.490036
araba	-7.0523434
adige	-6.997283
astronomo	-7.7517996
abruzzo	-7.714528
galizia	-8.179666
umbria	-8.209225
mari	-7.962364
etnia	-8.250047
argovia	-7.3806725
basilea	-8.002211
basilicata	-7.90174
autonomia	-7.000264
kate	-8.170004
bera	-6.9008913
genero	-5.215494
animalia	-3.6034546
bakar	-7.954582
biak	-7.0810537
batuan	-8.026903
batik	-8.160434
ez	-4.808694
anura	-7.0213814
bizkaia	-5.9086413
gipuzkoa	-5.487929
kluba	-8.314585
alde	-6.2967234
une	-8.209225
aire	-7.9165545
edo	-3.1587915
gekkonidae	-5.87611
dipsadidae	-6.2351437
agamidae	-6.6637917
dactyloidae	-6.805581
elapidae	-6.9913483
viperidae	-7.09081
aita	-6.5644197
lacertidae	-7.154912
lamprophiidae	-7.1796045
euskaltzaindia	-8.337058
euskal	-4.3994555
herriko	-5.7310066
leku	-6.9766645
liolaemidae	-7.1939936
typhlopidae	-7.1760397
natricidae	-7.531191
zen	-2.783526
sphaerodactylidae	-7.5673704
politikari	-6.62613
joko	-8.104864
afrikan	-7.2122755
kanadan	-5.8095126
harri	-7.8037596
ari	-7.024434
teorian	-8.104864
bat	-1.8322425
eta	-1.8498755
eskualdean	-1.9671569
dago	-1.9913218
udalerria	-2.1899014
frantziako	-2.2735634
departamenduan	-2.3081222
dagoena	-2.4753976
zituen	-2.6120996
udalerri	-2.6178641
biztanle	-2.6420636
izan	-2.904776
kokatuta	-2.9855766
barrutian	-3.5101085
estatuan	-3.510746
dagoen	-3.5857234
barruko	-3.6178489
familian	-3.6362677
generoko	-3.6363707
probintzian	-3.6743693
sailkatuta	-3.6825566
alemaniako	-3.6855898
narrastien	-3.6887412
administratiboki	-3.6908112
okzitaniako	-3.7276917
italiako	-3.7912273
kokatua	-3.8503385
izena	-3.9278474
zuen	-3.9386883
zerrenda	-3.951345
dira	-4.0303855
gorrian	-4.0438004
iucn	-4.0455093
estatu	-4.175869
hiriburua	-4.2447987
bere	-4.2998047
baten	-4.371279
ditu	-4.383849
arabera	-4.3884397
alpeak	-4.4348555
konderri	-4.4494205
ameriketako	-4.454089
auvernia	-4.4804034
duen	-4.5357122
konderria	-4.553385
urtarrilaren	-4.571638
hiri	-4.64223
konderrian	-4.662773
erroldaren	-4.665949
herri	-4.6905403
batuetan	-4.7075787
berria	-4.7736254
familiako	-4.8170676
ipar	-4.8485017
bizi	-4.8485017
akitania	-4.874167
artean	-4.8777347
dena	-4.906743
borgoina	-4.91006
mexikoko	-4.911537
suitzako	-4.964291
duten	-4.9713306
hego	-4.9819837
barruan	-5.036602
kantonamenduan	-5.037021
hiria	-5.0581994
probintziako	-5.0850987
egin	-5.1086817
aurkitutako	-5.111387
zuten	-5.1177273
erabiltzen	-5.1231947
gerrikoan	-5.1369944
palatinatua	-5.1495786
asteroidearen	-5.150048
kantonamendua	-5.1723504
espainiako	-5.1771603
eskualde	-5.180541
izen	-5.181509
egiten	-5.183448
kantonamendu	-5.1849046
duena	-5.1892877
aurkitu	-5.1907525
garaia	-5.1986036
egun	-5.231656
osatzen	-5.233185
euskaraz	-5.236249
zenbait	-5.2642593
daiteke	-5.273242
urriaren	-5.278031
mendebaldeko	-5.279098
hau	-5.2839146
dituen	-5.2882156
udalerrian	-5.2930765
batean	-5.2952447
diren	-5.303964
errepidea	-5.303964
lehen	-5.3050594
sortu	-5.3194084
dute	-5.335095
irailaren	-5.35448
bezala	-5.358518
musika	-5.363734
hainbat	-5.4016304
martxoaren	-5.402838
idazlea	-5.407684
baina	-5.413163
ziren	-5.419287
horren	-5.4273043
abuztuaren	-5.439139
nafarroako	-5.4485817
bretainiako	-5.461313
ezaguna	-5.464521
mendebaldean	-5.4709682
antzinako	-5.472911
gaur	-5.4768066
nagusia	-5.4872713
otsailaren	-5.487929
departamenduko	-5.4998417
kilometro	-5.515273
maiatzaren	-5.515273
ekialdeko	-5.5159492
apirilaren	-5.534386
ekainaren	-5.536456
uztailaren	-5.537147
azaroaren	-5.5496645
ondoren	-5.560217
ekialdean	-5.561632
abenduaren	-5.5623407
hasi	-5.5680265
talde	-5.614716
arteko	-5.6237187
hitzak	-5.644275
batuetako	-5.6473565
irlandako	-5.656659
kataluniako	-5.662909
bigarren	-5.666049
txinera	-5.670777
probintzia	-5.7069693
herria	-5.7201595
baino	-5.7394314
adiera	-5.7530603
batera	-5.759082
hartzen	-5.759082
bavariako	-5.759082
iparraldean	-5.7616735
ingelesez	-5.7651396
eskualdeko	-5.7651396
auzoa	-5.7712345
garona	-5.778246
hegoaldean	-5.7888565
bretainieraz	-5.7915263
quebeceko	-5.806794
batez	-5.8186283
nahi	-5.833389
sortutako	-5.8361807
hegoaldeko	-5.8399158
bertan	-5.8436646
oso	-5.8464856
honen	-5.8512044
batek	-5.8568974
hirian	-5.8568974
taldea	-5.8626223
kokatzen	-5.8664575
espainia	-5.8683805
politikaria	-5.8732047
frantzia	-5.8770804
herriak	-5.8799973
barnean	-5.893723
ohi	-5.8956995
izenak	-5.896689
erdialdeko	-5.896689
idazle	-5.898671
hiru	-5.900657
hizkuntza	-5.901652
mailako	-5.9187117
handia	-5.920738
sinplifikatuz	-5.941231
bereko	-5.943303
estatuko	-5.958986
ibaiaren	-5.965328
gaztelaniaz	-5.9727793
erkidegoko	-5.982441
esan	-5.9835205
pirinio	-5.9835205
hartu	-5.9856825
beherea	-5.9900208
sailkatua	-5.9900208
ematen	-5.992197
mota	-5.9954705
errepublikako	-6.0020494
pinyineraz	-6.0020494
baita	-6.00978
dituena	-6.010889
iparraldeko	-6.014224
pertsona	-6.0164537
txapelketa	-6.0322027
generoa	-6.0322027
urte	-6.0344725
bitartean	-6.0378876
barrutia	-6.041314
frantsesez	-6.044753
nafarroa	-6.0459013
handiena	-6.0482025
narrasti	-6.052822
valentziako	-6.0563
honako	-6.0644636
abesti	-6.0762424
irlanderaz	-6.083377
grezieraz	-6.0941744
daude	-6.1002245
deitua	-6.1026545
luze	-6.10509
herrian	-6.1075325
espainiar	-6.1075325
nafar	-6.1136637
edizioa	-6.121071
guztira	-6.121071
nahiz	-6.1297827
batzuetan	-6.1385717
egindako	-6.1448965
udalerriko	-6.1499853
espezie	-6.15254
erresuma	-6.1615314
donostia	-6.168004
txinako	-6.1771364
urtean	-6.185031
egungo	-6.1876764
batzuk	-6.1876764
pertsonaia	-6.195656
dauden	-6.210451
estatubatuar	-6.210451
hauek	-6.2118063
mundu	-6.2145243
azken	-6.219981
bereziki	-6.222721
munduko	-6.2309856
georgiako	-6.2323694
behar	-6.233755
inguruan	-6.2379246
alderdi	-6.242112
ozeano	-6.2477226
zehar	-6.260461
izeneko	-6.264744
bidez	-6.271923
agertzen	-6.271923
taldearen	-6.273365
doa	-6.284976
garaiak	-6.286437
arrain	-6.2879
hiriko	-6.292302
madril	-6.2937737
ikasketak	-6.295247
errege	-6.2967234
goi	-6.3011646
gisa	-6.305626
eskualdea	-6.3071165
zuzen	-6.3131046
erromatar	-6.3161125
bilbo	-6.319129
mitologian	-6.319129
latinez	-6.322155
frantses	-6.322155
sortua	-6.3251896
eskola	-6.3282337
multzoa	-6.3389616
sortzen	-6.3451443
ahoskatua	-6.3451443
mendia	-6.346696
zena	-6.3544903
erdialdean	-6.357625
greziar	-6.3591957
urteko	-6.3607693
lau	-6.3623457
landare	-6.376643
mendi	-6.3814545
ertzean	-6.384675
arabieraz	-6.3960295
edota	-6.4025764
hain	-6.4075146
gipuzkoako	-6.4075146
europako	-6.414137
ofizialki	-6.419133
kilometroan	-6.432579
dituzten	-6.4410744
oaxaca	-6.4427824
zuena	-6.4427824
bakarra	-6.4444933
etxe	-6.446207
gabe	-6.4530926
alemaniar	-6.4548206
erdi	-6.4582872
eman	-6.460025
herbehereetako	-6.460025
itsas	-6.4670057
japoniako	-6.4687586
kaliforniako	-6.4687586
hirugarren	-6.4705143
bateko	-6.4705143
kilometrora	-6.4793406
jatorria	-6.4793406
dordoina	-6.4811153
hasieran	-6.4846735
kokaturik	-6.490036
azalera	-6.490036
izaten	-6.500847
norvegiako	-6.506296
dituzte	-6.5081196
bizkaiko	-6.509946
zati	-6.5154457
metroko	-6.5172853
erregea	-6.519129
bilboko	-6.520975
nazioarteko	-6.5228252
errusieraz	-6.53026
bati	-6.5321274
bandera	-6.537751
lehenengo	-6.537751
daitezke	-6.537751
alabamako	-6.5415173
zinema	-6.5434065
jokatzen	-6.5434065
egiptoko	-6.5434065
italiar	-6.5452986
handi	-6.5490932
esanahi	-6.550997
herrialde	-6.550997
gaztelua	-6.552903
gertu	-6.560566
adierazten	-6.5624905
alemania	-6.568288
hil	-6.5702276
tierra	-6.572171
aeb	-6.572171
hitz	-6.5799837
egiteko	-6.5819464
barrutietako	-6.5819464
onomastikaren	-6.583913
moduan	-6.5938044
eguna	-6.5957947
honek	-6.5997868
ibaia	-6.603794
erakunde	-6.6058044
arabako	-6.6078186
enpresa	-6.613886
bai	-6.6159163
erabili	-6.6179504
ezagutzen	-6.6179504
hori	-6.6199894
semea	-6.622032
herrietako	-6.622032
eskoziako	-6.622032
kokatutako	-6.628186
ingalaterra	-6.630246
udalerriaren	-6.6343775
txileko	-6.638527
lortu	-6.640609
erabilera	-6.6426935
errepidearen	-6.6426935
idatzitako	-6.6489763
floridako	-6.6489763
hegazti	-6.653187
ardenak	-6.6574154
suediako	-6.6595364
idatzi	-6.6595364
karraskarien	-6.6637917
txiki	-6.665926
egoitza	-6.665926
kokatutakoa	-6.668065
lurralde	-6.67451
datubasea	-6.67451
uharte	-6.676667
damammals	-6.676667
zein	-6.67883
elkartea	-6.680997
gertaera	-6.6853447
guztiak	-6.6897116
errepublika	-6.6897116
erroma	-6.6897116
bartzelonako	-6.691902
uhartea	-6.6940975
taldeko	-6.6940975
ordenaren	-6.6962976
txirrindularitza	-6.700712
kirol	-6.7029276
deritzo	-6.7096014
inguruko	-6.711836
hurbil	-6.71632
gerra	-6.7185698
gehienetan	-6.7185698
buruzko	-6.7230844
dauzka	-6.7253494
aldiz	-6.7298956
kanpo	-6.732176
muga	-6.734462
auzo	-6.734462
adibidez	-6.7367525
ondorioz	-6.739049
izenez	-6.739049
modu	-6.74135
honetan	-6.743657
multzo	-6.7482862
sizilia	-6.7482862
aurrera	-6.7506094
musikagilea	-6.7529373
zegoen	-6.755271
burgosko	-6.755271
zela	-6.7599554
biltzen	-6.7599554
arren	-6.764661
amaitu	-6.764661
gizarte	-6.767022
konderriaren	-6.769389
eremu	-6.7741394
urtero	-6.781308
zion	-6.7861156
autonomoan	-6.7885284
politiko	-6.790947
atlantikoak	-6.790947
inguru	-6.790947
zuzendaria	-6.790947
katalanez	-6.793371
eraikitzen	-6.795801
araua	-6.795801
okzitanieraz	-6.798238
konderrietako	-6.798238
txikia	-6.800679
bada	-6.8031273
anfibio	-6.8031273
arrunta	-6.8080416
batetik	-6.810508
olinpiar	-6.8129797
errusiako	-6.8179426
alemanez	-6.8204336
historikoen	-6.8229303
banaketa	-6.8229303
frantziar	-6.825433
unibertsitatean	-6.825433
familiaren	-6.827943
egutegiaren	-6.827943
kaleratu	-6.8304586
auzoan	-6.83298
orratz	-6.83298
egoera	-6.8355083
batuak	-6.838043
argitaratu	-6.838043
itzuli	-6.8405848
saria	-6.850815
sailkatzen	-6.850815
jaio	-6.8559694
gainean	-6.8559694
erromako	-6.8611517
salamancako	-6.8611517
mendilerroan	-6.8611517
zaio	-6.8637524
azaleran	-6.8637524
egon	-6.8689737
euren	-6.8689737
indiako	-6.8689737
dagokion	-6.8715954
udal	-6.8742237
liburuetako	-6.8742237
euskara	-6.8768587
gero	-6.8768587
solairu	-6.8768587
jatorrizko	-6.8795004
gregoriotar	-6.8821497
sorturiko	-6.8848057
ondoan	-6.8848057
hitza	-6.8874683
jokatu	-6.8901386
esaten	-6.8901386
kontzejua	-6.8901386
honetako	-6.8928165
utzi	-6.8928165
iruñea	-6.8981924
konderriko	-6.8981924
artelanen	-6.9008913
garai	-6.906312
bisurteetan	-6.909033
tolkienen	-6.909033
liburua	-6.9117613
tresna	-6.9144974
aldean	-6.9144974
aurreko	-6.9144974
herrialdeko	-6.917241
garaian	-6.9199915
lasterketa	-6.9227505
ingalaterrako	-6.9227505
errusiar	-6.925517
donostiako	-6.9282904
italieraz	-6.9282904
kostaldean	-6.931072
madrilgo	-6.931072
britainiar	-6.931072
bartzelona	-6.9338617
hiriaren	-6.9338617
maila	-6.936659
zerrendak	-6.9394636
afrikako	-6.9394636
osoko	-6.9394636
probintziaren	-6.9394636
diskoaren	-6.942277
taldeak	-6.945098
bitarteko	-6.9507637
bost	-6.9536085
galiziako	-6.9536085
askotan	-6.9536085
ofiziala	-6.959323
onartu	-6.959323
osoan	-6.959323
osatutako	-6.9621925
ezberdinak	-6.96507
diskoa	-6.96507
irlandar	-6.9679556
itsaso	-6.97085
gehiago	-6.97085
denbora	-6.97085
japonieraz	-6.97085
legea	-6.973753
zaragozako	-6.973753
giza	-6.9766645
margolaria	-6.9766645
horretan	-6.9825125
zientzia	-6.9883947
ohia	-6.9943113
hiriburuko	-6.9943113
amerikako	-6.9943113
helburu	-6.9943113
aurka	-6.997283
ardeche	-6.997283
toki	-7.000264
asko	-7.000264
europan	-7.000264
eusko	-7.003254
coloradoko	-7.003254
gertatzen	-7.009259
irabazi	-7.0122766
fikziozko	-7.0122766
besteak	-7.0183372
aurretik	-7.0183372
zituena	-7.024434
ibai	-7.0274973
deitzen	-7.0274973
izendatzeko	-7.0274973
jokoetan	-7.0274973
jakin	-7.030569
sardinia	-7.0336514
ospatzen	-7.0429535
turingo	-7.0429535
landak	-7.046074
kalea	-7.046074
bitartez	-7.046074
gain	-7.049204
egitura	-7.049204
ingeles	-7.049204
jatorriz	-7.0554924
izenarekin	-7.0554924
asiako	-7.0554924
balio	-7.058652
auzoak	-7.058652
irakaslea	-7.058652
ospatu	-7.058652
errepideko	-7.061822
buruz	-7.061822
brandenburgo	-7.0650015
irakasle	-7.0650015
iruñeko	-7.071391
udalerrien	-7.071391
ezaugarri	-7.071391
zituzten	-7.074602
aurkako	-7.0778227
uhartean	-7.0810537
barruti	-7.0810537
metropolitanoan	-7.0810537
gai	-7.0875473
herritar	-7.0875473
luzera	-7.0875473
jarri	-7.09081
gabeko	-7.09081
datu	-7.094083
bertako	-7.094083
txineraz	-7.094083
hiriburuan	-7.094083
osatua	-7.0973673
eraikin	-7.100662
aragoieraz	-7.100662
bulego	-7.1039677
garrantzitsuena	-7.110612
banatzen	-7.110612
galesko	-7.110612
izenaz	-7.1139507
garaiko	-7.1139507
direnak	-7.117301
hamarkadan	-7.117301
jaiotza	-7.1206627
handiko	-7.124035
guadalajarako	-7.124035
horiek	-7.1274195
sobietar	-7.1274195
aroko	-7.1308146
denean	-7.134222
probintzietako	-7.137641
legez	-7.1410713
hamarkadak	-7.1410713
edozein	-7.144514
gipuzkoar	-7.1479683
ordenako	-7.1479683
arkansasko	-7.1479683
txirrindulari	-7.151434
berean	-7.151434
aztertzen	-7.151434
inperioa	-7.151434
katalan	-7.154912
lotzen	-7.154912
jotzen	-7.154912
mendeko	-7.154912
geometrian	-7.1584024
eraiki	-7.1584024
jaso	-7.1619053
abestia	-7.168947
ondorengoa	-7.168947
batasunaren	-7.1724873
aldeko	-7.1760397
uharteko	-7.1760397
herrialdea	-7.1760397
mugan	-7.1796045
zeharkatzen	-7.1796045
gehien	-7.1796045
portugalgo	-7.1796045
abeslari	-7.1796045
izar	-7.1831827
eragin	-7.1831827
izango	-7.1831827
mugimendu	-7.1867733
kidea	-7.1867733
udako	-7.190377
aragoin	-7.190377
gune	-7.1939936
lur	-7.1976233
ibaiak	-7.1976233
aintzira	-7.2049227
ekitaldia	-7.2049227
normalean	-7.2085924
koadroko	-7.2085924
wikipediaren	-7.2085924
nazionala	-7.2122755
soilik	-7.2122755
ignacio	-7.215973
ikasi	-7.215973
ezagunagoa	-7.215973
jasotzen	-7.215973
mendean	-7.2196836
ezkertiar	-7.2196836
gutxi	-7.2234077
domeinua	-7.227146
eraikina	-7.230898
kostaldeko	-7.2384453
laugarren	-7.242241
batzuen	-7.242241
dauka	-7.24605
aurki	-7.24605
urteetan	-7.249874
zabaldu	-7.249874
markak	-7.249874
zazpi	-7.2537127
zamorako	-7.2537127
zubia	-7.2575665
alaba	-7.2614346
liburu	-7.2614346
lleidako	-7.2614346
nazionalak	-7.2614346
texasko	-7.2614346
ordena	-7.265319
esku	-7.265319
beraz	-7.265319
herrialdeentzako	-7.265319
estatua	-7.2692175
unitate	-7.2692175
alegia	-7.2692175
horien	-7.2692175
lurraldea	-7.2731314
zenbaki	-7.2731314
hedatzen	-7.2731314
ekonomia	-7.2770605
zehazki	-7.2770605
itzulia	-7.2770605
toledoko	-7.281005
eremua	-7.2849655
kide	-7.2849655
ingelesezko	-7.2849655
zaharra	-7.2889414
nagusiak	-7.2889414
ekialdera	-7.2929335
politikoa	-7.2969418
izateko	-7.2969418
gasteiz	-7.3009663
aldi	-7.3009663
helburua	-7.3009663
hauteskundeetan	-7.3009663
ávilako	-7.3009663
batekin	-7.305006
bizkaitar	-7.305006
ehun	-7.313136
dutenak	-7.313136
burua	-7.313136
cuencako	-7.3172264
bergamoko	-7.3172264
izanik	-7.321333
lana	-7.3254566
ahal	-7.3254566
abertzalearen	-7.3254566
cuneoko	-7.3254566
mitologiako	-7.3295975
gironako	-7.3295975
pirinioak	-7.3337555
behatokitik	-7.3337555
huescako	-7.3337555
kontzejura	-7.3337555
prozesu	-7.3379307
jauregia	-7.342124
publikoa	-7.342124
izandako	-7.342124
aurkezteko	-7.342124
presidentea	-7.342124
valladolideko	-7.342124
delarik	-7.3463345
erakundea	-7.350563
hiritik	-7.350563
osoa	-7.354809
zuzendari	-7.354809
eragiten	-7.354809
teruelgo	-7.354809
alderdien	-7.354809
anaia	-7.3590736
jarduera	-7.3590736
profesionala	-7.3590736
gasteizko	-7.3633566
hiriburu	-7.3633566
militarra	-7.3633566
gorputz	-7.3676577
bakarrik	-7.3676577
ditzake	-7.3676577
udalerritik	-7.3676577
nagusi	-7.371977
berriz	-7.376315
horretako	-7.376315
tradizionalez	-7.376315
bretainia	-7.3806725
osatuta	-7.3806725
eguzki	-7.385049
idazten	-7.385049
ibidem	-7.3894444
urtera	-7.3894444
handiak	-7.3982944
itsasoan	-7.3982944
audientzia	-7.3982944
euskarazko	-7.402748
segoviako	-7.402748
terminoak	-7.402748
arabiar	-7.402748
arraun	-7.4072227
osatu	-7.4072227
historikoa	-7.4072227
sortzailea	-7.4072227
mendebaldera	-7.4072227
gerran	-7.4117174
hiririk	-7.4117174
behatokia	-7.4117174
berri	-7.416232
bestelako	-7.416232
iraupena	-7.416232
izaki	-7.420767
lanak	-7.420767
errioxako	-7.420767
sartu	-7.4253225
ekintza	-7.4253225
eskaintzen	-7.429899
milioi	-7.434497
itxura	-7.434497
doan	-7.4391165
etxea	-7.4391165
argudiatuz	-7.4391165
lapurdi	-7.443756
rousillon	-7.443756
herrialdetako	-7.443756
departamendua	-7.443756
puntu	-7.4484186
amphisbaena	-7.4484186
gaztelu	-7.4484186
batuko	-7.4484186
populatuena	-7.4484186
debekatu	-7.4484186
cnemaspis	-7.453102
jainkoa	-7.453102
garatu	-7.453102
legendarium	-7.4578085
iberiar	-7.4578085
informazioa	-7.4578085
zelula	-7.4578085
trentoko	-7.4578085
veracruz	-7.462537
maiz	-7.462537
jauregi	-7.462537
beltza	-7.462537
jaioa	-7.462537
antzeko	-7.462537
hezkuntza	-7.462537
granadako	-7.462537
partehartzea	-7.462537
baix	-7.467287
santua	-7.467287
erreferentzia	-7.467287
horrela	-7.47206
altsasuko	-7.47206
gazte	-7.476856
mailan	-7.476856
elkarte	-7.476856
datuen	-7.481676
finlandiako	-7.481676
katedrala	-7.486519
geltokia	-7.486519
itsasoa	-7.486519
arduratzen	-7.486519
estatubatuarra	-7.486519
latinezko	-7.486519
japoniar	-7.486519
tarragonako	-7.486519
haien	-7.4913845
herrialdearen	-7.4913845
hitzetik	-7.496275
terminoa	-7.496275
margolari	-7.496275
bresciako	-7.496275
leóngo	-7.496275
funtzio	-7.5011883
sexu	-7.5061274
gainera	-7.5061274
europar	-7.5110893
indar	-7.5110893
ugari	-7.5110893
uhartearen	-7.5110893
palentziako	-7.5110893
jatorriko	-7.516077
ezarri	-7.516077
duela	-7.5210896
arloan	-7.5210896
eginiko	-7.5210896
parisko	-7.5210896
buru	-7.526128
telebista	-7.526128
inperioko	-7.526128
kontatzen	-7.526128
virginiako	-7.526128
matematikan	-7.531191
berez	-7.531191
portua	-7.531191
oinarrizko	-7.531191
zatia	-7.531191
enperadorea	-7.531191
herriaren	-7.5362797
urtea	-7.5362797
baitan	-7.5362797
ondorengo	-7.5362797
zabala	-7.541395
bide	-7.541395
argitaratua	-7.541395
altuera	-7.541395
zuria	-7.5465364
lanean	-7.5465364
argitaratutako	-7.5465364
herrixka	-7.5465364
baiona	-7.5517044
teknika	-7.5517044
greziako	-7.5517044
luzea	-7.5517044
zeelanda	-7.5517044
parrokia	-7.5517044
hauen	-7.556899
kolore	-7.556899
informazio	-7.556899
bilduma	-7.556899
gertatu	-7.556899
llave	-7.5621214
esker	-7.5621214
itsasoaren	-7.5621214
ribera	-7.5673704
gorria	-7.5673704
erabiliz	-7.5673704
soriako	-7.5673704
behin	-7.572648
alessandriako	-7.572648
kasu	-7.5779524
kazetaria	-7.5779524
erlijio	-7.5779524
filosofoa	-7.5779524
jauna	-7.5832863
aukera	-7.5832863
hauetako	-7.5832863
unibertsitateko	-7.5832863
guztien	-7.5832863
pertsonak	-7.5832863
espazio	-7.5832863
fisikaria	-7.5832863
paviako	-7.5832863
amphisbaenidae	-7.588648
gehienak	-7.588648
geroztik	-7.588648
garaiera	-7.588648
hasiera	-7.594039
kanpoko	-7.594039
espainian	-7.594039
muturrean	-7.594039
jainkosa	-7.594039
haur	-7.5994587
lapurdiko	-7.5994587
grezieratik	-7.5994587
neurri	-7.5994587
hurrengo	-7.5994587
izendatu	-7.604908
nazio	-7.604908
uharteak	-7.604908
lekua	-7.604908
chamaeleonidae	-7.610388
orokorrean	-7.610388
mendearen	-7.610388
atlantikoan	-7.610388
haranean	-7.610388
aurrean	-7.610388
hartan	-7.615897
altuena	-7.615897
frantzian	-7.621438
gauza	-7.621438
ikerketa	-7.6270084
antolatzen	-7.6270084
mendiaren	-7.6270084
familiakoa	-7.6270084
iparraldera	-7.6270084
antzerki	-7.6270084
nagusiki	-7.6270084
zaharreko	-7.6270084
dermioa	-7.6270084
garaipen	-7.6270084
aritu	-7.6326113
berezko	-7.6326113
eratzen	-7.6326113
sevillako	-7.6326113
esaterako	-7.6382446
mugatik	-7.6382446
irrati	-7.6439104
zerbitzu	-7.6439104
oinarritzen	-7.6439104
kazetari	-7.6439104
penintsulan	-7.6439104
berriko	-7.6439104
historialaria	-7.6439104
dantza	-7.6496086
artikulu	-7.6496086
aroan	-7.6496086
jatorri	-7.6496086
turkiako	-7.6496086
beti	-7.6553392
mugimendua	-7.6553392
dinastiako	-7.6553392
administratiboa	-7.6553392
argentinako	-7.6553392
mosku	-7.6611032
grezia	-7.6611032
jainko	-7.6611032
testu	-7.6668997
montérégie	-7.6668997
behe	-7.6668997
aldaketa	-7.6668997
urrezko	-7.6668997
arraina	-7.6668997
arkitekto	-7.6727314
besterik	-7.6727314
jokalari	-7.6727314
ezizenez	-7.6727314
ospetsua	-7.6727314
karlos	-7.6785965
ezberdinen	-7.6785965
eguzkiaren	-7.6785965
connecticuteko	-7.6785965
administraiboki	-7.6785965
penintsula	-7.684496
mendilerroa	-7.684496
adierazteko	-7.684496
seme	-7.6904306
berak	-7.6904306
orokorra	-7.6904306
belar	-7.6904306
badajozko	-7.6904306
arkitektura	-7.6964006
kontxako	-7.6964006
frantsesa	-7.6964006
metroa	-7.702407
dorrea	-7.702407
direla	-7.702407
burutzen	-7.702407
udalerriak	-7.702407
zuhaitz	-7.702407
tolosa	-7.7084494
disko	-7.7084494
kopuru	-7.7084494
erdian	-7.7084494
frantsesezko	-7.7084494
argitaratutakoa	-7.7084494
gaixotasun	-7.7084494
igarotzen	-7.7084494
txekiar	-7.7084494
batasuna	-7.714528
osagai	-7.714528
abeslaria	-7.714528
unibertsitate	-7.720644
zaion	-7.720644
batua	-7.726798
datutegia	-7.726798
kantabriako	-7.726798
elkarteak	-7.726798
eleberria	-7.726798
apaiz	-7.726798
bidezko	-7.726798
matematikaria	-7.726798
mikel	-7.7329903
teiidae	-7.7329903
mendiak	-7.7329903
erregina	-7.7329903
azaltzen	-7.7329903
ekialde	-7.7329903
estatuaren	-7.7329903
garaiena	-7.7329903
eskozia	-7.7329903
mendirik	-7.7329903
comoko	-7.7329903
orkestra	-7.7392206
milango	-7.7392206
munduan	-7.7392206
salernoko	-7.7392206
adar	-7.74549
amaitzeko	-7.74549
urtetik	-7.74549
aldagai	-7.74549
hebreeraz	-7.74549
ezagunena	-7.74549
zelarik	-7.74549
arkitektoa	-7.74549
dion	-7.7517996
orain	-7.7517996
musikari	-7.7517996
bizitza	-7.7517996
ikus	-7.7517996
erroldan	-7.7517996
katalunia	-7.758149
garrantzitsua	-7.758149
taldean	-7.758149
bihurtu	-7.758149
gaztelaniazko	-7.758149
soriatik	-7.758149
ospetsuan	-7.758149
burutu	-7.764539
historiko	-7.764539
omenez	-7.764539
ibilbide	-7.764539
horrek	-7.764539
ura	-7.7709694
estatistikan	-7.7709694
ekonomian	-7.777442
merkataritza	-7.777442
lotura	-7.777442
finantza	-7.777442
honakoa	-7.777442
etxebizitza	-7.777442
cosenzako	-7.777442
landarea	-7.7839565
gunea	-7.7839565
lurraren	-7.7839565
zuberoako	-7.7839565
aebetako	-7.7839565
dugu	-7.790514
ekonomiko	-7.790514
estropada	-7.790514
suitza	-7.790514
nagusietako	-7.790514
bakoitza	-7.790514
cáceresko	-7.790514
xabier	-7.7971144
sozialista	-7.7971144
hots	-7.7971144
diru	-7.7971144
txikiak	-7.7971144
betetzen	-7.7971144
gaztela	-7.7971144
konposatu	-7.7971144
alacanteko	-7.7971144
behera	-7.8037596
appalaches	-7.8037596
beren	-7.8037596
jaiotako	-7.8037596
sortzeko	-7.8037596
batzuek	-7.8037596
erabilitako	-7.8037596
saxonia	-7.8104486
alcarria	-7.8104486
argi	-7.8104486
aktorea	-7.8104486
hogeita	-7.8171825
gizakiak	-7.8171825
inperio	-7.8171825
kanadako	-7.8171825
hiriak	-7.8171825
belgikako	-7.8171825
carolinako	-7.8171825
hosto	-7.823962
bosgarren	-7.823962
hamarkada	-7.823962
irudi	-7.823962
tamaina	-7.823962
bakterio	-7.8307877
foru	-7.8307877
gobernu	-7.8307877
espainiarra	-7.8307877
ibaien	-7.8307877
aritzen	-7.8307877
unitatea	-7.837661
tartean	-7.837661
musikagile	-7.837661
korronte	-7.837661
lortzen	-7.837661
inperioaren	-7.837661
eskultorea	-7.837661
adarra	-7.8445816
prozesua	-7.8445816
auzoko	-7.8445816
bereizten	-7.8445816
autonomoa	-7.8445816
historialari	-7.8445816
emakume	-7.8445816
datza	-7.85155
hegoaldera	-7.85155
lehenago	-7.85155
irudikatzen	-7.85155
errepide	-7.85155
idatzia	-7.85155
varanus	-7.858567
donibane	-7.858567
primate	-7.858567
gure	-7.858567
izatea	-7.858567
abiadura	-7.858567
distantzia	-7.858567
ingelesa	-7.858567
brasilgo	-7.858567
substantzia	-7.858567
jotzailea	-7.858567
tourra	-7.858567
eskandinaviar	-7.858567
kontuan	-7.865635
coruñako	-7.865635
ostean	-7.865635
eraikitako	-7.865635
eduki	-7.872752
grezierazko	-7.872752
joera	-7.872752
eleberrigilea	-7.872752
barrutiko	-7.872752
daitekeena	-7.872752
aldizkaria	-7.872752
jartzen	-7.872752
erregearen	-7.872752
izandakoa	-7.872752
monumentu	-7.879921
parisen	-7.879921
urteen	-7.879921
eginez	-7.879921
benetako	-7.879921
bertsolari	-7.887141
ezik	-7.887141
sartzen	-7.887141
erabilia	-7.887141
garapen	-7.887141
mendien	-7.887141
eraztunen	-7.887141
ezartzen	-7.887141
literalki	-7.887141
banderaren	-7.887141
vareseko	-7.887141
egina	-7.894414
hondartza	-7.894414
enpresak	-7.894414
errusia	-7.894414
eskualdearen	-7.894414
hiruburua	-7.894414
udineko	-7.894414
ramphotyphlops	-7.90174
dutena	-7.90174
aurkitzen	-7.90174
bilakatu	-7.90174
bareko	-7.90174
asturiasko	-7.90174
eskuratu	-7.90174
micrurus	-7.9091196
asmoz	-7.9091196
zuzena	-7.9091196
bilera	-7.9091196
hiztegi	-7.9091196
lurra	-7.9091196
dagokionez	-7.9091196
sortutakoa	-7.9091196
eragina	-7.9091196
amaieran	-7.9091196
baterako	-7.9091196
castellóko	-7.9091196
buruzagi	-7.9165545
ezin	-7.9165545
administrazio	-7.9165545
antzekoa	-7.9165545
danimarkako	-7.9165545
chaudière	-7.9240456
elektriko	-7.9240456
azpian	-7.9240456
emandako	-7.9240456
florentzia	-7.9240456
izenekoa	-7.9240456
herrikoi	-7.9240456
daitekeen	-7.9240456
atal	-7.931593
leptotyphlopidae	-7.931593
traineru	-7.931593
ohiko	-7.931593
horretarako	-7.931593
izaera	-7.931593
ugaztun	-7.931593
gerraren	-7.931593
ligako	-7.931593
aro	-7.9391975
suedia	-7.9391975
zortzi	-7.9391975
eraikia	-7.9391975
seigarren	-7.9391975
kopurua	-7.9391975
hungariako	-7.9391975
hasierako	-7.9391975
hiriburuaren	-7.9391975
javier	-7.9468603
jalisco	-7.9468603
poloniako	-7.9468603
izendatzen	-7.9468603
plaka	-7.954582
diplodactylidae	-7.954582
ezker	-7.954582
kristau	-7.954582
berrian	-7.954582
aragoiko	-7.954582
zeuden	-7.954582
gizon	-7.954582
zerrendan	-7.954582
alemaniarra	-7.954582
txapelketaren	-7.954582
grisonia	-7.962364
daitezkeen	-7.962364
berezia	-7.962364
historiako	-7.962364
kontzeptua	-7.962364
stenocercus	-7.970207
erythrolamprus	-7.970207
datuak	-7.970207
oinarri	-7.970207
lortzeko	-7.970207
balioa	-7.970207
motako	-7.970207
behereko	-7.970207
chiapas	-7.978112
partikula	-7.978112
donostian	-7.978112
fisiko	-7.978112
aditua	-7.978112
gailu	-7.978112
lotuta	-7.978112
andaluziako	-7.978112
arlo	-7.986081
abian	-7.986081
zuzenean	-7.986081
banatuta	-7.986081
geruza	-7.986081
errepublikaren	-7.986081
errepidean	-7.986081
gaziko	-7.986081
dragoi	-7.994113
jaiotzez	-7.994113
agertu	-7.994113
tenperatura	-7.994113
emaztea	-7.994113
islandiako	-7.994113
mendilerro	-7.994113
estudioko	-7.994113
ginea	-8.002211
lygodactylus	-8.002211
iraun	-8.002211
oblasta	-8.002211
egitea	-8.002211
iritsi	-8.002211
londresko	-8.002211
izengoitiz	-8.002211
dakotako	-8.002211
iñaki	-8.010373
bilbon	-8.010373
giroa	-8.010373
itsasoko	-8.010373
zazpigarren	-8.010373
batasuneko	-8.010373
austriar	-8.010373
arroka	-8.010373
zuzendutako	-8.010373
kentuckyko	-8.010373
harana	-8.018604
saiakera	-8.018604
antolatu	-8.018604
persieraz	-8.018604
napoliko	-8.018604
vicenzako	-8.018604
pintorea	-8.018604
zabal	-8.026903
ageri	-8.026903
argitaratzen	-8.026903
aldaera	-8.026903
kilometroko	-8.026903
zegoena	-8.026903
yucatán	-8.035271
oinarritutako	-8.035271
olerkari	-8.035271
neurtzeko	-8.035271
lehena	-8.035271
ekoizpen	-8.035271
bigarrena	-8.035271
ahalbidetzen	-8.035271
australiako	-8.035271
duelarik	-8.035271
hazten	-8.035271
avellinoko	-8.035271
teknologia	-8.04371
phyllodactylidae	-8.04371
calamaria	-8.04371
erresumako	-8.04371
bertsolaria	-8.04371
emateko	-8.04371
ezagunak	-8.04371
eraikuntza	-8.04371
bakoitzak	-8.04371
aintziraren	-8.04371
eremuan	-8.04371
katolikoaren	-8.04371
ospetsu	-8.04371
cremonako	-8.04371
astiko	-8.04371
serranía	-8.05222
irun	-8.05222
erabaki	-8.05222
independentzia	-8.05222
parkea	-8.05222
eratu	-8.05222
honela	-8.05222
elektrikoa	-8.05222
txikiena	-8.05222
ekoizten	-8.05222
zioten	-8.05222
zerbitzuak	-8.05222
missouriko	-8.05222
guerrero	-8.060804
gwynedd	-8.060804
euskararen	-8.060804
gudua	-8.060804
harreman	-8.060804
ustez	-8.060804
eleberri	-8.060804
erdiko	-8.060804
penintsularen	-8.060804
penintsulako	-8.060804
erkidegoan	-8.060804
lanetan	-8.060804
asmatu	-8.060804
kolonbiako	-8.060804
historikoki	-8.060804
osaturiko	-8.060804
espeziea	-8.060804
hiriburutik	-8.060804
alboan	-8.060804
hautatzeko	-8.060804
frantzisko	-8.069463
ibilbidea	-8.069463
sarrera	-8.069463
berriak	-8.069463
bezalako	-8.069463
zaharrena	-8.069463
ourenseko	-8.069463
pertziformeen	-8.069463
campiña	-8.078197
zuhaitza	-8.078197
bidea	-8.078197
ezagutua	-8.078197
eragile	-8.078197
guztietan	-8.078197
komunikazio	-8.078197
belarkara	-8.078197
lerro	-8.078197
zerbait	-8.078197
kataluniar	-8.078197
ocampo	-8.087007
michoacán	-8.087007
abar	-8.087007
cryptoblepharus	-8.087007
erreka	-8.087007
labur	-8.087007
erakundeak	-8.087007
soinu	-8.087007
sarritan	-8.087007
itxurako	-8.087007
egiptoar	-8.087007
delako	-8.087007
amaiera	-8.087007
futbolari	-8.087007
renfe	-8.095896
bozen	-8.095896
jarrera	-8.095896
kondea	-8.095896
itun	-8.095896
aldetik	-8.095896
kimikoa	-8.095896
txina	-8.095896
prefeturako	-8.095896
erdigunean	-8.095896
antzezlea	-8.095896
bileraren	-8.095896
komunista	-8.104864
pachydactylus	-8.104864
proba	-8.104864
eskolan	-8.104864
aurpegi	-8.104864
ikur	-8.104864
zehatz	-8.104864
zenean	-8.104864
uharteetako	-8.104864
leongo	-8.104864
antzina	-8.104864
kokaturiko	-8.104864
málagako	-8.104864
eskutik	-8.104864
pirinioetako	-8.104864
jardun	-8.104864
ondare	-8.104864
kilometrotara	-8.104864
messinako	-8.104864
paseriformea	-8.104864
pinares	-8.1139145
makina	-8.1139145
mendatea	-8.1139145
aurre	-8.1139145
konpainia	-8.1139145
poloniar	-8.1139145
beharreko	-8.1139145
zaie	-8.1139145
itzultzailea	-8.1139145
madrilen	-8.1139145
izateagatik	-8.1139145
emaitza	-8.1139145
ondasun	-8.1139145
irango	-8.1139145
batuen	-8.1139145
erakusten	-8.1139145
lotutako	-8.1139145
eskubaloi	-8.1139145
musikaria	-8.1139145
tirolgo	-8.1139145
bildu	-8.123047
egilea	-8.123047
aztertu	-8.123047
kontzeptu	-8.123047
barneko	-8.123047
zituela	-8.123047
emirerri	-8.123047
gehienbat	-8.123047
belgika	-8.123047
hartako	-8.123047
aquilako	-8.123047
bilbao	-8.132263
iturri	-8.132263
valentzia	-8.132263
neurtzen	-8.132263
herrikoia	-8.132263
saskibaloi	-8.132263
paduako	-8.132263
solidoetako	-8.132263
lore	-8.141565
hila	-8.141565
probabilitate	-8.141565
apaiza	-8.141565
ezaugarriak	-8.141565
matematikari	-8.141565
pertsonen	-8.141565
eragindako	-8.141565
handiagoa	-8.141565
gaeleraz	-8.141565
tenplu	-8.141565
austriako	-8.141565
illinoisko	-8.141565
sumendia	-8.141565
calabriako	-8.141565
izendaturik	-8.141565
arizonako	-8.141565
atala	-8.150955
uste	-8.150955
uretan	-8.150955
gizona	-8.150955
halaber	-8.150955
nabarmena	-8.150955
direnean	-8.150955
beraien	-8.150955
gipuzkoarra	-8.150955
ekonomikoa	-8.150955
buruzagia	-8.150955
gorabehera	-8.150955
realgo	-8.150955
kansasko	-8.150955
golkoa	-8.160434
berezi	-8.160434
garrantzi	-8.160434
jarraitzen	-8.160434
gobernuaren	-8.160434
desberdinak	-8.160434
tajo	-8.170004
lakua	-8.170004
badira	-8.170004
berrehun	-8.170004
sistemaren	-8.170004
harremanak	-8.170004
kudeaketa	-8.170004
olerkaria	-8.170004
mendilerroaren	-8.170004
garraiobide	-8.170004
diska	-8.179666
bete	-8.179666
likido	-8.179666
bidean	-8.179666
zuri	-8.179666
ikasle	-8.179666
urtez	-8.179666
ondoko	-8.179666
eredu	-8.179666
zenbakia	-8.179666
garatzen	-8.179666
elkartzen	-8.179666
ezberdin	-8.179666
lurraldean	-8.179666
ministroa	-8.179666
bertatik	-8.179666
karratu	-8.179666
ohikoa	-8.179666
geroago	-8.179666
nagusiaren	-8.179666
zinemagilea	-8.179666
casertako	-8.179666
garraio	-8.189422
lehiaketa	-8.189422
eratutako	-8.189422
veneziako	-8.189422
sareak	-8.189422
britainia	-8.189422
iowako	-8.189422
hamarkadaren	-8.189422
dukea	-8.189422
geneva	-8.199274
interes	-8.199274
muino	-8.199274
eratorria	-8.199274
oinarrituta	-8.199274
lengoaia	-8.199274
mugimenduaren	-8.199274
inguratzen	-8.199274
ukrainako	-8.199274
pontevedrako	-8.199274
valentziar	-8.199274
huskako	-8.199274
ukraineraz	-8.199274
molekula	-8.209225
omen	-8.209225
hasten	-8.209225
enontekiö	-8.209225
ekaitza	-8.209225
onomastika	-8.209225
indarra	-8.209225
horregatik	-8.209225
turkieraz	-8.209225
fisikari	-8.209225
potenzako	-8.209225
santu	-8.2192745
abitibi	-8.2192745
luzerna	-8.2192745
gorri	-8.2192745
iraultza	-8.2192745
jainkoaren	-8.2192745
dituztenak	-8.2192745
tradizionala	-8.2192745
gaztelako	-8.2192745
enpresaren	-8.2192745
baliokidea	-8.2192745
azaroak	-8.2192745
espezieetako	-8.2192745
otomandar	-8.2192745
kalean	-8.2192745
veronako	-8.2192745
ibarra	-8.229427
galway	-8.229427
laurentides	-8.229427
ereserkia	-8.229427
ikurra	-8.229427
urtarrilak	-8.229427
antolatutako	-8.229427
katolikoa	-8.229427
liburutegia	-8.229427
indianako	-8.229427
tennesseeko	-8.229427
kimiko	-8.239683
publiko	-8.239683
ituna	-8.239683
hona	-8.239683
landu	-8.239683
euskaltzaindiaren	-8.239683
gorena	-8.239683
kasuan	-8.239683
aldatu	-8.239683
oraindik	-8.239683
guztiz	-8.239683
laburra	-8.239683
atlantikoko	-8.239683
lurraldearen	-8.239683
almeriako	-8.239683
ezizenaz	-8.239683
deitu	-8.239683
idazleak	-8.239683
japonian	-8.239683
udalerrikoa	-8.239683
horietako	-8.239683
finlandieraz	-8.239683
martxoak	-8.239683
lecceko	-8.239683
duero	-8.250047
denez	-8.250047
domina	-8.250047
taula	-8.250047
eko	-8.250047
baso	-8.250047
estatistika	-8.250047
barean	-8.250047
hedadura	-8.250047
antzerkigilea	-8.250047
hortik	-8.250047
aldizkari	-8.250047
mendea	-8.250047
erroman	-8.250047
handiaren	-8.250047
jaéngo	-8.250047
ontzi	-8.250047
kaleratutako	-8.250047
nebraskako	-8.250047
mallorca	-8.260518
phelsuma	-8.260518
trimeresurus	-8.260518
bothrops	-8.260518
ekin	-8.260518
plestiodon	-8.260518
altsasu	-8.260518
borroka	-8.260518
nahiko	-8.260518
parean	-8.260518
onartzen	-8.260518
polonieraz	-8.260518
irudiak	-8.260518
gaitasuna	-8.260518
nerbio	-8.260518
funtzioa	-8.260518
otsailak	-8.260518
marokoko	-8.260518
epeletan	-8.260518
molina	-8.2711
abertzale	-8.2711
eibar	-8.2711
batzen	-8.2711
erregeen	-8.2711
erraldoi	-8.2711
funtsezko	-8.2711
gobernuak	-8.2711
isurtzen	-8.2711
hegoafrikako	-8.2711
zaharrean	-8.2711
kimikaria	-8.2711
trevisoko	-8.2711
baile	-8.2817955
vallès	-8.2817955
durango	-8.2817955
hydrophis	-8.2817955
entziklopedia	-8.2817955
ekialdea	-8.2817955
euskaltzaindiak	-8.2817955
ahalmena	-8.2817955
garatutako	-8.2817955
eskualdekoa	-8.2817955
azterketa	-8.2817955
lurgaineko	-8.2817955
gaineko	-8.2817955
izatera	-8.2817955
mitologikoak	-8.2817955
bizantziar	-8.2817955
guztiek	-8.2817955
yorkeko	-8.2817955
kroaziako	-8.2817955
frosinoneko	-8.2817955
nanking	-8.292606
lurmuturra	-8.292606
urak	-8.292606
elementuak	-8.292606
dezake	-8.292606
titulua	-8.292606
erpin	-8.292606
loturik	-8.292606
arrakasta	-8.292606
denboraldiko	-8.292606
hezur	-8.292606
johnsonen	-8.292606
aralar	-8.303535
euskadiko	-8.303535
anguidae	-8.303535
brusela	-8.303535
artea	-8.303535
mendebaldea	-8.303535
etxeko	-8.303535
zortzigarren	-8.303535
gizakiaren	-8.303535
frantziarra	-8.303535
errepublikan	-8.303535
esloveniako	-8.303535
kordobako	-8.303535
lehendabiziko	-8.303535
bestea	-8.303535
mitologiaren	-8.303535
jokalaria	-8.303535
zuhaixka	-8.303535
ohioko	-8.303535
ideologia	-8.314585
autobidea	-8.314585
komiki	-8.314585
nekazaritza	-8.314585
aitzindaria	-8.314585
hartuta	-8.314585
bertsio	-8.314585
botere	-8.314585
webgunea	-8.314585
mendietan	-8.314585
leccoko	-8.314585
legendariumean	-8.314585
wikipedien	-8.314585
klima	-8.325758
subjektu	-8.325758
agirre	-8.325758
unibertsitatea	-8.325758
mugakide	-8.325758
baizik	-8.325758
mintzatzen	-8.325758
uhin	-8.325758
madagaskarren	-8.325758
berdea	-8.325758
anitzeko	-8.325758
idazlearen	-8.325758
gauzak	-8.325758
zuzenbide	-8.325758
garaieran	-8.325758
oristanoko	-8.325758
argentinar	-8.325758
loredunen	-8.325758
irailak	-8.325758
aren	-8.337058
baserri	-8.337058
kantu	-8.337058
ordea	-8.337058
baldintza	-8.337058
arabar	-8.337058
lehenbiziko	-8.337058
apirilak	-8.337058
zitzaion	-8.337058
ibarrean	-8.337058
gitarra	-8.337058
palermoko	-8.337058
minnesotako	-8.337058
dendrelaphis	-8.348487
egunkaria	-8.348487
urdina	-8.348487
animalien	-8.348487
baitzen	-8.348487
azido	-8.348487
izotz	-8.348487
berrogeita	-8.348487
definitzen	-8.348487
izendapena	-8.348487
bakarreko	-8.348487
ingeniaritza	-8.348487
ibili	-8.348487
portugesez	-8.348487
garrantzitsuenetako	-8.348487
ezizena	-8.348487
bukaeran	-8.348487
herritik	-8.348487
apezpikua	-8.348487
