afrika	-6.0045385
i	-5.971614
the	-5.2290983
of	-3.166905
e	-2.6076746
wa	-6.718828
o	-6.808173
a	-6.2936163
and	-6.613468
de	-0.6941607
is	-1.4536171
april	-4.6298175
july	-4.6653624
se	-5.1248946
n	-5.2845583
in	-1.1522145
state	-5.499588
ii	-6.4058285
s	-5.0561333
jan	-5.4033604
dan	-6.4837904
m	-6.5757275
har	-4.487987
t	-2.519508
ta	-4.4085803
al	-5.3739796
sa	-4.834612
fan	-1.059108
d	-6.3048525
sport	-6.568348
j	-6.718828
en	-1.5842373
f	-5.975671
km	-5.846213
it	-1.4445586
film	-5.8355556
te	-4.044975
den	-6.351104
new	-5.5648003
holstein	-6.412098
la	-6.553749
van	-4.3743963
roman	-6.5757275
john	-6.321947
kanada	-6.8270416
york	-5.7639747
km²	-6.0783253
ten	-6.1011047
park	-6.7360706
robert	-6.7625036
james	-6.937708
william	-6.282505
george	-6.685212
los	-6.153126
rol	-6.4837904
city	-6.387252
model	-6.64472
thomas	-6.865882
angeles	-6.399598
washington	-6.636815
no	-5.6910424
maria	-6.771472
der	-4.4834065
golf	-6.685212
county	-5.6288
man	-6.7018785
ek	-3.3927479
plak	-4.7914033
as	-3.149898
by	-3.6936202
west	-5.06427
amsterdam	-5.128373
anne	-6.660721
mei	-3.0620837
east	-5.303058
om	-4.22824
oktober	-4.654457
hans	-6.906291
men	-6.561022
johannes	-6.0649023
distrikt	-5.349776
johan	-6.636815
kilometer	-6.056052
meter	-6.4058285
augustus	-4.614069
montana	-6.7805223
jurist	-6.8758326
band	-6.8270416
kr	-6.393406
jacob	-6.7625036
tal	-6.4058285
greve	-6.7103176
bruce	-6.7625036
pieter	-6.5111895
net	-4.8516393
term	-6.4311466
little	-6.9166546
titel	-6.628972
skotsk	-6.3690147
science	-6.568348
willem	-5.7672696
museum	-5.9595413
hendrik	-6.685212
fiction	-6.561022
folk	-5.979744
talen	-5.856985
kust	-6.685212
lang	-6.457122
er	-4.871653
wei	-6.0045385
heart	-5.8825803
lange	-6.3630085
dakota	-6.299219
syn	-4.1565123
dit	-4.0164924
sweden	-6.8560295
see	-5.43363
bern	-6.5111895
dy	-2.7756715
politike	-6.5831623
moderne	-6.62119
list	-4.1408157
troch	-3.5580163
diel	-5.356319
mar	-4.256249
lei	-6.239255
awards	-6.4973955
afro	-6.223507
shakespeare	-6.7805223
polityk	-6.937708
muzyk	-6.7448044
tekst	-6.223507
op	-3.0614219
dialekt	-6.927126
gebiet	-5.407958
dei	-6.7536144
alle	-5.4195457
stasjon	-6.660721
nasjonale	-6.8858824
komponist	-6.9166546
het	-6.817563
klasse	-5.9126577
komme	-6.906291
stamme	-6.5042686
ein	-6.133895
eigen	-6.3452044
een	-6.865882
gemeente	-3.2496262
dat	-3.52033
regio	-5.6288
komt	-4.9370904
maart	-4.5662713
bekend	-4.732243
midden	-6.208003
echte	-5.307216
groep	-5.4721894
sint	-5.551413
rivier	-5.300986
binnen	-6.3335075
partij	-6.3048525
westen	-6.0738306
londen	-5.678884
universiteit	-6.1927357
lid	-6.3048525
gemeenten	-6.8758326
saksen	-6.896035
boek	-5.901273
rotterdam	-6.798871
beieren	-6.7896547
wat	-5.6698613
soms	-6.771472
rome	-6.62119
leden	-6.937708
dochter	-6.771472
taal	-5.5097404
generaal	-6.7536144
dichter	-5.1128154
programma	-6.6688185
doel	-6.381136
keizer	-6.2769957
leger	-6.4505644
beide	-6.685212
moskou	-6.7805223
boeken	-6.7360706
films	-6.718828
planetoïden	-4.4761205
polder	-6.613468
goed	-6.6688185
kanaal	-6.62119
filosoof	-6.937708
wie	-2.445611
letter	-5.637458
jong	-6.927126
religieuze	-6.53936
predikant	-6.652689
rang	-6.718828
romans	-6.7896547
boer	-6.660721
vries	-6.798871
fryslân	-4.350904
waarden	-4.8730016
part	-5.182053
súdwest	-6.0472803
sy	-5.8715305
nei	-3.8022132
kin	-5.309302
binne	-4.2518883
kinne	-6.4770565
hat	-3.7939224
hie	-5.467287
leit	-4.20583
yn	-1.4033093
hy	-4.043796
meksiko	-6.8758326
dea	-6.660721
út	-3.3328462
eins	-6.457122
politikus	-5.369535
mammalia	-6.4375772
rodentia	-5.8825803
nije	-5.3282695
oan	-3.2900934
foar	-3.2939816
waard	-3.6609645
wurdt	-3.707408
namme	-3.827033
wol	-4.007933
nederlânsk	-4.1388707
ljouwert	-4.219777
tusken	-4.219777
ien	-4.243224
fryske	-4.3224883
neamd	-4.348505
oant	-4.35975
stêd	-4.3646083
doarp	-4.3743963
dêr	-4.4085803
feart	-4.4170985
jannewaris	-4.445734
amerikaansk	-4.4643927
ûnder	-4.4779367
wurde	-4.523505
amerikaanske	-4.52923
provinsje	-4.5330653
febrewaris	-4.6078386
grutte	-4.6182446
maaie	-4.619291
hâlden	-4.620339
desimber	-4.6255937
skriuwer	-4.6458178
noard	-4.6501284
frysk	-4.6522903
nederlânske	-4.6533732
oer	-4.6566286
juny	-4.671963
novimber	-4.6897807
septimber	-4.7056365
ynwenners	-4.74285
ingelsk	-4.759577
iuw	-4.7914033
buorskip	-4.8153186
aktrise	-4.833314
rint	-4.8757043
dútske	-4.881132
earste	-4.886589
famylje	-4.892076
sûnt	-4.9003634
komôf	-4.901751
steaten	-4.9313517
oare	-5.0071115
feriene	-5.022664
olympyske	-5.022664
steat	-5.0273776
súd	-5.046456
dizze	-5.0691843
makke	-5.0708275
eardere	-5.114532
grins	-5.1197
jier	-5.133613
oprjochte	-5.154853
simmerspullen	-5.1584373
hja	-5.160234
him	-5.1765537
lân	-5.182053
latynske	-5.182053
haadstêd	-5.183893
nederlân	-5.185736
snits	-5.193144
skaai	-5.1968684
twadde	-5.20624
likernôch	-5.2081256
brûkt	-5.215701
dielsteat	-5.223335
twa	-5.2446327
folút	-5.2724123
grutste	-5.311392
stiet	-5.3303995
berne	-5.336817
meast	-5.341118
dútsk	-5.351952
wetter	-5.354133
tsjerke	-5.369535
grut	-5.4033604
ingelske	-5.4195457
pornografysk	-5.424218
skift	-5.431269
eilân	-5.431269
mear	-5.445521
olympiade	-5.457555
dêre	-5.477115
benammen	-5.4795876
foarmje	-5.499588
jierren	-5.514856
oarspronklike	-5.522578
frânsk	-5.5355816
amearika	-5.5729194
kening	-5.5893583
ferskate	-5.594898
sleat	-5.6345634
hearrenfean	-5.6579566
bestiet	-5.6579566
hawwe	-5.6849446
noarden	-5.6879888
lytse	-5.6910424
russysk	-5.694105
earder	-5.6971774
noch	-5.70335
besuden	-5.70335
wurden	-5.7095613
kristlike	-5.718951
wrâld	-5.7252603
beskôge	-5.72843
foarm	-5.7347994
dútslân	-5.7412095
utert	-5.7541547
grinslân	-5.757417
ôf	-5.7606907
hân	-5.78727
harren	-5.794027
haach	-5.7974224
trije	-5.80083
easten	-5.80083
ingelân	-5.804249
alde	-5.807679
ûnderdiel	-5.807679
etnysk	-5.8145757
ryk	-5.818042
neakenmodel	-5.818042
ferneamd	-5.839095
benoarden	-5.839095
suden	-5.846213
soan	-5.853381
makket	-5.856985
stie	-5.864231
kjifdieren	-5.864231
romeinske	-5.8715305
frankryk	-5.8825803
bibel	-5.8825803
neffens	-5.8825803
soarte	-5.8900156
minsken	-5.901273
útspr	-5.901273
âlde	-5.905053
hollân	-5.905053
wyk	-5.9088483
drachten	-5.9088483
wurk	-5.916482
jeropa	-5.916482
skriuwster	-5.920321
keunstskilder	-5.928043
kalifornje	-5.947613
delsetting	-5.9515734
bestjoerlik	-5.9555492
wurd	-5.9595413
tiid	-5.9595413
harns	-5.9635496
besibbe	-5.9635496
faak	-5.971614
boud	-5.9838343
earst	-5.9838343
testamint	-6.0045385
skiednis	-6.0045385
frjentsjer	-6.0129423
skreaun	-6.0129423
sprutsen	-6.0214167
frânske	-6.0299635
nij	-6.0342646
akteur	-6.0385847
keunstner	-6.0385847
gryksk	-6.0385847
wêrby	-6.042923
tsjin	-6.0516567
betsjut	-6.056052
begjin	-6.056052
lykas	-6.0604677
britske	-6.0649023
dongeradiel	-6.069356
offisjeel	-6.0783253
doe	-6.08284
parys	-6.0873747
eilannen	-6.096507
oseaan	-6.110364
soad	-6.1150265
algemien	-6.1291447
gebrûk	-6.143464
rêstend	-6.143464
lannen	-6.148284
presidint	-6.1579924
boarnsterhim	-6.162883
útrikt	-6.162883
aazje	-6.167796
wienen	-6.1727343
ûnderfamylje	-6.1727343
latyn	-6.177697
slach	-6.182685
wichtichste	-6.182685
gjin	-6.1927357
republyk	-6.1927357
feriening	-6.1927357
priis	-6.223507
hinne	-6.2287292
tige	-6.239255
noardlike	-6.239255
mêd	-6.2445602
fjouwer	-6.249894
soarten	-6.2552557
offisjele	-6.260647
greefskip	-6.260647
fuotbalferiening	-6.260647
pornografyske	-6.260647
lyts	-6.2660666
sûchdier	-6.2769957
hearre	-6.288046
spilet	-6.2936163
fêstige	-6.2936163
boalsert	-6.299219
wikipedy	-6.299219
organisaasje	-6.299219
fral	-6.299219
oarloch	-6.299219
betsjuttings	-6.3048525
wymbritseradiel	-6.3162165
wêrfan	-6.327711
joadske	-6.327711
dokkum	-6.3393393
britsk	-6.3393393
grykske	-6.3393393
littenseradiel	-6.3452044
eartiids	-6.3452044
spile	-6.3570385
skotlân	-6.3570385
frou	-6.3630085
sûchdieren	-6.3630085
werom	-6.375057
wrâldkriich	-6.375057
oarspronklik	-6.381136
iikhoarntsjes	-6.381136
jeropeeske	-6.387252
âld	-6.387252
drinte	-6.387252
wûnseradiel	-6.399598
prizen	-6.399598
ferneamde	-6.399598
mingd	-6.4058285
boargemaster	-6.4184074
ferbynt	-6.424757
foarkomt	-6.4311466
krige	-6.4375772
giet	-6.4375772
histoaryske	-6.4375772
sjoernalist	-6.4375772
sawol	-6.44405
sleeswyk	-6.4505644
eastlik	-6.4505644
bêste	-6.457122
grytman	-6.457122
foarmet	-6.463722
wiene	-6.4703674
spullen	-6.4770565
smellingerlân	-6.4770565
literatuer	-6.4770565
finen	-6.4770565
protte	-6.4770565
súdlike	-6.4770565
lêste	-6.4837904
skarsterlân	-6.49057
kaam	-6.49057
tytsjerksteradiel	-6.4973955
hûs	-6.5111895
tsjintwurdich	-6.5111895
ruslân	-6.5111895
westlik	-6.518158
lizzing	-6.518158
opsterlân	-6.525175
toanielskriuwer	-6.525175
heechlearaar	-6.525175
libben	-6.532243
sels	-6.53936
pleats	-6.53936
rekkene	-6.53936
âldste	-6.53936
fûgels	-6.53936
sit	-6.546529
stins	-6.546529
oerflak	-6.546529
ferhaal	-6.546529
dyk	-6.553749
sjongster	-6.553749
sjoen	-6.561022
stripper	-6.568348
koarte	-6.568348
byldzjend	-6.568348
persoan	-6.5757275
itaalje	-6.5757275
bedriuw	-6.5757275
ie	-6.5831623
stik	-6.5831623
neat	-6.5831623
wêze	-6.5831623
moat	-6.5906534
sintraal	-6.5906534
spaansk	-6.5906534
italjaansk	-6.598201
russyske	-6.598201
keninkryk	-6.6058054
sintrum	-6.6058054
oarsprong	-6.6058054
koartwei	-6.6058054
rige	-6.613468
kear	-6.613468
tiidrek	-6.613468
rjochting	-6.613468
noardlik	-6.613468
skiereilân	-6.613468
ûnbekend	-6.613468
apokryf	-6.62119
heit	-6.62119
yslânske	-6.636815
ferwerderadiel	-6.64472
eaststellingwerf	-6.64472
tegearre	-6.64472
poldermole	-6.64472
sjonger	-6.652689
noardeast	-6.652689
grou	-6.660721
haadplak	-6.660721
paralympyske	-6.660721
skoalle	-6.676981
iersk	-6.676981
berlyn	-6.685212
swarte	-6.685212
ambassadeurs	-6.693511
warkum	-6.693511
hjoeddeiske	-6.693511
wurke	-6.693511
spoar	-6.693511
ûnderwizer	-6.693511
tûke	-6.7018785
allinnich	-6.7103176
súdeast	-6.7103176
noardwesten	-6.7103176
arabysk	-6.7103176
deensk	-6.7103176
yndiaansk	-6.7103176
hiele	-6.718828
hillige	-6.718828
karriêre	-6.718828
strjitten	-6.718828
ûntstien	-6.727412
brittanje	-6.7360706
militêr	-6.7360706
midsiuwen	-6.7360706
deselde	-6.7360706
hoewol	-6.7360706
uny	-6.7448044
ferhalen	-6.7448044
fiif	-6.7536144
foarhinne	-6.7536144
soe	-6.7625036
akkrum	-6.7625036
sû	-6.7625036
krekt	-6.7625036
toanielstik	-6.7625036
artystenamme	-6.7625036
súdeasten	-6.7625036
arsjitekt	-6.7625036
gaasterlân	-6.771472
lizze	-6.771472
hichte	-6.771472
publisearre	-6.771472
seelân	-6.771472
skilder	-6.7805223
better	-6.7805223
jouwer	-6.7805223
doarpen	-6.7805223
keunst	-6.7805223
útjouwerij	-6.7805223
heechste	-6.7805223
hege	-6.7896547
wichtige	-6.7896547
himrik	-6.7896547
oaren	-6.7896547
teolooch	-6.7896547
artystenammen	-6.7896547
ynternasjonale	-6.798871
wûn	-6.798871
histoarikus	-6.798871
yndiaanske	-6.798871
left|thumb|200px|de	-6.798871
helte	-6.808173
leien	-6.808173
súdlik	-6.808173
oersetter	-6.808173
û	-6.817563
kollumerlân	-6.817563
bygelyks	-6.817563
súdwesten	-6.817563
iuwske	-6.817563
mooglik	-6.8270416
fûgel	-6.8270416
iere	-6.8366117
debút	-6.8366117
sûnder	-6.8366117
eastlike	-6.8366117
publisist	-6.8462734
skylge	-6.8462734
dielen	-6.8462734
bûten	-6.8462734
meitsjen	-6.8462734
lakota	-6.8560295
hast	-6.8560295
wurken	-6.8560295
inkeld	-6.8560295
belgje	-6.8560295
reade	-6.865882
elts	-6.865882
heech	-6.865882
meastentiids	-6.865882
dêrfan	-6.865882
ornaris	-6.865882
ferbining	-6.865882
weststellingwerf	-6.8758326
measte	-6.8758326
noardeasten	-6.8758326
jout	-6.8858824
kleaster	-6.8858824
wrâldoarloch	-6.8858824
wer	-6.896035
spaanske	-6.896035
flakten	-6.896035
wynmotor	-6.896035
falt	-6.906291
wennet	-6.906291
noardwest	-6.906291
hebriuwsk	-6.906291
ferline	-6.9166546
beneaming	-6.9166546
stifte	-6.927126
dantumadiel	-6.927126
frjentsjerteradiel	-6.927126
guon	-6.927126
lykwols	-6.927126
foaral	-6.927126
boppe	-6.937708
hektare	-6.937708
ierde	-6.937708
taksonomyske	-6.937708
bestie	-6.9484034
dêrby	-6.9484034
aktyf	-6.9484034
tydskrift	-6.9484034
strjitte	-6.9484034
ferbûn	-6.9484034
lizzende	-6.9484034
