i	-1.4898689
the	-4.703277
of	-4.8395257
o	-6.148243
a	-1.5051744
ní	-5.355915
and	-6.1110296
ó	-3.4069443
de	-2.7807837
is	-1.1090462
n	-4.9898424
in	-2.8426242
c	-5.8131256
le	-2.5956068
na	-1.6637688
s	-5.97864
m	-5.3842087
b	-5.4020267
t	-4.3071666
sa	-2.554247
d	-3.9240036
r	-6.352607
h	-6.201783
x	-6.463148
f	-6.370202
port	-6.6559143
san	-3.7907925
km	-6.057683
don	-4.560847
den	-3.8007116
new	-6.3127155
la	-6.6559143
john	-5.7193575
an	-1.200088
park	-6.496155
robert	-6.565627
michael	-6.6325665
james	-6.211834
william	-6.4186964
do	-4.2270083
charles	-6.720978
george	-6.7043104
paul	-6.7043104
club	-6.070755
di	-6.6559143
tom	-6.7126093
as	-3.754233
os	-6.258354
go	-3.073927
ba	-4.041915
ina	-3.4301329
tar	-5.7443585
mara	-6.5164948
leo	-6.5948257
sin	-4.5445085
london	-5.3645363
ab	-4.046539
ord	-6.02783
texas	-6.4894657
ann	-3.7413402
am	-5.592018
ball	-5.789674
chun	-3.8652802
air	-4.5135345
leeds	-6.450245
lena	-5.858194
yorkshire	-6.4375057
mac	-5.5390954
cm	-6.5028887
simpsons	-6.5302877
ar	-2.0058608
ag	-3.3839827
garman	-6.496155
má	-6.4696627
dá	-5.244351
é	-1.569047
suas	-5.819928
mar	-3.3214622
sé	-3.1143842
leis	-3.8843098
lá	-4.278265
nós	-6.6097517
nó	-2.9059467
ros	-5.7162757
upon	-6.679819
borough	-5.3410053
gael	-5.6336327
arm	-6.729416
á	-5.73178
loch	-4.9692235
lucht	-6.0111628
suite	-2.3114948
eo	-5.0607505
aon	-5.172164
nach	-5.1938257
linn	-5.8906293
fine	-6.5028887
file	-6.400234
sean	-6.216897
í	-3.1404977
ná	-4.0006776
inti	-6.58012
mór	-4.607459
bán	-6.388113
rois	-6.523367
ré	-6.58012
gall	-6.496155
ard	-5.6002035
tá	-3.134894
ea	-2.8624616
rinne	-5.546858
baile	-2.873695
sí	-4.8255396
fear	-6.58012
éireann	-5.844109
teach	-6.129463
dála	-5.982648
uí	-6.120204
fáil	-5.63647
teachta	-6.092929
nan	-5.630804
focal	-6.6559143
rc	-6.376137
chur	-5.433993
gar	-5.9947696
stát	-5.3754177
trí	-4.5764723
baill	-6.070755
iar	-5.4646196
bun	-6.1967964
aici	-6.3410454
aer	-6.587446
gan	-5.5785227
dara	-5.3097854
agus	-2.0247846
bhaile	-5.0512114
eilean	-5.373232
beag	-5.0185237
ainm	-5.0093775
ceann	-4.6531577
tuath	-6.6325665
taobh	-5.197482
roinn	-6.3584375
cionn	-6.412504
seo	-4.201656
rugadh	-3.4609437
deireadh	-5.032402
iad	-4.131761
dheas	-6.5584583
duine	-4.2523084
ach	-4.3628225
aige	-5.295543
eile	-4.3804655
daoine	-5.479078
abhainn	-5.2975655
contae	-4.647858
sgitheanach	-6.617299
sna	-4.639437
duais	-6.6097517
samhain	-5.3473682
nuair	-4.8773646
comhairle	-4.8006005
cheann	-5.5111394
gleann	-6.3643026
ghaidhealaibh	-6.7043104
chontae	-4.587358
leabhar	-5.6829896
earra	-5.613997
atá	-3.0587096
gcontae	-3.2850947
bhliain	-3.6125169
bhí	-3.6913714
chuid	-4.0247617
gcomhairle	-4.157322
bhfuil	-4.338479
mó	-4.3628225
idir	-4.4108577
ón	-4.4209166
béarla	-4.4293766
sráidbhaile	-4.4310775
ceantar	-4.443926
éireannach	-4.4925003
átha	-4.5502443
fómhair	-4.6064444
gáidhealtachd	-4.6064444
faoi	-4.6489162
cliath	-4.676815
héireann	-4.7043953
meiriceánach	-4.744332
chéad	-4.7513413
níos	-4.760764
féidir	-4.7847176
amach	-4.7859306
thuaidh	-4.7956867
éirinn	-4.81424
cathair	-4.835692
réir	-4.8395257
londain	-4.84209
nua	-4.851116
éard	-4.8641543
aisteoir	-4.8773646
theas	-4.944744
oileán	-4.960515
aontaithe	-4.9839077
gaeilge	-5.003326
bíonn	-5.043331
amháin	-5.0496306
dtí	-5.052795
dhá	-5.081736
cosúil	-5.0915723
ghnáth	-5.126781
timpeall	-5.137073
úsáidtear	-5.138798
tíre	-5.1775355
thiar	-5.199315
bealtaine	-5.201152
gcónaí	-5.2029915
cuid	-5.204835
sliabh	-5.2159667
dúchasach	-5.217834
albain	-5.225339
márta	-5.227224
isteach	-5.2291126
eanáir	-5.2291126
chéile	-5.2310047
meán	-5.2329006
leith	-5.2386093
bhuirg	-5.246272
bhíonn	-5.252058
chill	-5.257878
siad	-5.2775245
iúil	-5.285493
lúnasa	-5.2874947
freisin	-5.295543
gur	-5.3016224
féin	-5.3016224
aibreán	-5.3056955
dhéanamh	-5.318016
iarthar	-5.334683
feabhra	-5.3367863
tugtar	-5.3367863
sacair	-5.3410053
nollaig	-5.345243
mbliain	-5.345243
shampla	-5.3473682
halban	-5.3494983
imreoir	-5.3537717
gach	-5.3602166
stáit	-5.362374
uisce	-5.3645363
dhún	-5.366703
meitheamh	-5.3908534
teanga	-5.3953075
iarthuaisceart	-5.3975425
chathair	-5.399782
domhain	-5.4020267
mhór	-5.408791
úsáid	-5.4363155
réigiún	-5.4409776
ábhar	-5.448012
tír	-5.4527287
siar	-5.516165
teilifíse	-5.521215
sasana	-5.52375
fearainn	-5.5262914
tháinig	-5.528839
chorcaí	-5.5313935
chomh	-5.5313935
gceist	-5.5313935
minic	-5.5365214
sraith	-5.5390954
scríbhneoir	-5.5442634
scannán	-5.546858
dtuaisceart	-5.546858
fágtha	-5.5546803
bhisigh	-5.55993
polaiteoir	-5.55993
lár	-5.562565
airde	-5.562565
bheith	-5.562565
mbaile	-5.5652065
grúpa	-5.570512
fhéilire	-5.5758452
raibh	-5.583899
ainmhí	-5.583899
ceoil	-5.592018
mí	-5.602947
ghréagóra	-5.602947
rí	-5.619568
amhránaí	-5.630804
thoir	-5.6421676
acu	-5.645029
bód	-5.659459
gháidheal	-5.6652904
láthair	-5.6711555
uirthi	-5.674101
fuair	-5.6919584
éagsúla	-5.694966
dó	-5.697983
mhuigh	-5.697983
shasana	-5.697983
sasanach	-5.7010083
maith	-5.7040434
mheiriceá	-5.7070875
barúntacht	-5.7132034
shiorrachd	-5.7162757
caisleán	-5.7162757
uimhir	-5.7286596
céad	-5.7286596
áit	-5.741199
bunaíodh	-5.750708
éis	-5.7538977
planda	-5.763529
domhan	-5.7830734
córas	-5.7863684
dtugtar	-5.7863684
bás	-5.806369
mbíonn	-5.806369
lú	-5.816521
stáisiún	-5.823347
uaireanta	-5.823347
téarma	-5.823347
aghaidh	-5.8336744
mhaith	-5.8336744
náisiúnta	-5.8336744
mhaigh	-5.8371406
bheag	-5.844109
cill	-5.8511267
bharr	-5.8511267
gaillimhe	-5.858194
éan	-5.8617463
ndeisceart	-5.865311
fhine	-5.8688893
oirthear	-5.8688893
bliain	-5.8688893
árann	-5.8797
rud	-5.88333
haois	-5.8906293
bunaithe	-5.8906293
fhaightear	-5.8906293
measc	-5.897982
thugtar	-5.901679
eaglais	-5.9317565
staidéar	-5.951025
orthu	-5.951025
naomh	-5.9549236
imríonn	-5.9549236
cúige	-5.9588375
thiobraid	-5.9627666
scríobh	-5.97864
duilleoga	-5.982648
luimnigh	-5.9907126
chuireann	-5.9907126
ábhair	-5.9907126
thar	-5.9947696
istigh	-6.0029325
háirithe	-6.0111628
chiarraí	-6.0153036
cumann	-6.0194616
uair	-6.02783
roimh	-6.0320406
dún	-6.040516
áirithe	-6.040516
príomhchathair	-6.04478
taighde	-6.0490627
eabhrac	-6.0490627
síos	-6.0490627
bhall	-6.057683
breataine	-6.0620213
fud	-6.0663786
faoin	-6.0663786
cáil	-6.0840006
ngall	-6.088455
fada	-6.088455
galar	-6.088455
ionad	-6.088455
thosaigh	-6.088455
domhanda	-6.088455
cnoc	-6.092929
eoraip	-6.092929
déag	-6.0974236
saghas	-6.106473
chuir	-6.1110296
saolaíodh	-6.1110296
cinn	-6.120204
ainmhithe	-6.120204
ríomhaire	-6.120204
bhaineann	-6.1248226
príomhbhaile	-6.1341248
fisicí	-6.1341248
ollscoil	-6.138809
heorpa	-6.138809
cur	-6.1435146
thír	-6.1435146
roinnt	-6.1435146
fraince	-6.152993
céanna	-6.1577663
ceoltóir	-6.1673822
poblacht	-6.1868954
teangacha	-6.1868954
staid	-6.1868954
dtús	-6.1868954
réaltbhuíon	-6.1868954
bhain	-6.1918335
ríocht	-6.1918335
cé	-6.1967964
afraic	-6.1967964
tréimhse	-6.1967964
dúin	-6.201783
comórtas	-6.211834
feadh	-6.216897
rúise	-6.221986
tús	-6.2271013
lúthchleas	-6.2271013
dhéanann	-6.2271013
lonnaithe	-6.2271013
haghaidh	-6.2271013
chósta	-6.2322426
tríd	-6.242605
cónaí	-6.2478275
fad	-6.2530766
meiriceá	-6.2636585
láir	-6.2689924
inniu	-6.2689924
chláir	-6.274354
réigiúin	-6.274354
coitianta	-6.274354
háise	-6.279745
eoghain	-6.285165
chainnigh	-6.285165
thoradh	-6.285165
gearmáine	-6.285165
mbéarla	-6.290615
gcúige	-6.290615
rith	-6.296094
feidhm	-6.296094
páirt	-6.296094
bruachbhaile	-6.3016043
bliana	-6.3127155
tharlaíonn	-6.3127155
obar	-6.3183174
oileáin	-6.3183174
fhásann	-6.3183174
anois	-6.323951
iodáil	-6.323951
plandaí	-6.323951
gcathair	-6.3296165
crann	-6.3353148
oibre	-6.3353148
gcomhair	-6.3353148
idirnáisiúnta	-6.3410454
bhreatain	-6.3468094
díreach	-6.3468094
speiceas	-6.3468094
sráid	-6.3584375
ghlac	-6.3643026
raidió	-6.370202
déanta	-6.370202
leictreach	-6.376137
cholainn	-6.382107
dúil	-6.382107
bhunaigh	-6.382107
ilbhliantúil	-6.382107
thuaisceart	-6.388113
méid	-6.388113
lán	-6.3941555
ghaeilge	-6.3941555
blianta	-6.3941555
thaobh	-6.400234
droichead	-6.406351
eorpach	-6.406351
nádúrtha	-6.4186964
cineál	-6.4186964
bhaint	-6.4249268
bia	-6.431197
rac	-6.431197
ansin	-6.431197
aois	-6.431197
cheimiceach	-6.431197
mhantáin	-6.4375057
leagan	-6.4375057
béal	-6.4438553
eolas	-6.4438553
ghlaschú	-6.4438553
struchtúr	-6.4438553
thart	-6.450245
líne	-6.450245
dheathain	-6.4566755
amhrán	-6.4566755
phríomhchathair	-6.4566755
eitneach	-6.4566755
eagraíocht	-6.463148
bláthanna	-6.463148
fola	-6.4696627
iorras	-6.4696627
laidin	-6.4696627
mbirmingham	-6.4696627
rialtas	-6.47622
ionann	-6.47622
réimse	-6.47622
éire	-6.4828215
albam	-6.4828215
tuaisceart	-6.4828215
gheall	-6.4828215
hoileáin	-6.4828215
móra	-6.4894657
clár	-6.4894657
aithne	-6.4894657
próiseas	-6.4894657
aontroma	-6.496155
fhad	-6.496155
foireann	-6.496155
mainistir	-6.5028887
coláiste	-6.5028887
dhoire	-6.5028887
ndiaidh	-6.5096684
gcuid	-6.5096684
thug	-6.5164948
scoil	-6.5164948
spóirt	-6.5164948
éigin	-6.5164948
cuireadh	-6.5164948
cogadh	-6.523367
páirtí	-6.523367
athrú	-6.523367
oirdheisceart	-6.523367
carachtar	-6.5302877
bhíodh	-6.5372562
dhéantar	-6.5372562
tsiombail	-6.5372562
mamach	-6.5442743
eipeasóid	-6.5442743
aice	-6.551341
dlí	-6.551341
forleathan	-6.551341
páirc	-6.5584583
stair	-6.5584583
astráil	-6.5584583
cumadóir	-6.5584583
obair	-6.565627
bhfeidhm	-6.565627
orgánach	-6.565627
rinn	-6.5728474
manach	-6.5728474
daonra	-6.5728474
déantar	-6.5728474
áise	-6.5728474
tábhachtach	-6.5728474
dubh	-6.58012
tagann	-6.58012
inis	-6.587446
iasc	-6.587446
rinneadh	-6.587446
bóthar	-6.5948257
clg	-6.5948257
baint	-6.5948257
cheoil	-6.5948257
aonad	-6.6022615
hiodáile	-6.6022615
feirste	-6.6097517
craobh	-6.6097517
láirge	-6.6097517
dul	-6.617299
cheantar	-6.617299
réalta	-6.617299
scannáin	-6.617299
aigéad	-6.617299
ionas	-6.6249037
chuig	-6.6249037
phoblacht	-6.6325665
rómhánach	-6.6325665
iardheisceart	-6.6325665
dromchla	-6.6402884
talamh	-6.6480703
bhuaigh	-6.6480703
príomha	-6.6480703
fearr	-6.6480703
míle	-6.6559143
sonraí	-6.6559143
hafraice	-6.6559143
ceol	-6.6638193
phort	-6.6638193
cluichí	-6.6638193
baineann	-6.6638193
liosta	-6.6717873
iomlán	-6.6717873
comhlacht	-6.6717873
manchain	-6.6717873
seán	-6.679819
pheairt	-6.679819
iompar	-6.679819
bhfoirm	-6.679819
pháirtí	-6.679819
bealach	-6.6879168
níl	-6.69608
fhear	-6.69608
chóras	-6.69608
dhromchla	-6.69608
leithéid	-6.69608
imir	-6.7043104
teacht	-6.7043104
tarlaíonn	-6.7043104
leódhas	-6.7043104
cathrach	-6.7126093
teorainn	-6.7126093
aigéan	-6.7126093
chaitliceach	-6.7126093
amuigh	-6.720978
phrís	-6.720978
brú	-6.729416
gá	-6.729416
gearmánach	-6.729416
ghrúpa	-6.729416
banna	-6.7379274
solas	-6.7379274
dhuine	-6.7379274
bpoblacht	-6.7379274
achadh	-6.7465105
fhrainc	-6.7465105
