i	-4.3228574
the	-5.363377
of	-5.384768
e	-1.2069771
a	-0.8161497
de	-3.5125504
is	-3.1773849
se	-4.949132
nobel	-5.1498027
le	-3.6121087
na	-1.5797887
s	-1.7553232
y	-5.5812435
b	-3.4017181
t	-3.1034894
sa	-3.9280405
d	-5.826
h	-3.0811024
port	-5.1079555
san	-3.9056234
ri	-3.713498
den	-4.3629007
la	-5.8011026
john	-5.84295
an	-0.6836982
do	-5.0406036
no	-4.1609926
sir	-5.0677896
as	-4.1770186
university	-5.3528504
os	-4.343632
mara	-4.233512
far	-5.116186
län	-5.877736
sin	-5.282114
ann	-1.0654798
am	-2.0933452
alba	-3.2443838
ball	-5.768842
air	-1.9853742
british	-5.7530937
à	-4.4804406
ris	-5.282114
mac	-5.412167
co	-4.8848124
isbn	-5.2485375
oxford	-4.68623
ipa	-4.138979
ag	-5.6146913
lakes	-5.768842
press	-5.384768
dhe	-5.656364
mu	-4.735827
às	-4.3360276
mar	-4.257735
leis	-5.0638604
chan	-5.8093333
neo	-3.3702254
loch	-3.825202
nam	-5.0677896
aon	-5.025394
linn	-4.339823
dà	-5.272405
gu	-3.727828
bh	-4.2843556
gall	-5.6011777
baile	-2.5656438
ro	-5.5175276
fear	-4.588967
ear	-4.2843556
nan	-4.075705
gus	-4.4168596
iain	-5.493136
th	-2.8562326
leth	-5.7929397
eil	-5.7147746
lleoedd	-4.102334
canolfan	-4.102334
bedwyr	-4.102334
thu	-5.4634604
iar	-3.9394403
tè	-5.7147746
tha	-1.3235798
agus	-2.206489
anns	-2.838707
bha	-3.236784
aig	-3.246293
beurla	-3.253324
suidhichte	-3.2979217
bho	-3.3523617
bhaile	-3.5733829
eadar	-3.5804749
bliadhna	-3.7742496
eilean	-3.8331885
beag	-3.884904
latha	-3.89704
prìomh	-3.9019356
àirde	-3.9890585
chuimrigh	-4.0107102
siorrachd	-4.0203323
ainm	-4.0203323
tarraing	-4.0684323
mòr	-4.0889306
faisg	-4.1204886
deas	-4.1235466
ceann	-4.1530747
dùthcha	-4.1546535
aonaichte	-4.194949
tuath	-4.1998954
nuadh	-4.211533
bhliadhna	-4.226698
taobh	-4.228397
roinn	-4.313555
ìre	-4.330362
stàitean	-4.35322
airson	-4.355149
cionn	-4.3629007
seo	-4.4251075
nàiseanta	-4.471726
chaidh	-4.471726
gàidhlig	-4.478255
dhen	-4.4870267
rugadh	-4.5206246
rèir	-4.553035
fuireach	-4.5816765
dùbhlachd	-4.593857
faoilleach	-4.603709
falbh	-4.6061873
dh	-4.6211877
deireadh	-4.638977
sgìre	-4.6492867
bheil	-4.6597033
iad	-4.6623244
leum	-4.688922
dheas	-4.691621
fhàgail	-4.6943274
mhìosachain	-4.7134795
ghriogaraich	-4.7134795
motha	-4.7761784
laideann	-4.793983
dùthaich	-4.8212986
duine	-4.8243804
beinn	-4.8848124
àite	-4.8880963
stòrlann	-4.8980136
ach	-4.9013414
smo	-4.9013414
thuath	-4.959677
aige	-4.963217
eile	-4.995652
inbhir	-5.006702
eileanan	-5.087671
dùn	-5.0916953
aibhne	-5.141292
neach	-5.1627064
coloimbia	-5.1670446
daoine	-5.1934776
meadhan	-5.2114964
ceimigear	-5.2391477
gearmailtis	-5.2485375
poileataigs	-5.253266
sgrìobhadair	-5.253266
oilthigh	-5.2675858
lorg	-5.2675858
saoghail	-5.272405
abhainn	-5.301819
fraingis	-5.311819
cuideachd	-5.316857
contae	-5.3219204
laighe	-5.3219204
sgitheanach	-5.327009
sgoile	-5.327009
iuchar	-5.337266
faclair	-5.337266
àird	-5.342434
meadhanach	-5.342434
sna	-5.3528504
ciallachadh	-5.3581
bhon	-5.363377
ghàidhealtachd	-5.368682
màrt	-5.3740153
seòrsa	-5.384768
sultain	-5.390188
giblean	-5.390188
èirinn	-5.4011173
mhòr	-5.4066267
cèitean	-5.412167
àireamh	-5.43464
ainmeil	-5.440338
ògmhios	-5.440338
dùthchannan	-5.446069
roinne	-5.4518323
dàmhair	-5.457629
duais	-5.4634604
àrd	-5.4693255
fhèin	-5.4693255
samhain	-5.493136
uisge	-5.493136
nuair	-5.4991784
seann	-5.4991784
facal	-5.5052576
comhairle	-5.5113735
cànan	-5.5113735
bhith	-5.5113735
chiad	-5.5362196
spàinne	-5.548878
suidhe	-5.555268
còmhla	-5.555268
cridhe	-5.5681715
eadailtis	-5.574686
gearran	-5.5944886
stèidheachadh	-5.6011777
nis	-5.6079116
albannach	-5.6079116
aibidil	-5.6079116
afraga	-5.6079116
bhuannaich	-5.6079116
eòrpa	-5.6146913
chaochail	-5.621517
cheann	-5.6283903
ghàidhlig	-5.642279
mongabay	-5.656364
stèisean	-5.663481
bheurla	-5.663481
bith	-5.67065
robh	-5.67065
ainmean	-5.6778703
rìgh	-5.6778703
ceimigeachd	-5.692469
tìrean	-5.699849
sgoil	-5.707284
ghearmailt	-5.707284
dhùn	-5.722322
ìsle	-5.722322
balla	-5.7299266
gleann	-5.7375894
poblachd	-5.7375894
dìreach	-5.7375894
spàinntis	-5.7453113
ghaidhealaibh	-5.7530937
rìoghachd	-5.7530937
fiosrachadh	-5.7530937
frainge	-5.7609367
crìochan	-5.768842
eileamaid	-5.768842
oifigeil	-5.7848425
cheimigeach	-5.7848425
ciùil	-5.7848425
chontae	-5.7929397
phris	-5.8011026
dùthchasail	-5.817632
lùnasdal	-5.826
samhla	-5.8344393
fo	-5.84295
cleasaiche	-5.851534
stàit	-5.851534
taigh	-5.860192
atamach	-5.860192
logainm	-5.8689256
sasainn	-5.8689256
leabhar	-5.877736
earra	-5.877736
ùr	-5.877736
pàpa	-5.877736
