e	-1.5990267
o	-4.0873995
may	-4.2899237
de	-0.9562626
april	-4.531086
in	-0.8405843
state	-3.3336277
al	-3.2508736
li	-0.5906396
sud	-3.3859534
it	-2.3181129
un	-1.0891705
il	-3.0818777
grand	-4.121301
federal	-3.561685
del	-1.409236
west	-3.5470152
max	-3.9120464
sur	-4.165361
es	-0.66313696
hispania	-2.8134341
europa	-4.364032
land	-2.8759546
region	-4.0791006
hockey	-4.4928646
nord	-3.3818297
ex	-4.6407847
states	-3.561685
america	-3.6437826
im	-2.3676138
canton	-4.468172
por	-3.4543562
februar	-4.5054436
provincia	-4.2020626
capital	-2.921648
desde	-3.3859534
país	-4.05461
presidente	-3.9920893
zamora	-3.3297138
village	-3.1159897
herzegovina	-3.6278672
austria	-4.480442
ost	-3.6931076
bosnia	-3.6599555
unit	-3.3942523
bavaria	-4.5054436
con	-3.8776789
germania	-2.9832473
novembre	-4.408983
francia	-4.544158
politico	-3.3065467
quel	-3.870945
inter	-3.9120464
ministre	-4.259771
cité	-1.9126477
german	-3.8981576
ella	-4.0465775
have	-4.480442
annu	-3.7811413
situat	-2.0184293
prim	-4.3975544
federativ	-4.570826
districte	-4.0073566
quam	-4.0708704
esset	-3.1480436
nascet	-2.8157682
partise	-3.8576117
insul	-3.9770513
villagie	-4.05461
nómine	-4.129959
anc	-4.138693
apartene	-4.342292
municipie	-4.364032
reyatu	-4.468172
morit	-4.6553836
