afrika	-6.2673807
i	-5.795957
the	-5.6571207
of	-5.6980715
a	-6.2014227
and	-6.547515
de	-5.810243
april	-5.785375
september	-6.008519
november	-6.048793
amerika	-6.3139
in	-5.448903
ii	-5.7995095
ka	-6.4205847
s	-6.433918
ning	-6.149597
arab	-5.4414124
dan	-6.044237
m	-6.461131
muhammad	-6.6338434
al	-5.6664233
ing	-0.99852705
ya	-3.0574079
sm	-6.5780516
atom	-6.562667
km2	-3.7530804
film	-5.7783823
iki	-2.7333622
roma	-5.6695433
ana	-3.8161793
grup	-6.5780516
resmi	-6.4891043
bin	-6.433918
paris	-6.62568
tv	-6.407427
an	-6.4009113
sultan	-6.7744255
para	-5.4589787
sistem	-5.383425
latin	-5.978279
di	-5.535231
kaya	-5.795957
kategori	-5.9698043
data	-3.047823
watu	-6.4205847
papua	-5.510938
indonesia	-5.0645447
januari	-5.5885396
mei	-6.057967
juni	-5.803075
februari	-5.877183
kuna	-6.3944397
italia	-5.215288
asia	-5.965594
malaysia	-6.701666
rasi	-6.7557335
korea	-5.991127
sulawesi	-4.773455
oktober	-5.7110167
juli	-5.912411
yang	-6.873516
desa	-6.3564596
musik	-5.912411
sungai	-4.881086
kali	-5.237355
medan	-6.842745
region	-6.2175083
oxyopes	-5.764541
gunung	-4.74951
pulau	-6.15975
tanjung	-6.233858
genus	-5.1537304
www	-6.66718
india	-6.302066
islam	-5.744132
australia	-6.7934732
sri	-6.719365
sing	-2.7228045
powiat	-4.981095
indonésia	-1.54564
propinsi	-1.9288278
kacamatan	-2.7236252
jawa	-1.8294864
barat	-4.974835
désa	-1.8080244
dina	-5.8174634
taun	-3.7725797
gregorian	-5.482027
kota	-6.362691
tengah	-2.1239753
basa	-2.824089
sarta	-5.884905
bandung	-6.62568
jakarta	-5.150006
salah	-2.810741
kalurahan	-3.525075
tanggal	-4.349456
kulon	-3.9796782
bisa	-4.6222243
banyumas	-5.4290514
disebut	-6.062586
banjarnegara	-5.6267233
jepang	-5.3602223
batang	-5.4794397
wewengkon	-4.9172435
kidul	-3.2247539
wétan	-2.9184737
nagara	-4.5152206
minangka	-4.067004
sacara	-5.7818727
antara	-5.991127
selatan	-5.4924436
pulo	-4.982666
inggris	-5.1081433
timur	-4.9069867
utara	-6.0765724
asal	-6.1751738
kira	-6.3564596
maret	-5.7274375
kulawarga	-6.319871
utama	-6.109988
istilah	-6.030693
banten	-6.1961174
abad	-5.795957
kimia	-6.212118
wangun	-6.3944397
umum	-5.824736
cara	-5.9448028
barang	-6.0907564
unsur	-6.212118
bahan	-5.7995095
laut	-5.4640546
fungsi	-6.7283344
desember	-5.9698043
raja	-5.5827923
agustus	-5.8283925
anggota	-5.892687
bumi	-6.1295967
kelas	-6.5400248
suku	-5.443903
nalika	-4.84482
yunani	-5.5270677
carita	-6.375269
pusat	-6.1648645
awak	-6.4205847
sajarah	-6.710477
seni	-6.030693
sumber	-6.362691
yogyakarta	-4.876834
badan	-6.2962008
lagu	-5.744132
nabi	-6.8528967
dados	-5.600134
maju	-5.264078
komputer	-6.547515
paus	-5.168768
sumatra	-4.9157715
tenggara	-5.4589787
nusa	-5.5629334
bengkulu	-6.832694
wit	-6.5106106
lampung	-5.6267233
riau	-6.658741
padang	-6.5780516
jaya	-6.8631535
bali	-5.757692
batu	-6.2673807
baru	-6.3441143
muara	-6.4820375
purworejo	-5.7175527
kebumen	-6.62568
semarang	-4.9011726
lombok	-6.8227434
malang	-5.7714376
oxyopidae	-5.3465543
hilir	-6.109988
raya	-5.5885396
hulu	-4.9842396
lamongan	-5.4119983
magelang	-5.243459
tegal	-5.443903
pekalongan	-5.424149
bojonegoro	-6.149597
agung	-6.440652
jombang	-5.5189705
gresik	-5.388131
brebes	-5.554542
bangkalan	-5.675813
wonogiri	-6.2283783
cilacap	-5.5799313
blora	-5.4119983
rembang	-5.4898295
karo	-4.2942467
wonosobo	-6.1908407
temanggung	-5.5270677
grobogan	-5.6448507
demak	-5.682122
purbalingga	-5.754285
kuala	-6.5858345
blitar	-5.764541
bal	-6.1197443
wetan	-5.6948614
pasar	-6.5106106
jember	-5.754285
banyuwangi	-5.824736
pemalang	-5.843153
lor	-3.8414721
karanganyar	-5.6479044
tanah	-4.7645664
sragen	-6.3379984
bondowoso	-6.0262184
kang	-2.9341617
sukoharjo	-6.0765724
alam	-6.3689604
tinggi	-6.4891043
ngawi	-6.8227434
perancis	-6.2449074
jabatan	-5.704523
kecamatan	-1.8421936
kabupaten	-4.436619
tahun	-6.8631535
daerah	-5.1975884
jerman	-6.14456
provinsi	-3.0848384
negara	-6.746516
nama	-6.030693
kalimantan	-3.4845462
negeri	-6.1803694
buku	-6.149597
masjid	-5.682122
sekolah	-6.3079653
asli	-6.8227434
ahli	-6.6338434
biasa	-6.5703297
kerajaan	-6.5780516
kelurahan	-3.674418
taman	-5.824736
spesies	-4.5093265
perang	-5.986826
putih	-6.5400248
masyarakat	-6.6338434
ditulis	-6.737384
agama	-5.9044747
paling	-4.7520037
rakyat	-6.4750195
cina	-6.5252094
anak	-6.468051
bidang	-6.6756907
pilihan	-6.5780516
rusia	-6.3944397
istimewa	-5.2936788
tanpa	-6.8528967
karya	-6.1246586
distrik	-6.468051
bintang	-6.461131
putra	-6.562667
tradisional	-6.362691
nasional	-5.419271
bangsa	-5.7888904
acara	-6.6842747
kurang	-6.5106106
famili	-5.245502
tokoh	-6.114855
budaya	-6.3944397
kitab	-5.785375
wujud	-6.3564596
barito	-5.774904
angkatan	-6.66718
khas	-6.2504787
dinasti	-6.8528967
ilmu	-6.62568
kayu	-6.6842747
kotabaru	-6.0262184
kepala	-6.8631535
aksara	-5.2292743
masakan	-6.5106106
selat	-6.7744255
organisasi	-6.461131
maluku	-6.170006
lembaga	-6.433918
jawi	-6.4891043
nunukan	-6.4750195
hukum	-6.4891043
murung	-6.0262184
kotawaringin	-5.7714376
iku	-1.0892103
kabupatèn	-1.6474335
lan	-2.3779984
sawijining	-2.6822844
sirusa	-3.0001473
utawa	-3.0038357
punika	-3.0101585
saka	-3.056262
bps	-3.1045942
ingkang	-3.138081
kanthi	-3.2384
kutha	-3.4235287
jroning	-3.5991268
watara	-3.6630087
jembaré	-3.727211
inggih	-3.772111
jiwa	-3.8658757
panulisan	-4.0311537
wonten	-4.0384665
déning	-4.0439863
uga	-4.075854
kanggo	-4.130662
utawi	-4.1592355
saking	-4.1879387
padunung	-4.283249
pedunung	-4.3748164
dumunung	-4.4347987
dadi	-4.584565
satunggaling	-4.6005316
sisih	-4.692628
kaping	-4.7249084
miturut	-4.7850013
jeneng	-4.84482
wong	-4.853073
bagéyan	-4.854455
kalebu	-4.8627887
nduwèni	-4.8627887
kodhe	-4.9350743
siji	-4.9456244
tembung	-5.0146174
ora	-5.059438
purwareja	-5.0800223
sajroning	-5.117096
hamataliwa	-5.184036
kebumèn	-5.205416
marang	-5.2113276
donya	-5.213306
ordo	-5.2272644
luwih	-5.2393856
bajanegara	-5.2557793
arupa	-5.2724466
pathi	-5.2745495
kaliyan	-5.2872615
jinis	-5.2893963
wiwit	-5.2893963
bpsindonésia	-5.3001375
lair	-5.3022995
papan	-5.306638
krajané	-5.3308415
dinten	-5.3397903
kemangga	-5.3397903
kalèndher	-5.34204
araneae	-5.3442945
klathèn	-5.3488197
laladan	-5.371756
pupuh	-5.38108
tlatah	-5.388131
nganti	-5.4071794
krajan	-5.414417
gedhé	-5.421707
diarani	-5.4414124
ugi	-5.451412
walanda	-5.476859
kayadéné	-5.495065
digawé	-5.500328
polandia	-5.535231
misuwur	-5.5573316
kedhiri	-5.5601287
piranti	-5.565747
tegesé	-5.565747
gréja	-5.565747
lintang	-5.5713964
kendhal	-5.5770783
wis	-5.597223
warsa	-5.605982
wanagiri	-5.611864
panganan	-5.611864
amérika	-5.6207533
segara	-5.623734
prancis	-5.6387715
dipun	-5.6540394
kapuas	-5.6571207
candhi	-5.6789627
wanasaba	-5.682122
bayalali	-5.685292
kabisat	-5.704523
cilik	-5.7208366
katulik	-5.7208366
nganggo	-5.7340817
nanging	-5.7475047
asring	-5.7475047
manungsa	-5.761111
indonésiadata	-5.774904
jaman	-5.7783823
dhistrik	-5.7924175
kanggé	-5.7995095
daftar	-5.8066525
banyu	-5.8320622
kakawin	-5.8394423
kéwan	-5.8506155
jepara	-5.854368
jembar	-5.8581347
duwé	-5.861915
mangsa	-5.8657103
liyané	-5.8657103
mapan	-5.877183
tetanduran	-5.877183
saha	-5.8810363
antawis	-5.8966007
stasiun	-5.912411
kapuloan	-5.912411
kasebut	-5.9204116
biyasané	-5.928476
amarga	-5.932533
bandawasa	-5.932533
wektu	-5.9366064
sragèn	-5.9406962
ngasta	-5.9448028
dikenal	-5.9530673
républik	-5.9572253
bagéan	-5.965594
werna	-5.9698043
urip	-5.9954467
ngisor	-6.0041428
universitas	-6.0129147
asalé	-6.0129147
saben	-6.017329
saiki	-6.0397015
dhèwèké	-6.0397015
sukaharja	-6.044237
tiyang	-6.044237
akèh	-6.057967
digolongaké	-6.062586
tanduran	-6.0672264
babagan	-6.0765724
awujud	-6.081278
liya	-6.0907564
sarékat	-6.0907564
dumadi	-6.1197443
loro	-6.1246586
sijiné	-6.1295967
kudus	-6.1395473
wayang	-6.149597
biasané	-6.149597
dhuwur	-6.149597
sastra	-6.15975
bumbu	-6.1648645
pasisir	-6.1751738
tapin	-6.1803694
kalebet	-6.1803694
pulitik	-6.1855907
saged	-6.1908407
gadhah	-6.1961174
dhaptar	-6.2014227
parté	-6.2014227
sampun	-6.2067556
jenengé	-6.2067556
sijining	-6.2067556
nomer	-6.212118
surakarta	-6.222929
internasional	-6.2283783
seruyan	-6.233858
dicekak	-6.2449074
satunggiling	-6.2504787
kabangsané	-6.2504787
nduwé	-6.2560806
kayata	-6.273078
padha	-6.273078
miyos	-6.2845726
mawa	-6.3139
langkung	-6.3139
iwak	-6.319871
rong	-6.325876
tumrap	-6.3319187
éropah	-6.3379984
pamaréntah	-6.3441143
kangge	-6.3441143
sawisé	-6.3441143
prasasti	-6.3564596
sadurungé	-6.3564596
dipigunakaké	-6.3564596
setingkat	-6.362691
balan	-6.3816185
situs	-6.3816185
mahabharata	-6.388008
ageng	-6.4205847
panggonan	-6.4205847
èlmu	-6.427229
klebu	-6.433918
sawetara	-6.433918
wewatesan	-6.440652
pendhidhikan	-6.440652
pisanan	-6.4474316
boten	-6.454258
layang	-6.454258
wisata	-6.461131
tabalong	-6.461131
asma	-6.468051
banjur	-6.468051
kagolong	-6.4750195
isih	-6.4750195
dalan	-6.4820375
upacara	-6.4891043
ananging	-6.4891043
piyambakipun	-6.4891043
pos	-6.4962215
dipunundhuh	-6.4962215
bantul	-6.5178833
kabèh	-6.5178833
muséum	-6.5252094
panjenenganipun	-6.5252094
bab	-6.53259
mung	-6.53259
kerep	-6.53259
prabu	-6.5400248
pamaréntahan	-6.5400248
yèn	-6.5400248
ngenani	-6.5400248
dusun	-6.547515
ateges	-6.547515
kamentrian	-6.547515
samudra	-6.5550623
klompok	-6.5550623
surabaya	-6.562667
spanyol	-6.562667
abang	-6.5858345
televisi	-6.5858345
utamané	-6.5858345
dhéwé	-6.5858345
béda	-6.5936775
woh	-6.6015825
karajan	-6.6095505
lemah	-6.6095505
dhateng	-6.6095505
satunggalipun	-6.6095505
anggegana	-6.6095505
dawa	-6.6175833
banjarmasin	-6.6175833
swara	-6.6175833
bocah	-6.6175833
ngarujuk	-6.6175833
godhong	-6.6175833
menyang	-6.6175833
gendéra	-6.6175833
bakal	-6.62568
wates	-6.62568
dianggo	-6.62568
wigati	-6.6338434
anyar	-6.6420736
amargi	-6.6420736
sak	-6.6503725
antarané	-6.658741
ratu	-6.66718
sastrawan	-6.66718
tilar	-6.66718
cacahé	-6.66718
hindu	-6.6756907
manuk	-6.6756907
mentri	-6.6756907
dianggep	-6.6756907
serikat	-6.6842747
pungkasan	-6.6842747
asalipun	-6.692932
dolanan	-6.701666
kalih	-6.701666
korawa	-6.710477
ujung	-6.719365
tugas	-6.719365
kados	-6.719365
tembang	-6.7283344
sasi	-6.7283344
kembang	-6.7283344
sepur	-6.7283344
tari	-6.737384
putri	-6.737384
kahanan	-6.737384
garis	-6.746516
kaisar	-6.746516
tekan	-6.746516
kondhang	-6.746516
pisau	-6.7557335
pulang	-6.7650356
supaya	-6.7650356
sawijiné	-6.7650356
undhang	-6.7650356
banget	-6.7744255
umumé	-6.7744255
manggon	-6.7744255
dumugi	-6.7744255
paraga	-6.783904
dipunakses	-6.783904
raga	-6.7934732
departemen	-6.7934732
telu	-6.7934732
kulonpraga	-6.7934732
alas	-6.803136
pesisir	-6.803136
tradhisional	-6.803136
liyane	-6.803136
madura	-6.812892
satus	-6.812892
manéka	-6.812892
sèl	-6.8227434
sléman	-6.8227434
dewi	-6.842745
gawé	-6.842745
omah	-6.842745
shalat	-6.842745
dunungé	-6.842745
ulah	-6.8631535
presidhèn	-6.8631535
klasifikasi	-6.873516
suci	-6.873516
liwat	-6.873516
