км	-3.3675947
лат	-3.9073095
во	-1.8408835
да	-1.9156635
абу	-3.3043137
коми	-2.0210238
са	-4.0759325
календар	-3.044129
республика	-4.278873
элемент	-3.890215
асср	-4.583362
григорий	-2.2041302
спутник	-3.5369358
латин	-3.5610332
лун	-1.3450162
тайӧ	-1.6133826
ӧд	-1.6318123
кыв	-1.7120025
котырса	-2.1285653
увтыр	-2.130022
кассяна	-2.2120104
сійӧ	-2.219953
быдмӧ	-2.2295685
быдмӧг	-2.3170195
орхидея	-2.5428028
тӧлысь	-2.604116
календарын	-2.7446976
воясӧ	-2.8527575
помӧдз	-2.8863482
америкаын	-2.9211068
серти	-2.9807272
азияын	-3.1314707
пу	-3.1515117
пансьӧ	-3.1928396
восянь	-3.3137922
сюрс	-3.3233619
воӧдз	-3.3281808
сылӧн	-3.3330235
вояс	-3.357595
республикаын	-3.3625822
корья	-3.377696
радиус	-3.4034042
гижысь	-3.4624028
лунвыв	-3.4679427
анбур	-3.4847503
сикт	-3.4847503
котыр	-3.6046538
пырысь	-3.6980553
войвыв	-3.733646
сикас	-3.8167129
либӧ	-3.8246179
канму	-3.8406181
химия	-3.8817763
сідзжӧ	-3.9073095
каналан	-3.969552
туялысь	-4.0069394
овмӧдчӧмин	-4.016509
районса	-4.0261707
улӧ	-4.035927
официал	-4.06578
грезд	-4.0965514
вылын	-4.15004
африкаын	-4.291452
сыктыв	-4.3170943
ӧкмыссё	-4.3170943
сьӧм	-4.426793
республикаса	-4.4562073
европаын	-4.4562073
йӧгра	-4.4865127
шöрвыв	-4.5337653
тайö	-4.583362
