wa	-3.0826292
o	-1.515322
de	-4.429358
na	-0.9881666
ya	-0.24101019
ma	-3.6940103
la	-3.459363
ba	-3.8263617
mwa	-2.9967394
kabila	-4.4467497
mani	-4.4824677
moto	-3.7713022
brazzaville	-3.459363
eye	-3.4725213
bato	-3.4858546
ezalí	-1.263592
mpé	-1.8408163
tǒ	-2.1012397
kongó	-2.3118567
kinsásá	-2.4933486
engumba	-2.8443542
mbóka	-2.887682
mokɔlɔ	-2.9025521
azalí	-2.9485373
ezali	-3.123825
sánzá	-3.1914835
mobú	-3.2116861
ekólo	-3.2323055
lya	-3.248054
mokonzi	-3.3080173
esé	-3.365837
etúká	-3.4528484
lokótá	-3.6940103
nyama	-3.7893205
pɛnɛ	-3.7984529
mɔkɔ	-3.864828
moyémbi	-3.8846307
afríka	-3.894681
nkómbó	-3.946506
azalaka	-3.9680123
eténi	-3.9789414
mpɔ	-4.023893
abótámí	-4.0471497
lifalansé	-4.0830817
etúka	-4.1077743
nsé	-4.133092
yambo	-4.1590676
bugumési	-4.1590676
lisangá	-4.1857357
bavándaka	-4.1993413
óyo	-4.227121
azalákí	-4.2556944
monyɛlɛ	-4.2556944
yangó	-4.285108
ameríka	-4.3154135
mái	-4.3154135
ekolo	-4.330918
lizalí	-4.330918
ezalaka	-4.3466663
kozala	-4.3626666
engúmba	-4.3626666
kompaní	-4.3626666
nzémbo	-4.378927
ézali	-4.378927
mozalí	-4.4122634
bwa	-4.429358
ekokí	-4.429358
falansé	-4.429358
bandá	-4.429358
azali	-4.4644494
mambénga	-4.500817
