i	-6.0014343
the	-5.271429
of	-6.0124836
e	-6.8791027
to	-5.858333
o	-4.9743032
a	-3.9924092
si	-7.5504627
and	-7.0465574
de	-5.5623527
n	-7.2671003
in	-7.2226486
c	-7.327319
ii	-5.9868884
u	-7.6596622
ne	-5.9154916
lot	-7.612705
s	-6.1992598
turi	-5.423669
y	-6.8791027
m	-2.5619674
g	-3.842373
b	-6.655079
p	-6.8027954
t	-6.0387516
k	-6.300166
al	-7.036195
rus	-7.320447
d	-3.6728172
r	-6.9957857
l	-7.428856
v	-6.655079
h	-7.6596622
mln	-6.9713345
x	-6.754977
j	-6.9713345
f	-7.585554
san	-5.9444795
km	-3.5425029
it	-6.9058905
tik	-5.565901
respublika	-6.823414
iki	-3.9085755
el	-7.4365187
tam	-5.552952
su	-3.5840826
metal	-7.5504627
la	-6.4014196
van	-7.7293425
john	-7.559121
kanada	-7.7822647
pop	-7.228879
km²	-6.853015
grand	-7.2041864
for	-7.7293425
los	-7.3136206
world	-7.533368
uefa	-6.310092
kur	-6.343048
iii	-6.6909246
fc	-7.0945673
windows	-7.7607584
santa	-6.9569454
international	-7.771454
del	-7.3624105
di	-7.6889324
no	-7.650093
drama	-7.8497057
ep	-7.8614016
entertainment	-6.952195
iv	-7.228879
general	-7.67908
du	-5.9672275
company	-7.5165615
as	-6.883518
group	-7.7822647
liga	-6.9908476
arena	-7.559121
iso	-6.819256
rio	-7.5418797
os	-7.8497057
red	-7.306841
ford	-7.0945673
inc	-7.8267164
kongo	-6.9334154
peru	-6.538862
be	-6.1199045
muzika	-7.5504627
es	-7.8614016
dar	-5.0069623
sin	-7.020849
ha	-6.6069593
per	-5.0569725
ab	-7.6312246
net	-7.2103033
vad	-7.603573
minima	-7.7501764
jonas	-6.2854595
vi	-7.698883
stone	-6.8109913
nr	-5.856747
bei	-4.3451266
hot	-7.7607584
visa	-7.7501764
link	-7.612705
centre	-6.7281036
kai	-4.960627
cm	-6.1365366
mm	-6.874707
buenos	-7.2478075
rolling	-6.861635
pan	-6.8402214
ar	-3.970302
visas	-7.585554
balta	-7.804243
sen	-6.887953
sala	-5.2874436
greta	-7.2164564
sent	-7.5000324
pro	-7.0057354
tas	-7.6312246
fk	-7.3136206
xi	-7.708933
menas	-7.771454
jo	-5.2073317
po	-5.316563
ang	-7.7607584
forma	-6.2903376
pr	-5.9796944
organizacija	-5.5506153
rusija	-6.9665155
sistema	-5.591097
serija	-7.1507616
angl	-6.6069593
stara	-7.7822647
savo	-5.300079
funkcija	-7.8267164
teorija	-7.0007486
programa	-7.168255
meno	-6.25432
gr	-6.9427614
už	-5.0939736
miesto	-4.76237
mieste	-5.5694613
jav	-4.7634315
trasa	-7.228879
departamento	-6.7906246
centro	-4.1793103
reino	-7.7822647
tipo	-6.287896
fabaceae	-7.4212513
asteraceae	-6.669264
poaceae	-7.533368
teatro	-7.320447
xix	-6.275775
xx	-6.2927856
xvi	-6.758876
programas	-6.162016
xviii	-6.7946644
registro	-5.7615814
viena	-4.566001
xvii	-7.020849
xv	-6.9859333
xii	-7.5082626
xiii	-5.5413237
cyprinidae	-7.3482265
xiv	-5.4624376
viii	-7.7607584
gana	-7.2478075
magnoliophyta	-7.186059
galo	-6.25432
ul	-7.5504627
regionu	-7.793194
ją	-6.1407385
poza	-7.6889324
stare	-7.8381453
katedra	-7.7822647
grupę	-7.793194
tokio	-7.669324
bielsko	-5.8551636
kino	-6.2449303
ja	-7.804243
moneta	-7.4442406
mc	-6.188161
platforma	-7.669324
jam	-7.1741543
nes	-7.0465574
motors	-7.6889324
perciformes	-7.300107
pati	-7.6889324
jos	-5.0470505
karo	-5.872722
bus	-7.7293425
ji	-5.549449
ir	-1.8114743
maro	-7.8381453
nuo	-2.3291292
į	-2.4310765
yra	-2.6192813
šiaurės	-2.7557416
iš	-2.930829
apie	-2.992782
kaimas	-3.3277907
arba	-3.427369
lietuvoje	-3.523573
rytuose	-3.5862074
šeimos	-3.615768
futbolo	-3.622363
lenkijos	-3.6237211
palenkės	-3.6310534
vaivadijoje	-3.6507568
lietuvos	-3.6570606
apskrityje	-3.6591706
valsčiuje	-3.709899
buvo	-3.8461852
administracinis	-3.986287
rytų	-4.0000534
rytus	-4.0203066
apylinkė	-4.0492644
vakarus	-4.113976
tai	-4.1282244
vienetas	-4.1547403
rajono	-4.159664
balstogės	-4.1966343
rajone	-4.204195
ežeras	-4.2337723
vaivadijos	-4.234085
gali	-4.2431974
vakarų	-4.250802
teritorinis	-4.2623186
ltsr	-4.298019
upė	-4.326428
pietų	-4.335387
kaip	-4.3606253
varžybos	-4.365251
prie	-4.3659644
savivaldybės	-4.4539495
pagal	-4.4562907
gentis	-4.4578543
metų	-4.5334077
klubas	-4.5393324
miestas	-4.54743
pavardė	-4.562085
šiaurę	-4.5796065
dalyje	-4.623416
vienas	-4.652933
vadinami	-4.661529
tarp	-4.7061553
pietus	-4.706657
centras	-4.711183
reikšti	-4.720297
intakas	-4.7208056
augalų	-4.7243743
kalba	-4.746058
taip	-4.794718
piliakalnis	-4.7996616
giminės	-4.8180003
lietuviška	-4.8185616
kaimai	-4.8213716
dalis	-4.8464437
priklauso	-4.8493333
rūšis	-4.865082
lietuvių	-4.8840733
prasideda	-4.888276
pat	-4.8949165
upės	-4.91079
vilniaus	-4.9200635
metais	-4.931307
pietvakarius	-4.961921
pietryčius	-4.9789042
mokykla	-4.9822035
šeima	-5.0171766
kaime	-5.0414248
respublikos	-5.055549
vyriškos	-5.0749393
jų	-5.077844
mazovijos	-5.078572
kurios	-5.1096163
valstybės	-5.117909
kultūros	-5.1201825
šv	-5.125508
jūros	-5.13856
teisės	-5.1424313
teritorijoje	-5.1659803
genties	-5.1659803
vidurio	-5.185227
kuris	-5.1868477
europos	-5.190097
sudaro	-5.2007313
bažnyčia	-5.2032013
metu	-5.2215047
seniūnija	-5.2273993
rusijoje	-5.2367334
grupė	-5.240149
šios	-5.2696652
vakaruose	-5.297358
krante	-5.300079
pasaulio	-5.301897
kad	-5.306457
grupės	-5.3221183
šalies	-5.3258395
geležinkelio	-5.342757
rusijos	-5.3465557
kauno	-5.350369
kodas	-5.3541965
kelio	-5.359002
vadinama	-5.359966
kuri	-5.360931
žemės	-5.369656
jis	-5.3706303
srityje	-5.3706303
graikų	-5.3735585
salos	-5.3764954
dėl	-5.377476
kurį	-5.381409
liublino	-5.387338
kaimo	-5.392306
kurio	-5.4073586
mitologijoje	-5.4165006
albumas	-5.429855
amerikos	-5.4360785
pietryčių	-5.43712
sokulkos	-5.43712
pietvakarių	-5.442342
lenkijoje	-5.4433894
paprastai	-5.4475913
senovės	-5.4645767
esantis	-5.4688687
šiaurėje	-5.4688687
kalbos	-5.481856
augalas	-5.4829454
dažniausiai	-5.4862227
ėjęs	-5.4884133
įkurta	-5.48951
kairysis	-5.4906087
laikraštis	-5.496118
dešinysis	-5.5016584
ežero	-5.513956
ilgis	-5.5150814
pavadinimas	-5.516208
netoli	-5.519596
parapija	-5.530973
parkas	-5.5424805
valsčius	-5.5424805
esanti	-5.5552936
stovi	-5.557641
pietuose	-5.5623527
kovo	-5.5718427
suvalkų	-5.5718427
būti	-5.5718427
vilniuje	-5.5754247
muzikos	-5.5826273
prancūzijos	-5.58504
ant	-5.589883
buvęs	-5.594749
žuvų	-5.599639
bialos	-5.6194415
išleistas	-5.629492
bet	-5.630755
žodis	-5.6358247
regione	-5.6409206
šalia	-5.6421986
kalnų	-5.6473265
vadinamos	-5.648613
leistas	-5.67469
regionas	-5.681317
bendrojo	-5.68398
centrinėje	-5.6920123
vadinamas	-5.694704
lavinimo	-5.7001095
kurioje	-5.701465
institucija	-5.705544
naudojamas	-5.7069073
skirtas	-5.7110085
dienos	-5.7137523
mokymosi	-5.724802
vokietijos	-5.7317705
provincijoje	-5.7373805
dieninė	-5.7458553
kapinės	-5.7515454
gyvenvietės	-5.7544026
savarankiško	-5.755834
salų	-5.757268
kalbų	-5.7587037
vandens	-5.7688117
labai	-5.7731757
plotis	-5.780491
pagrindinė	-5.783432
įkurtas	-5.783432
teka	-5.78786
kurių	-5.7893405
reiškia	-5.7893405
lomžos	-5.792308
teritorijos	-5.7937946
sritis	-5.795284
kuriai	-5.7967753
gyvenvietė	-5.7982693
sukurtas	-5.8012633
sporto	-5.805771
nacionalinis	-5.8148484
oro	-5.8209457
unikalus	-5.8240085
žurnalas	-5.8255434
kuriame	-5.833254
sausio	-5.841024
balandžio	-5.8441486
provincija	-5.8488545
kaune	-5.8488545
klaipėdos	-5.853583
priklausanti	-5.853583
kitų	-5.856747
kurią	-5.858333
afrikos	-5.858333
seniūnijoje	-5.858333
tačiau	-5.8631067
kryptimi	-5.8631067
vysokio	-5.8663015
filmas	-5.8679028
dviejų	-5.8679028
pasaulyje	-5.872722
klasės	-5.877565
birželio	-5.880806
raj	-5.884058
kurie	-5.897173
paukščių	-5.897173
herbas	-5.9104624
liepos	-5.9154916
augustavo	-5.917174
paukštis	-5.922237
prieš	-5.9256268
semiatičės	-5.930733
rugpjūčio	-5.932441
spalio	-5.932441
vasario	-5.934152
šis	-5.935866
taryba	-5.9479456
hainuvkos	-5.949683
kartais	-5.9514236
diena	-5.9531674
ilgio	-5.9531674
krepšinio	-5.956664
žmogaus	-5.9743323
didžiausias	-5.976116
būrio	-5.976116
paminklų	-5.9796944
gamtos	-5.983285
gruodžio	-5.9868884
sistemos	-5.988695
objekto	-5.994135
nors	-5.9959545
šiaurinėje	-6.0106335
valstybė	-6.0124836
kretingos	-6.0143375
plotas	-6.0161943
dažnai	-6.0161943
romos	-6.0217867
daugiausia	-6.023657
kalnuose	-6.0274096
nei	-6.029291
ties	-6.029291
žmonių	-6.029291
skirta	-6.029291
paplitusi	-6.033065
rugsėjo	-6.040655
gegužės	-6.0425615
vandenyno	-6.0444717
sąrašo	-6.046386
šiaulių	-6.052149
europoje	-6.0560102
lapkričio	-6.059886
pakrantėje	-6.063777
grybų	-6.063777
šachmatų	-6.065728
rytinėje	-6.065728
miškų	-6.067683
pvz	-6.067683
japonijos	-6.069642
formos	-6.0775166
amžiaus	-6.091447
ugdymo	-6.091447
amerikoje	-6.095463
tūkst	-6.1015177
virš	-6.103544
rajonas	-6.1116905
ribojasi	-6.1116905
automobilių	-6.113738
savivaldybėje	-6.1157894
atstovaujamoji	-6.1157894
šeimai	-6.1219683
kairiajame	-6.1219683
objektas	-6.124037
italijos	-6.124037
automobilis	-6.132353
kolonija	-6.1344423
tautų	-6.1344423
pirmasis	-6.1344423
vėliau	-6.1344423
gyventojų	-6.1365366
vykdanti	-6.1407385
sokoluvo	-6.1407385
stotis	-6.1470737
mokslo	-6.1491947
asis	-6.1513205
žinomas	-6.15345
tiek	-6.1598673
centras 	-6.1663265
rūšių	-6.1684885
pietinėje	-6.1706553
žaidimas	-6.175003
įsikūręs	-6.177184
vardas	-6.17937
varšuvos	-6.183756
dydį	-6.1903706
indijos	-6.192586
dešiniajame	-6.194805
paveldo	-6.2059784
kolno	-6.221834
pagrindinio	-6.22412
partija	-6.226411
vėliava	-6.226411
vakarinėje	-6.226411
atlanto	-6.2310085
afrikoje	-6.2310085
daugiau	-6.2333155
latvijos	-6.2333155
jūrų	-6.2379446
vyko	-6.2402678
azijoje	-6.2425966
baseinas	-6.2449303
stadionas	-6.2472687
aukštyje	-6.249614
kartą	-6.2519636
sienos	-6.2519636
koplyčia	-6.25432
čempionatas	-6.2590475
kitaip	-6.2590475
išrinkta	-6.2590475
baltijos	-6.266182
sąjungos	-6.266182
panevėžio	-6.268572
turnyras	-6.268572
kartu	-6.2709665
didžiausia	-6.273368
kilęs	-6.275775
japonijoje	-6.278187
įsikūrusi	-6.278187
ši	-6.2830296
katalikų	-6.2830296
jį	-6.2854595
didžiosios	-6.287896
gyvena	-6.287896
žydų	-6.2903376
ispanijos	-6.2927856
grigaliaus	-6.2927856
dievo	-6.2952404
pagrindinis	-6.2977
teritorija	-6.300166
cerkvė	-6.300166
kt	-6.302638
dabar	-6.302638
kalendorių	-6.302638
gaminamas	-6.3051167
grajevo	-6.307601
lygio	-6.310092
švč	-6.315092
provincijos	-6.315092
terminas	-6.317601
žaidynėse	-6.320117
kūnas	-6.330243
šaka	-6.3353453
zarasų	-6.337907
dalį	-6.337907
moteriškos	-6.340474
universiteto	-6.343048
priklausantis	-6.343048
taurės	-6.343048
srities	-6.3456287
dievas	-6.348216
žiočių	-6.348216
nėra	-6.3534107
apima	-6.3612537
lieka	-6.366517
kilmės	-6.371808
paplitęs	-6.371808
olimpinėse	-6.371808
kinijos	-6.374464
įmonė	-6.374464
marijos	-6.379797
dvaras	-6.382475
darbo	-6.3851595
įvairių	-6.3851595
liaudies	-6.3878508
kranto	-6.3878508
apskritis	-6.393256
veikusi	-6.3959703
keliamaisiais	-6.398691
kultūra	-6.4014196
metais 	-6.4014196
pradinio	-6.4041557
departamente	-6.4068995
istorija	-6.4068995
parke	-6.40965
dvi	-6.40965
šalių	-6.40965
žinoma	-6.40965
austrijos	-6.412409
tarptautinė	-6.412409
valstijoje	-6.4151754
įlanka	-6.4151754
istorinis	-6.4207306
papildomo	-6.426317
monkų	-6.426317
uostas	-6.429122
daug	-6.4319353
upių	-6.4347563
kalnas	-6.437585
simbolis	-6.437585
turintis	-6.437585
regiono	-6.440422
saulės	-6.440422
būna	-6.440422
azijos	-6.440422
saloje	-6.443267
bendrovė	-6.4461203
žaidimų	-6.4461203
zambruvo	-6.4461203
nemuno	-6.451851
mėnesinis	-6.451851
maždaug	-6.454728
šiuo	-6.457614
ūkio	-6.4605083
tsrs	-6.4605083
auga	-6.466323
imperijos	-6.466323
ankstesnis	-6.466323
anksčiau	-6.469242
naudojama	-6.469242
vardu	-6.472171
sezonas	-6.478053
laiko	-6.478053
kelių	-6.478053
valstybių	-6.4810076
mėn	-6.4869423
formulės	-6.4869423
sukurta	-6.4899225
jie	-6.4929123
tuo	-6.4929123
kūno	-6.4959106
trijų	-6.4959106
vokietijoje	-6.4959106
akmuo	-6.501935
britų	-6.50496
trakų	-6.5079956
verslo	-6.5079956
vandenyne	-6.5079956
komanda	-6.5110397
visuma	-6.5110397
teisė	-6.5110397
krašto	-6.5140934
pasienyje	-6.5171556
argentinos	-6.5202284
vieta	-6.5202284
didžiausių	-6.5202284
medžiagos	-6.5233097
karalystės	-6.529502
buvusi	-6.529502
įlankos	-6.529502
stotelė	-6.529502
transporto	-6.532612
dalyvavo	-6.532612
alytaus	-6.5357323
jonavos	-6.5357323
moterų	-6.5357323
dalies	-6.5357323
visų	-6.5357323
graikijos	-6.5357323
pakraštyje	-6.5357323
kompanijos	-6.5420017
veiklos	-6.5420017
taurė	-6.5451517
maisto	-6.548311
indėnų	-6.548311
kėdainių	-6.5514803
politinė	-6.5514803
vyrų	-6.55785
bažnyčios	-6.55785
antrasis	-6.567481
moteris	-6.567481
vienintelė	-6.567481
miestelio	-6.567481
anglijos	-6.570712
sostinė	-6.5739536
tvenkinys	-6.5772057
pietryčiuose	-6.580468
dabartinės	-6.583741
ignalinos	-6.5870256
stačiatikių	-6.5870256
senas	-6.5903206
visuomenės	-6.5903206
losicės	-6.5903206
valdymo	-6.593626
žemė	-6.6002703
sudarytas	-6.6002703
įstaiga	-6.60361
suomijos	-6.60361
pietvakariuose	-6.6069593
jūra	-6.610321
aukščio	-6.610321
dieną	-6.613693
amerikiečių	-6.613693
salose	-6.620473
dydžio	-6.620473
švenčionių	-6.6238804
pirmą	-6.6238804
kuriuo	-6.6238804
vokiečių	-6.6272993
medžių	-6.6272993
žuvis	-6.6272993
laipsnis	-6.6341724
srityse	-6.6341724
ypač	-6.6341724
upelis	-6.6341724
roko	-6.6376266
antanas	-6.6410923
didžiojo	-6.6410923
mergelės	-6.6410923
galima	-6.6410923
sūnus	-6.6410923
kompanija	-6.6480618
gyvūnų	-6.6480618
išteka	-6.6515636
jungtinių	-6.655079
astrinių	-6.655079
argentinoje	-6.655079
universitetas	-6.6586065
kelias	-6.6586065
utenos	-6.6621456
bendruomenės	-6.6621456
istorinė	-6.6621456
sedlcų	-6.6621456
kuria	-6.665698
jūroje	-6.665698
miestelyje	-6.665698
televizijos	-6.669264
veikianti	-6.669264
spalvos	-6.6800356
kitos	-6.683652
vasaros	-6.683652
beveik	-6.6872816
leidinys	-6.6872816
linija	-6.6909246
tarybų	-6.6909246
didysis	-6.6909246
tarptautinis	-6.6909246
asmens	-6.694581
pusiasalio	-6.694581
telšių	-6.698251
slėnyje	-6.698251
pusėje	-6.701934
grupei	-6.7056313
naujosios	-6.7056313
šiame	-6.7056313
pilis	-6.709342
centrinės	-6.713066
žinduolis	-6.713066
anykščių	-6.7168045
upę	-6.7168045
respublikoje	-6.720557
ukrainoje	-6.720557
juozas	-6.7243233
didžioji	-6.7243233
miško	-6.7243233
sovietmečiu	-6.7243233
molėtų	-6.7281036
apskrities	-6.7281036
ramiojo	-6.7281036
belgijos	-6.7281036
varėnos	-6.7318993
vyksta	-6.7318993
eilės	-6.7318993
tiltas	-6.735708
kinijoje	-6.735708
departamentas	-6.7395325
savaitraštis	-6.7395325
šalyse	-6.743372
gyvenviete	-6.743372
kas	-6.747225
radijo	-6.747225
todėl	-6.747225
sąjunga	-6.751094
literatūros	-6.751094
veiklą	-6.751094
airijos	-6.751094
aukštis	-6.751094
medžiaga	-6.754977
mūsų	-6.7627897
miestelis	-6.766719
asociacija	-6.766719
karinis	-6.766719
šio	-6.7706633
paminklas	-6.7706633
mokslas	-6.774624
siekia	-6.7785997
prancūzijoje	-6.7785997
vytautas	-6.782592
dvaro	-6.782592
sąvoka	-6.782592
teismas	-6.7866
čia	-6.7866
pasaulinio	-6.7906246
krašte	-6.7906246
tauta	-6.7946644
užima	-6.7946644
baltarusijos	-6.7987213
šių	-6.7987213
rusų	-6.8027954
laikų	-6.8027954
siekiant	-6.8027954
asmuo	-6.8027954
sudaryta	-6.8027954
australijos	-6.8027954
telkšo	-6.8027954
muziejus	-6.806885
rokiškio	-6.806885
dainų	-6.806885
egzistavusi	-6.806885
dinastija	-6.8109913
kariuomenės	-6.8109913
latvijoje	-6.8109913
elektros	-6.815115
senosios	-6.815115
vietoje	-6.815115
karibų	-6.815115
brazilijos	-6.823414
paties	-6.823414
valstijų	-6.823414
deivė	-6.823414
pavadinta	-6.823414
dydis	-6.82759
vengrijos	-6.82759
brazilijoje	-6.82759
trys	-6.8317823
lazdijų	-6.8317823
istorijos	-6.835993
seinų	-6.835993
ešeržuvių	-6.835993
pirmoji	-6.8402214
mūšis	-6.844467
čempionato	-6.844467
elementų	-6.844467
vienos	-6.844467
archeologinė	-6.844467
metus	-6.848732
žodžio	-6.853015
dab	-6.857316
danijos	-6.857316
valdžios	-6.857316
įmonės	-6.861635
straipsnyje	-6.861635
susidaro	-6.861635
ukmergės	-6.8659735
žiemos	-6.8659735
miške	-6.8659735
įteka	-6.8659735
kazachstane	-6.870331
driekiasi	-6.870331
prasidėjo	-6.870331
eina	-6.874707
pavadinimo	-6.874707
estijos	-6.874707
švedijos	-6.874707
duomenų	-6.8791027
vieną	-6.8791027
rūšys	-6.8791027
saugomas	-6.8791027
rūmai	-6.887953
vartojama	-6.887953
anglų	-6.8924074
knyga	-6.8924074
šalyje	-6.896881
pavadintas	-6.896881
kapinynas	-6.896881
vaikų	-6.901376
pastatytas	-6.901376
sostinės	-6.901376
enciklopedija	-6.9058905
karaliaus	-6.9058905
sinagoga	-6.910425
šilutės	-6.910425
elementas	-6.910425
augalai	-6.910425
salyno	-6.914982
lotynų	-6.914982
viduržemio	-6.914982
romėnų	-6.914982
drugys	-6.914982
karalystė	-6.9195585
kalno	-6.9195585
įmonių	-6.9195585
procesas	-6.924156
gamybos	-6.924156
pagrindinių	-6.924156
skuodo	-6.928775
jaunimo	-6.928775
lygos	-6.928775
namų	-6.928775
taškų	-6.928775
federacijos	-6.9334154
naudojami	-6.9334154
herbas 	-6.9334154
mokslų	-6.938077
sukūrė	-6.938077
keturių	-6.938077
ištekėjusi	-6.938077
seniausių	-6.9427614
kanados	-6.9427614
plotas 	-6.947467
saugoma	-6.947467
medis	-6.952195
egipto	-6.952195
teismo	-6.952195
gyvenimo	-6.952195
čekijos	-6.952195
vidutinio	-6.952195
paplitusios	-6.952195
politikos	-6.9569454
plungės	-6.9569454
ukrainos	-6.9569454
pusiasalis	-6.9569454
įeina	-6.9617186
priešmokyklinio	-6.9617186
jakutijoje	-6.9617186
laikotarpis	-6.9665155
studijinis	-6.9665155
kaišiadorių	-6.9713345
apsaugos	-6.976177
marijampolės	-6.976177
miestą	-6.976177
premija	-6.981043
biržų	-6.981043
kelmės	-6.981043
kunigaikštystės	-6.981043
organizacijos	-6.981043
sistemą	-6.981043
tiesiog	-6.981043
nyderlandų	-6.981043
susiliejus	-6.981043
liuksemburgo	-6.981043
kiti	-6.9859333
aukščiausias	-6.9859333
turinti	-6.9859333
plotą	-6.9859333
laikais	-6.9859333
laikomas	-6.9859333
ramiajame	-6.9859333
vieno	-6.9908476
andų	-6.9908476
atributų	-6.9908476
gyvenanti	-6.9908476
žodžių	-6.9957857
viduramžių	-6.9957857
pradžioje	-6.9957857
einantis	-6.9957857
padalinys	-6.9957857
aukštumoje	-6.9957857
kalnai	-7.0007486
lenkų	-7.0057354
šilalės	-7.0057354
medžiagų	-7.0057354
nedidelė	-7.010748
anglijoje	-7.010748
prancūzų	-7.010748
vilkaviškio	-7.020849
neries	-7.020849
skaičių	-7.020849
kompiuterinis	-7.020849
pošeimio	-7.020849
maskvos	-7.020849
aplinkos	-7.025938
tipas	-7.025938
heraldinis	-7.025938
ąžuolas	-7.0310535
šalčininkų	-7.0310535
administracinių	-7.0310535
kuriose	-7.0310535
skaičius	-7.0310535
valstybinė	-7.036195
visos	-7.036195
kovos	-7.036195
informacijos	-7.036195
dangaus	-7.036195
aplink	-7.036195
bulgarijos	-7.036195
indijoje	-7.036195
teritorijose	-7.041363
plačiai	-7.041363
pusiasalyje	-7.041363
italijoje	-7.041363
žemaičių	-7.0465574
vlodavos	-7.0465574
kupiškio	-7.0517797
jame	-7.057029
užsienio	-7.057029
regionų	-7.057029
labiausiai	-7.057029
tautos	-7.0623064
tauragės	-7.0623064
raseinių	-7.0623064
radviliškio	-7.0623064
veikla	-7.0623064
pastatyta	-7.0623064
švietimo	-7.0676107
žmogus	-7.0676107
skiriasi	-7.0676107
serijos	-7.0676107
duomenys	-7.0676107
ežerų	-7.0676107
lietuva	-7.0729446
sutartis	-7.0729446
šventosios	-7.0729446
būdas	-7.0729446
oficialus	-7.0729446
antrojo	-7.0729446
žmonės	-7.078306
vienetų	-7.078306
metalo	-7.0836973
egzistavęs	-7.0836973
heraldikos	-7.0836973
guardian	-7.089117
karalius	-7.089117
grupių	-7.089117
pavidalo	-7.089117
veiksmo	-7.089117
kodeksas	-7.0945673
kitas	-7.0945673
prekybos	-7.0945673
kalboje	-7.0945673
energijos	-7.0945673
valstija	-7.0945673
savivaldos	-7.0945673
šie	-7.100046
nacionalinė	-7.100046
kilusi	-7.100046
turto	-7.100046
pavyzdžiui	-7.100046
laikoma	-7.100046
naudotas	-7.100046
vengruvo	-7.100046
tarptautinės	-7.1055565
žinduolių	-7.1055565
reikšmės	-7.1055565
abiejų	-7.1110964
seniūnijos	-7.1110964
vyriausybės	-7.1110964
klaipėdoje	-7.1110964
šviesos	-7.1110964
veikia	-7.1110964
gvinėjos	-7.1110964
titulas	-7.1110964
ledo	-7.1166677
britanijos	-7.1166677
daugiausiai	-7.1166677
motinos	-7.1222696
maltos	-7.1222696
esančių	-7.1222696
meksikos	-7.127903
pajėgų	-7.127903
pateikiami	-7.127903
daina	-7.133569
jono	-7.133569
teatras	-7.133569
draustinis	-7.133569
paviršiaus	-7.133569
išleista	-7.133569
islandijos	-7.133569
magnolijūnų	-7.133569
izraelio	-7.133569
federacija	-7.139267
pramonės	-7.139267
dauguma	-7.139267
įvairios	-7.139267
mažeikių	-7.1449976
armijos	-7.1449976
kinų	-7.1449976
vabalas	-7.1449976
asmenims	-7.1449976
šalis	-7.1507616
ląstelės	-7.1507616
salyne	-7.1507616
čempionų	-7.1507616
jurbarko	-7.156559
finansų	-7.156559
laiką	-7.156559
priskiriama	-7.156559
apylinkėse	-7.156559
paragvajuje	-7.156559
sveikatos	-7.1623898
kuriuos	-7.1623898
vietos	-7.1623898
didelis	-7.1623898
nedidelis	-7.1623898
turkijos	-7.1623898
pietvakarinėje	-7.1623898
lr	-7.168255
parko	-7.168255
jau	-7.168255
savivaldybių	-7.168255
oficialiai	-7.168255
kompiuterinių	-7.168255
partijos	-7.168255
norvegijos	-7.168255
kuomet	-7.168255
žvaigždyne	-7.168255
vardo	-7.1741543
joje	-7.1741543
juos	-7.1741543
regioniniame	-7.1741543
kalnagūbris	-7.1741543
proceso	-7.180089
joniškio	-7.180089
būrys	-7.180089
atletikos	-7.180089
cheminis	-7.180089
genčiai	-7.180089
mergautinė	-7.180089
paslaugų	-7.186059
knygų	-7.186059
veikėjas	-7.186059
narių	-7.1920652
lengvosios	-7.1981077
gamina	-7.1981077
visuomeninė	-7.1981077
kuriam	-7.1981077
sibiro	-7.1981077
taškais	-7.1981077
weekly	-7.2041864
kanalas	-7.2041864
įstatymas	-7.2041864
tyrimų	-7.2041864
dienų	-7.2041864
kompleksas	-7.2041864
žemėje	-7.2041864
rinkinys	-7.2041864
vienijanti	-7.2041864
ispanijoje	-7.2041864
leidžiamas	-7.2041864
parapijų	-7.2041864
vidaus	-7.2103033
trečiasis	-7.2103033
didelės	-7.2103033
naudoti	-7.2103033
prefektūroje	-7.2103033
galvos	-7.2103033
šveicarijos	-7.2103033
kanadoje	-7.2103033
laivas	-7.2164564
pradėtas	-7.2164564
iliustruotas	-7.2164564
prezidento	-7.2226486
architektūros	-7.2226486
pastatas	-7.2226486
klubo	-7.228879
judėjimas	-7.228879
paskirties	-7.228879
baltarusijoje	-7.228879
aukščiausia	-7.228879
rajonų	-7.228879
upėms	-7.228879
bendrovės	-7.228879
apylinkės	-7.2351494
lauko	-7.2351494
prefektūra	-7.2351494
kalvarijos	-7.2351494
dekanato	-7.241458
kitą	-7.241458
paslaugas	-7.241458
tikslas	-7.241458
klasė	-7.241458
sibire	-7.241458
valstybinis	-7.2478075
gėrimas	-7.2478075
paukščiai	-7.2478075
krantų	-7.2478075
atolas	-7.2478075
apygardos	-7.254197
albumo	-7.254197
kipro	-7.254197
žvaigždė	-7.254197
apimanti	-7.254197
šaltinis	-7.254197
pločio	-7.254197
sąsiauris	-7.254197
armėnijos	-7.254197
antras	-7.2606277
žvaigždžių	-7.2606277
paplitę	-7.2606277
jėzaus	-7.2606277
sistemoje	-7.2606277
mokyklos	-7.2606277
upelio	-7.2606277
viso	-7.2671003
garso	-7.2671003
būdu	-7.2671003
žymimas	-7.2671003
statusą	-7.2671003
rajonuose	-7.2671003
vok	-7.273615
latvija	-7.273615
evangelikų	-7.273615
ekonomikos	-7.273615
pirmojo	-7.273615
bendras	-7.273615
dalyvauja	-7.273615
organizmo	-7.273615
studijoje	-7.273615
gyvenančių	-7.273615
skiria	-7.273615
gamino	-7.273615
metams	-7.2801723
būdingas	-7.2801723
algirdas	-7.2867737
jei	-7.2867737
čilės	-7.2867737
provincijų	-7.2867737
papėdėje	-7.2867737
modelis	-7.293418
darbininkų	-7.293418
prienų	-7.293418
šakių	-7.293418
aukso	-7.293418
viduryje	-7.293418
vakariniame	-7.293418
gimnazija	-7.300107
santakos	-7.300107
turėjo	-7.300107
teritoriją	-7.300107
ląstelių	-7.300107
genčių	-7.300107
dabartinėje	-7.300107
farerų	-7.300107
pasienio	-7.300107
jungia	-7.306841
pasvalio	-7.306841
sausumos	-7.306841
apskričių	-7.306841
pakrantės	-7.306841
albanijos	-7.306841
kalnagūbrio	-7.306841
senoji	-7.3136206
japonų	-7.3136206
valstijos	-7.3136206
visą	-7.3136206
būtų	-7.3136206
vabalų	-7.3136206
šį	-7.3136206
australijoje	-7.3136206
instrumentas	-7.3136206
pietrytinėje	-7.3136206
lyga	-7.320447
gyventojai	-7.320447
žemyno	-7.320447
prefektūros	-7.320447
žaidimo	-7.320447
vidurinio	-7.320447
manoma	-7.320447
įsteigta	-7.320447
valstijose	-7.320447
petras	-7.327319
pats	-7.327319
kito	-7.327319
visi	-7.327319
kunigaikštystė	-7.327319
kalbomis	-7.327319
normų	-7.327319
asmenų	-7.327319
tapo	-7.33424
narevo	-7.33424
neturi	-7.33424
fantastikos	-7.33424
veislė	-7.33424
toks	-7.33424
apdovanojimas	-7.33424
pupinių	-7.33424
gamintas	-7.33424
kartus	-7.3412085
kurias	-7.3412085
reiškinys	-7.3412085
kuriuose	-7.3412085
miestų	-7.3412085
karpinių	-7.3412085
vykęs	-7.3412085
intako	-7.3412085
botaninis	-7.3482265
draudimo	-7.3482265
rygos	-7.3482265
objektų	-7.3482265
pagrindinės	-7.3482265
bosnijos	-7.3482265
kraujo	-7.3482265
priemonė	-7.3482265
nevėžio	-7.3482265
gyvavusi	-7.3482265
smegenų	-7.3482265
prasidėjęs	-7.3482265
masyvas	-7.3482265
ženklas	-7.3482265
gatvėje	-7.3482265
medicinos	-7.3552933
valstybinės	-7.3552933
kryžiaus	-7.3552933
paprastasis	-7.3552933
abėcėlės	-7.3552933
dalių	-7.3552933
airių	-7.3552933
šiuos	-7.3552933
makedonijos	-7.3552933
kiek	-7.3624105
mažoji	-7.3624105
svarbiausių	-7.3624105
italų	-7.3624105
pitchfork	-7.3695793
jai	-7.3695793
dailės	-7.3695793
pakruojo	-7.3695793
pusės	-7.3695793
hercegovinos	-7.3695793
žolės	-7.3695793
arabų	-7.3695793
kitose	-7.3695793
baseine	-7.3695793
ežeras 	-7.3695793
singlas	-7.3695793
druskininkų	-7.3767996
elektrėnų	-7.3767996
grybas	-7.3767996
dujų	-7.3767996
atlikti	-7.3767996
korėjos	-7.3767996
lėktuvas	-7.3767996
statistiniai	-7.3767996
bolivijoje	-7.3767996
klimato	-7.3840723
slėnis	-7.3840723
gyveno	-7.3840723
kadangi	-7.3840723
demografiją	-7.3840723
dekanatas	-7.3840723
vytauto	-7.3913984
mineralas	-7.3913984
slavų	-7.3913984
teisę	-7.3913984
tinklas	-7.3913984
interneto	-7.3913984
kasmet	-7.3913984
moldavijos	-7.3913984
mokslinės	-7.3913984
skandinavų	-7.3913984
žanras	-7.3913984
nacionaliniame	-7.3913984
kultūra 	-7.3913984
romanas	-7.398778
projektas	-7.398778
amazonės	-7.398778
jūrą	-7.398778
technikos	-7.4062138
įstatymų	-7.4062138
straipsnis	-7.4062138
mirties	-7.4062138
tikrą	-7.4062138
ginklas	-7.4062138
laivyno	-7.4062138
metai	-7.413704
tarybos	-7.413704
vietą	-7.413704
rinkos	-7.413704
vadovas	-7.413704
išsidėstęs	-7.413704
meksikoje	-7.413704
kalnagūbryje	-7.413704
kilo	-7.4212513
minijos	-7.4212513
santykių	-7.4212513
jungtinės	-7.4212513
paprastoji	-7.4212513
raidė	-7.4212513
rinkimuose	-7.4212513
krioklys	-7.4212513
tvenkinys 	-7.4212513
gatvės	-7.4212513
ordino	-7.428856
tris	-7.428856
numeris	-7.428856
irano	-7.428856
bankas	-7.428856
pagrindu	-7.428856
lietuviškas	-7.428856
panašus	-7.428856
natūraliai	-7.428856
metrų	-7.428856
michalovo	-7.428856
narevkos	-7.428856
tokia	-7.4365187
nobelio	-7.4365187
politinių	-7.4365187
draugija	-7.4365187
šventė	-7.4365187
mitologijoje 	-7.4365187
priemonių	-7.4365187
dykuma	-7.4365187
vienu	-7.4442406
kraštas	-7.4442406
socialdemokratų	-7.4442406
eurovizijos	-7.4442406
vidurinė	-7.4442406
šią	-7.4442406
tirianti	-7.4442406
karalystėje	-7.4442406
sistemų	-7.4442406
portugalijos	-7.4442406
gruzijos	-7.4442406
aleksandras	-7.4520226
miškas	-7.4520226
laivų	-7.4520226
organas	-7.4520226
graužikų	-7.4520226
santrumpa	-7.4520226
geležies	-7.4520226
išskyrus	-7.4520226
skyriaus	-7.4520226
švedijoje	-7.4520226
nme	-7.4598665
oji	-7.4598665
lyguma	-7.4598665
santykius	-7.4598665
stiliaus	-7.4598665
sukelia	-7.4598665
linijos	-7.4598665
būstinė	-7.4598665
januvo	-7.4598665
grudeko	-7.4598665
chevrolet	-7.4677715
kitus	-7.4677715
slėnio	-7.4677715
kapinių	-7.4677715
valsčiaus	-7.4677715
savivaldybė	-7.4757395
institutas	-7.4757395
mažųjų	-7.4757395
skyrius	-7.4757395
labanoro	-7.4757395
vienintelis	-7.4757395
visame	-7.4757395
palydovas	-7.4757395
šiauriniame	-7.4757395
siaubo	-7.4757395
tikrasis	-7.4757395
veikęs	-7.4757395
azerbaidžano	-7.4757395
petro	-7.4837713
fondas	-7.4837713
pajėgos	-7.4837713
rinktinė	-7.4837713
saugumo	-7.4837713
konkurse	-7.4837713
miglinių	-7.4837713
funkcijas	-7.491869
mažas	-7.491869
liuteronų	-7.491869
judėjimo	-7.491869
šiems	-7.491869
pinigų	-7.491869
kitais	-7.491869
dabartinio	-7.491869
būdinga	-7.491869
laikotarpiu	-7.491869
metodas	-7.491869
atsakinga	-7.491869
pieno	-7.5000324
apygarda	-7.5000324
didelė	-7.5000324
kroatijos	-7.5000324
gvatemaloje	-7.5000324
tsr	-7.5082626
prietaisas	-7.5082626
ketveriems	-7.5082626
sutrumpintai	-7.5082626
esančios	-7.5082626
dienomis	-7.5082626
tokių	-7.5082626
ežerą	-7.5082626
daugiametis	-7.5082626
vykstantis	-7.5082626
karas	-7.5165615
akmens	-7.5165615
objektus	-7.5165615
daugelio	-7.5165615
tiurkų	-7.5165615
pabaigoje	-7.5165615
įvyko	-7.5165615
baigėsi	-7.5165615
dinastijos	-7.5165615
debiutinis	-7.5165615
komandos	-7.52493
žvaigždės	-7.52493
širvintų	-7.52493
tarptautinių	-7.52493
festivalis	-7.52493
gyvenusi	-7.52493
kolumbijos	-7.52493
žaidžia	-7.52493
daugelyje	-7.52493
nutolęs	-7.52493
mokykla 	-7.52493
uab	-7.533368
jas	-7.533368
juosta	-7.533368
kristaus	-7.533368
dokumentas	-7.533368
siekiama	-7.533368
junginys	-7.533368
čempionatas 	-7.533368
pasiekiamas	-7.533368
algimantas	-7.5418797
namai	-7.5418797
akmenės	-7.5418797
vokietija	-7.5418797
sudarančių	-7.5418797
priimtas	-7.5418797
žaidynės	-7.5418797
studijų	-7.5418797
tailande	-7.5418797
kita	-7.5504627
dievų	-7.5504627
kaukazo	-7.5504627
rumunijos	-7.5504627
masės	-7.5504627
skirtingų	-7.5504627
organizacijų	-7.5504627
poklasio	-7.5504627
šiaurinės	-7.5504627
vaikams	-7.5504627
trejybės	-7.5504627
debiutavo	-7.5504627
naujoji	-7.559121
studentų	-7.559121
baltų	-7.559121
eilė	-7.559121
nervų	-7.559121
vanduo	-7.559121
neveikiančios	-7.559121
pilkapynas	-7.559121
vertybė	-7.559121
mykolo	-7.567855
sąrašas	-7.567855
vabzdžių	-7.567855
naudoja	-7.567855
rašytojo	-7.567855
plento	-7.567855
rūmų	-7.567855
klubų	-7.567855
aktas	-7.576665
antra	-7.576665
mažosios	-7.576665
matavimo	-7.576665
sudarė	-7.576665
meninis	-7.576665
visoje	-7.576665
naujojo	-7.576665
visiškai	-7.576665
kyšulys	-7.576665
akcijų	-7.576665
įsteigtas	-7.576665
isp	-7.585554
laisvės	-7.585554
pranc	-7.585554
akademijos	-7.585554
lygoje	-7.585554
filmų	-7.585554
susidaręs	-7.585554
gegužraibinių	-7.585554
serbijos	-7.585554
pusrutulio	-7.585554
lentelės	-7.585554
rytiniame	-7.585554
karinių	-7.585554
statybos	-7.5945225
bangos	-7.5945225
kaulo	-7.5945225
taikos	-7.5945225
vidurinėje	-7.5945225
turintys	-7.5945225
tikras	-7.5945225
vaidmenų	-7.5945225
nutolusi	-7.5945225
vandenyje	-7.5945225
medžiai	-7.5945225
periodinės	-7.5945225
sukurti	-7.5945225
šviesmečių	-7.5945225
estijoje	-7.5945225
salas	-7.603573
pilies	-7.603573
moters	-7.603573
įskaitant	-7.603573
atsirado	-7.603573
įkūrė	-7.603573
susideda	-7.603573
pasirodė	-7.603573
pavadinimu	-7.603573
sostinėje	-7.603573
dienraštis	-7.603573
prasme	-7.612705
formų	-7.612705
informaciją	-7.612705
mažiau	-7.612705
istorijoje	-7.612705
ketvirtasis	-7.612705
graikijoje	-7.612705
rūšies	-7.612705
kultūrinis	-7.612705
drohičino	-7.612705
dambravos	-7.612705
bransko	-7.612705
zabluduvo	-7.612705
nepriklausomybės	-7.6219215
lapai	-7.6219215
salynas	-7.6219215
žmona	-7.6219215
lenktynės	-7.6219215
ilgis 	-7.6219215
leidžia	-7.6219215
stiebas	-7.6219215
senovinis	-7.6219215
varžybose	-7.6219215
siena	-7.6312246
mitologijos	-7.6312246
savybes	-7.6312246
naudojant	-7.6312246
gimė	-7.6312246
pasaulinį	-7.6312246
pasukus	-7.6312246
atlikėjos	-7.6312246
aukštoji	-7.6406145
maža	-7.6406145
pirmosios	-7.6406145
kūrinys	-7.6406145
išleido	-7.6406145
sostinė 	-7.6406145
slovakijos	-7.6406145
indų	-7.6406145
paragvajaus	-7.6406145
slovėnijos	-7.6406145
žolinis	-7.6406145
olimpinės	-7.6406145
atributas	-7.6406145
kosta	-7.650093
cactaceae	-7.650093
tokios	-7.650093
jog	-7.650093
lygus	-7.650093
versija	-7.650093
prūsų	-7.650093
spalva	-7.650093
natūralus	-7.650093
grandinė	-7.650093
vartojamas	-7.650093
pirmųjų	-7.650093
jungtinėje	-7.650093
alpių	-7.650093
žemaitijoje	-7.650093
kaktusinių	-7.650093
supraslio	-7.650093
rūdos	-7.6596622
juo	-7.6596622
kalba 	-7.6596622
įrašų	-7.6596622
šiauliuose	-7.6596622
žvirblinių	-7.6596622
marso	-7.669324
naujojoje	-7.669324
esant	-7.669324
pusiau	-7.669324
spalvų	-7.669324
didžiųjų	-7.669324
filosofijos	-7.669324
pristatytas	-7.669324
penkių	-7.669324
įvykęs	-7.669324
vėjo	-7.669324
kapeliais	-7.669324
energija	-7.67908
karinės	-7.67908
aukštuma	-7.67908
vaizdo	-7.67908
įrenginys	-7.67908
keletą	-7.67908
žuvys	-7.67908
reiškiantis	-7.67908
įrankis	-7.67908
medžio	-7.67908
karinio	-7.67908
ežere	-7.67908
mesjė	-7.67908
vilnius	-7.6889324
imperija	-7.6889324
gedimino	-7.6889324
teisių	-7.6889324
mažasis	-7.6889324
miškai	-7.6889324
nacionalinio	-7.6889324
pasižymi	-7.6889324
valdžiusi	-7.6889324
politinis	-7.6889324
susijusi	-7.6889324
dramblio	-7.6889324
produktų	-7.6889324
žvaigždynas	-7.6889324
linijų	-7.6889324
majų	-7.6889324
bialostockos	-7.6889324
minimas	-7.698883
ilgas	-7.698883
policijos	-7.698883
riedulys	-7.698883
širdies	-7.698883
įtaisas	-7.698883
augantis	-7.698883
informacija	-7.708933
gerai	-7.708933
partijų	-7.708933
mokesčių	-7.708933
pilnas	-7.708933
tarpusavio	-7.708933
dalimi	-7.708933
pietiniame	-7.708933
dešiniojo	-7.708933
dunojaus	-7.708933
auganti	-7.708933
patenka	-7.708933
būdavo	-7.708933
atšaka	-7.708933
klubai	-7.708933
suskirstymo	-7.708933
giminė	-7.708933
kazachstano	-7.708933
krikščionių	-7.7190857
energetikos	-7.7190857
rietavo	-7.7190857
apaštalų	-7.7190857
antroji	-7.7190857
žemuma	-7.7190857
kuriais	-7.7190857
sričių	-7.7190857
asmenys	-7.7190857
knygą	-7.7190857
rečiau	-7.7190857
vienetus	-7.7190857
toliau	-7.7190857
gaunamas	-7.7190857
amžiuje	-7.7190857
priešais	-7.7190857
valdė	-7.7190857
nacionalinės	-7.7190857
sportininkai	-7.7190857
galva	-7.7293425
reikalų	-7.7293425
socialinės	-7.7293425
istoriją	-7.7293425
programos	-7.7293425
atžvilgiu	-7.7293425
vėliavos	-7.7293425
krūmai	-7.7293425
įlankoje	-7.7293425
kairiojo	-7.7293425
krasnojarsko	-7.7293425
taivane	-7.7293425
urėdijos	-7.7293425
čarna	-7.7293425
terespolio	-7.7293425
fiat	-7.739705
gimimo	-7.739705
ryšių	-7.739705
gynybos	-7.739705
pagėgių	-7.739705
pusiaujo	-7.739705
tikros	-7.739705
atlieka	-7.739705
ploto	-7.739705
pradėta	-7.739705
apygardoje	-7.739705
funkcijų	-7.739705
juodosios	-7.739705
remiantis	-7.739705
valdovas	-7.739705
juostos	-7.739705
juodkalnijos	-7.739705
dešimtmetis	-7.739705
rašto	-7.739705
skraido	-7.739705
atrankos	-7.739705
pelno	-7.739705
lapių	-7.739705
kuršių	-7.7501764
renesanso	-7.7501764
senojo	-7.7501764
prekių	-7.7501764
įrangos	-7.7501764
dviem	-7.7501764
mokymo	-7.7501764
svarbus	-7.7501764
technologijų	-7.7501764
tradicinis	-7.7501764
linijai	-7.7501764
pietinio	-7.7501764
kužnicos	-7.7501764
parčevo	-7.7501764
chrysler	-7.7607584
tibeto	-7.7607584
kodo	-7.7607584
gyvybės	-7.7607584
dalelių	-7.7607584
karinė	-7.7607584
socialinių	-7.7607584
kompiuterių	-7.7607584
įgyvendinimą	-7.7607584
geologinis	-7.7607584
štabino	-7.7607584
palei	-7.771454
dalys	-7.771454
narys	-7.771454
prancūzija	-7.771454
raudonosios	-7.771454
jungiantis	-7.771454
išsidėsčiusi	-7.771454
naudojamos	-7.771454
amžius	-7.771454
veiksmas	-7.771454
šakų	-7.771454
nustatyti	-7.771454
valstybę	-7.771454
kalifornijos	-7.771454
antarktidos	-7.771454
niujorko	-7.771454
sudaryti	-7.771454
žanro	-7.771454
pušinių	-7.771454
pinaceae	-7.7822647
odos	-7.7822647
šokių	-7.7822647
jurgio	-7.7822647
motina	-7.7822647
organizmų	-7.7822647
abipus	-7.7822647
skersmens	-7.7822647
tarpusavyje	-7.7822647
provincijose	-7.7822647
škotijos	-7.7822647
keliu	-7.7822647
kalbos 	-7.7822647
grupėje	-7.7822647
čilėje	-7.7822647
austrijoje	-7.7822647
čekijoje	-7.7822647
įkurtos	-7.7822647
aukštumose	-7.7822647
kandidatų	-7.7822647
medinė	-7.7822647
šudzialovo	-7.7822647
passeriformes	-7.793194
sekso	-7.793194
ventos	-7.793194
kunigaikščio	-7.793194
sudėtį	-7.793194
vietų	-7.793194
jėga	-7.793194
kryptis	-7.793194
vadinosi	-7.793194
miškuose	-7.793194
įstaigos	-7.793194
ulusas	-7.793194
grodzisko	-7.804243
ldk	-7.804243
pradėjo	-7.804243
indoeuropiečių	-7.804243
tiesiogiai	-7.804243
baseino	-7.804243
gaminti	-7.804243
kartų	-7.804243
pagalba	-7.804243
priskiriamas	-7.804243
taškas	-7.804243
atitinka	-7.804243
polinezijoje	-7.804243
zambijos	-7.804243
tekanti	-7.804243
lichtenšteino	-7.804243
stūkso	-7.804243
kapitalo	-7.8154163
teises	-7.8154163
prūsijos	-7.8154163
tvarka	-7.8154163
nariai	-7.8154163
kodai	-7.8154163
antano	-7.8154163
spaudos	-7.8154163
nepriklausoma	-7.8154163
pagrindiniai	-7.8154163
priemonės	-7.8154163
įvairiose	-7.8154163
žemiau	-7.8154163
keletas	-7.8154163
skirti	-7.8154163
kitomis	-7.8154163
centrinė	-7.8154163
dešinėje	-7.8154163
mėnulio	-7.8154163
duktė	-7.8154163
egiptiečių	-7.8154163
romoje	-7.8154163
gubernijos	-7.8154163
komunikacijos	-7.8154163
savaitinis	-7.8154163
miškai 	-7.8154163
staviskų	-7.8154163
kazlų	-7.8267164
kaliningrado	-7.8267164
garbei	-7.8267164
darbuotojų	-7.8267164
rinkimai	-7.8267164
tokie	-7.8267164
seniausia	-7.8267164
smulkūs	-7.8267164
masė	-7.8267164
komiksų	-7.8267164
volgos	-7.8267164
teisinė	-7.8267164
atstovaujanti	-7.8267164
čikagoje	-7.8267164
advokatų	-7.8267164
jedvabno	-7.8267164
tarnyba	-7.8381453
islamo	-7.8381453
teritorijas	-7.8381453
struktūra	-7.8381453
darbą	-7.8381453
ispanų	-7.8381453
ginklų	-7.8381453
erškėtinių	-7.8381453
indonezijos	-7.8381453
organų	-7.8381453
turkijoje	-7.8381453
kapinėse	-7.8381453
priklausančios	-7.8381453
senamiestyje	-7.8381453
draugijos	-7.8381453
taurių	-7.8381453
kodas 	-7.8381453
viškų	-7.8381453
kada	-7.8497057
ordinas	-7.8497057
herbo	-7.8497057
fakultetas	-7.8497057
prezidentas	-7.8497057
aukštutinės	-7.8497057
įvairūs	-7.8497057
deivės	-7.8497057
vykdyti	-7.8497057
žr	-7.8497057
susikūrusi	-7.8497057
raudona	-7.8497057
dešimtmečio	-7.8497057
vyro	-7.8497057
valstybėse	-7.8497057
šveicarijoje	-7.8497057
ugnies	-7.8497057
raidės	-7.8497057
šokio	-7.8497057
girininkijos	-7.8497057
armėnijoje	-7.8497057
gamykloje	-7.8497057
nilo	-7.8614016
personifikacija	-7.8614016
žodynas	-7.8614016
gamykla	-7.8614016
irane	-7.8614016
