на	-0.6158471
до	-4.1476574
за	-2.9608545
село	-3.464613
де	-6.0547705
а	-4.237148
вид	-5.67885
м	-7.022585
по	-4.206075
не	-4.6184397
при	-5.6833577
округ	-5.857281
п	-3.9367805
ла	-6.929367
с	-6.656187
над	-4.510279
н	-3.9465446
член	-6.49806
англ	-6.265438
д	-6.8933735
групи	-6.792568
може	-4.846006
р	-6.454792
системи	-7.225813
список	-6.0994215
км	-6.806361
леон	-6.6132956
па	-6.435437
го	-4.1148047
е	-1.3337603
професор	-7.039976
група	-5.259982
поет	-6.575838
син	-6.792568
сан	-7.1317844
орган	-7.3613586
автор	-6.8345327
т	-6.238841
рок	-6.5869284
процес	-6.806361
без	-6.4450674
композитор	-7.0054903
права	-7.32961
два	-5.959064
роман	-6.6132956
науки	-7.2988386
форма	-6.3795214
води	-7.2118263
тип	-6.913782
клуб	-6.9241447
систем	-5.523629
мала	-6.376505
три	-5.967032
парк	-7.1446877
сингл	-7.225813
те	-6.6325636
книга	-6.7093697
г	-5.7454896
закон	-7.3694553
нова	-6.529151
и	-1.7301757
сили	-7.2471657
право	-7.353327
елемент	-7.0636463
лат	-6.265438
гора	-6.8297815
книги	-7.2763653
канада	-7.345358
острови	-6.3825474
вода	-6.568512
друга	-7.075695
народна	-7.045841
наука	-6.811002
народ	-6.75669
од	-1.6736181
елементи	-6.820348
нема	-6.945198
цар	-7.0636463
метал	-6.8833227
бог	-6.594392
рим	-7.011156
храм	-6.419589
море	-5.9831614
кит	-5.9770823
риби	-6.1581926
поп	-7.1710052
пол	-7.3694553
точка	-7.254386
лондон	-6.7306013
папа	-7.254386
поле	-6.680382
мали	-7.0054903
домен	-6.945198
сад	-5.72487
но	-5.225095
фр	-7.2988386
перу	-7.16436
ред	-6.783478
музика	-6.5504284
св	-5.9472294
му	-6.3704987
рак	-6.696843
така	-5.523629
мало	-7.0940437
во	-1.0069604
да	-3.7170043
само	-5.626283
ти	-7.125394
сила	-7.151202
царство	-6.8833227
маса	-6.8017426
православна	-6.536193
влада	-7.1980333
океан	-6.7744684
основа	-6.75669
фк	-7.1127357
ново	-6.994254
пат	-5.8717217
рис	-7.268985
кон	-5.810028
астероид	-6.806361
период	-6.0613422
има	-4.6978335
август	-5.7698216
март	-6.2735567
низ	-5.8919244
лик	-7.0636463
се	-1.7577231
држави	-6.2180605
или	-3.3151994
општина	-3.2355256
општини	-6.806361
република	-4.3925996
која	-2.6829677
град	-4.183641
место	-6.0858154
хрватска	-6.9558935
била	-3.3183074
било	-5.5378504
општинска	-6.148554
односи	-7.32961
име	-5.2981772
година	-2.647551
што	-3.8687687
назив	-7.1980333
филм	-5.5326557
под	-5.413147
космос	-4.0236964
саксонија	-4.7598643
користи	-5.495779
федерација	-7.239998
српски	-6.888335
области	-7.16436
односно	-5.766543
држава	-5.490798
би	-7.353327
црква	-4.928878
шлезвиг	-4.87578
холштајн	-4.961998
седиште	-6.0396023
време	-4.72115
познат	-5.394923
број	-4.7292376
други	-5.637728
западна	-4.886584
после	-6.024661
тирингија	-5.1913834
србија	-6.2600613
албум	-6.39168
дела	-6.644306
две	-5.850138
мекленбург	-5.227956
река	-5.9974914
грб	-6.778963
турнир	-7.225813
свети	-5.646399
померанија	-5.0547495
прва	-6.400897
често	-6.320854
административно	-7.2471657
како	-3.5826826
фудбалски	-6.934616
значи	-6.124856
обично	-6.4290676
првенство	-6.388626
лига	-6.422738
позната	-6.094866
северна	-5.5300684
награда	-7.075695
организација	-5.82727
ова	-5.2375526
косово	-7.32961
термин	-7.0054903
четири	-6.6019106
центар	-5.510874
света	-6.839306
област	-5.0215707
основан	-7.1776934
облик	-6.7880125
против	-6.701001
начин	-6.668211
основана	-6.62868
чија	-7.125394
игра	-6.6722517
репрезентација	-7.2049065
бранденбург	-5.927811
манастир	-7.100236
симбол	-6.999857
места	-6.1654825
иако	-6.39168
мај	-6.018325
април	-6.223215
пет	-6.868434
биле	-5.5522766
грчки	-5.7747602
серија	-6.769994
кога	-5.6177845
функција	-7.0054903
години	-5.886374
брод	-7.321828
ако	-7.32961
источно	-6.640376
француски	-6.3095226
анхалт	-5.21656
формирана	-6.868434
дело	-6.7306013
крај	-6.7051764
род	-7.1190453
простор	-7.291291
јован	-7.075695
им	-6.913782
развој	-7.239998
римски	-7.191208
петар	-7.2049065
ера	-4.6641192
пример	-6.7051764
династија	-7.254386
површина	-6.108596
познати	-6.778963
провинција	-5.877191
јужно	-6.5432854
северно	-6.4290676
него	-6.6019106
политичка	-6.913782
живот	-6.792568
тело	-6.778963
власт	-7.0054903
руски	-6.141385
црна	-6.6722517
шест	-7.3613586
западно	-6.873372
значење	-6.934616
регион	-6.043913
страни	-7.3694553
александар	-6.7349024
јужна	-5.7847104
овој	-5.1813054
главна	-7.16436
црвена	-7.306443
култура	-6.7880125
граничи	-6.9721537
територија	-7.045841
џон	-6.9558935
век	-4.0366707
светско	-6.983143
близу	-6.797145
зале	-6.410199
пред	-5.1419797
интернет	-6.575838
планина	-6.806361
италијански	-6.5721684
факултет	-6.7349024
бела	-7.2049065
историја	-6.6885786
теорија	-7.184428
следи	-6.238841
музички	-7.022585
патријарх	-6.6927023
политички	-6.908641
сликар	-7.2118263
никола	-6.684472
стр	-7.191208
македонија	-3.908814
светски	-7.225813
вредност	-6.6482506
политичар	-7.045841
резултат	-7.225813
уметност	-7.0168543
универзитет	-7.239998
рендсбург	-6.878335
југославија	-7.151202
национална	-7.32961
локалитет	-4.7373915
познато	-7.151202
боја	-6.7880125
страна	-4.9113274
исто	-5.6435003
прави	-7.1577597
фудбалска	-6.9612846
однос	-7.239998
босна	-6.929367
партија	-6.575838
русија	-5.7863784
залив	-6.939893
светска	-6.743561
станица	-7.2328806
херцеговина	-7.0878897
граница	-7.353327
стил	-7.138215
источна	-6.5048866
шведска	-7.3694553
италија	-6.146158
војна	-5.933597
фленсбург	-6.994254
исток	-6.61712
кула	-7.225813
календар	-4.211245
лауенбург	-7.16436
музеј	-7.268985
свет	-6.7392225
мрежа	-6.908641
бугарски	-7.16436
археолошки	-4.7988935
латински	-6.3237066
учесник	-6.878335
дитмаршен	-7.254386
год	-6.825054
со	-2.9854999
состав	-6.913782
единица	-6.2573843
остров	-6.5612392
население	-6.292762
медали	-7.2988386
украина	-6.7522945
михаил	-7.268985
информации	-7.100236
запад	-6.8537636
песни	-7.0696526
римско	-6.62868
дел	-3.8953705
друг	-6.878335
буква	-6.680382
договор	-7.254386
север	-6.5981436
издание	-6.3468294
киев	-7.239998
комитет	-7.1446877
политика	-7.218796
работа	-7.2049065
литература	-7.1776934
император	-7.314106
берлин	-7.191208
полуостров	-7.0878897
америка	-6.435437
банка	-7.1317844
архитектура	-7.306443
половина	-7.2328806
каталог	-2.947876
жители	-5.967032
европа	-5.9791045
африка	-6.820348
макс	-7.191208
наоѓа	-2.5546308
претставува	-2.699366
објект	-2.925753
објекти	-2.9430037
списокот	-2.9431982
новиот	-2.9437819
соѕвездието	-2.946022
објектот	-2.9485602
општ	-2.9487557
небо	-2.949049
длабокото	-2.9537544
дрееров	-2.9541478
галаксија	-3.116788
германија	-3.501988
округот	-3.560267
кој	-3.6281152
спирална	-3.8633857
според	-3.8850937
тоа	-3.9407277
еден	-3.9750566
бил	-4.0358005
некои	-4.0688124
кои	-4.070312
содржи	-4.14442
настани	-4.1992235
значајни	-4.219921
јазик	-4.238212
јулијанскиот	-4.303106
градот	-4.3628078
ги	-4.47278
рамките	-4.5628977
ја	-4.6034946
тој	-4.6158466
тите	-4.632031
новата	-4.6511602
кое	-4.6549225
милениум	-4.6789017
вештачки	-4.6866536
советски	-4.689437
програмата	-4.691669
сателити	-4.707435
лансирани	-4.7165575
околу	-4.7292376
македонски	-4.7718983
грција	-4.825999
јазици	-4.8473105
една	-4.856491
егејска	-4.9561586
првиот	-4.9715605
елиптична	-5.0038576
локалитетот	-5.041187
игри	-5.043567
покраина	-5.0587735
општината	-5.1203055
англиски	-5.1306505
селото	-5.134123
оваа	-5.134123
скопје	-5.149899
километри	-5.187707
јануари	-5.2127895
леќеста	-5.2231917
поранешна	-5.256045
однесува	-5.2768893
населба	-5.2778926
сите	-5.3022842
заедница	-5.3178368
помеѓу	-5.332574
дека	-5.3443074
вториот	-5.354011
олимписки	-5.38147
реката	-5.388174
јато	-5.4235454
ѕвездено	-5.427036
таа	-5.435228
девица	-5.44586
областа	-5.4650455
кај	-5.4686837
роден	-5.4858413
бројот	-5.495779
лав	-5.4970284
албанија	-5.5262
голема	-5.539153
многу	-5.572291
главен	-5.576342
каде	-5.5776963
отворено	-5.5885954
македонска	-5.6177845
американски	-5.6435003
повеќе	-5.647851
сојузната	-5.6580777
денес	-5.672871
јули	-5.67885
меѓу	-5.67885
покраината	-5.693956
музиката	-5.709294
преку	-5.7264414
црквата	-5.728015
името	-5.737509
периодот	-5.7422895
коса	-5.7764115
земјата	-5.7830453
уметноста	-5.7913995
мечка	-5.7947607
береникина	-5.7981334
околината	-5.811739
архитектурата	-5.820338
училиште	-5.820338
тие	-5.82727
науката	-5.8290105
групата	-5.834251
ќе	-5.834251
јазикот	-5.8483605
престапна	-5.882691
книжевноста	-5.906878
голем	-5.9106517
писател	-5.9144397
декември	-5.916339
македонскиот	-5.916339
државата	-5.9239726
автономната	-5.9374733
главните	-5.957082
прв	-5.96304
македонската	-5.97305
близина	-5.97305
биде	-5.981131
беше	-5.9974914
знамето	-5.9974914
првата	-5.999555
овие	-6.0036955
уште	-6.0120296
јуни	-6.016222
режија	-6.0204325
септември	-6.026782
бугарија	-6.0310373
светот	-6.0331717
текот	-6.0374546
поради	-6.046075
следниве	-6.046075
некропола	-6.0482416
главниот	-6.0525894
империја	-6.059147
летните	-6.0858154
битола	-6.0858154
неколку	-6.0971403
состои	-6.0971403
административен	-6.0994215
врз	-6.0994215
најчесто	-6.0994215
германски	-6.1017065
смета	-6.1017065
октомври	-6.1062937
змија	-6.108596
различни	-6.110903
улоги	-6.120183
островот	-6.127201
февруари	-6.134268
цел	-6.150955
регионот	-6.1533613
монголија	-6.163047
ѕвезда	-6.170373
имаат	-6.1752872
турски	-6.1802254
зборува	-6.182704
луѓе	-6.190175
грбот	-6.1926785
турција	-6.202754
белград	-6.205289
едно	-6.2129326
франција	-6.215493
потекло	-6.223215
природен	-6.2283964
претходник	-6.2520514
еридан	-6.2520514
времето	-6.254714
заедно	-6.2573843
неговата	-6.265438
основното	-6.289996
златна	-6.292762
ноември	-6.3123436
изградена	-6.3123436
пегаз	-6.3123436
азбука	-6.315172
шпанија	-6.320854
движење	-6.3265686
нов	-6.3323154
змеј	-6.3380957
глифот	-6.3468294
знаме	-6.3556404
втората	-6.3556404
водна	-6.361557
рипка	-6.3825474
битолското	-6.388626
додека	-6.394743
средниот	-6.403988
земји	-6.410199
песна	-6.422738
кучиња	-6.422738
територијата	-6.432247
опфаќа	-6.4482985
воловар	-6.4580545
тврдина	-6.4580545
неговиот	-6.467907
делови	-6.4811964
општинската	-6.4845467
куќа	-6.494665
поимот	-6.494665
почетокот	-6.494665
создадена	-6.494665
езеро	-6.49806
означува	-6.5048866
метри	-6.508317
ден	-6.511759
својата	-6.515213
наоѓаат	-6.5186796
христијански	-6.5186796
видови	-6.5221577
олимписките	-6.525648
ловечки	-6.529151
зборуваат	-6.536193
најголем	-6.5432854
историјата	-6.54685
користат	-6.5504284
збор	-6.557623
толкуваат	-6.557623
брег	-6.564869
потекнува	-6.564869
подоцна	-6.568512
мал	-6.575838
струмица	-6.5832186
крајот	-6.5869284
втора	-6.594392
можат	-6.594392
земја	-6.6019106
географски	-6.605691
секоја	-6.624812
тврдината	-6.624812
поим	-6.62868
неговите	-6.636462
маглина	-6.640376
кастилја	-6.644306
податоци	-6.6482506
јужниот	-6.652211
населението	-6.656187
херкул	-6.660179
постојат	-6.660179
седиштето	-6.660179
планини	-6.6641874
работи	-6.6722517
растенија	-6.6722517
доцноантичко	-6.6722517
некој	-6.680382
азија	-6.680382
авила	-6.680382
нив	-6.680382
пак	-6.684472
арапски	-6.684472
џамија	-6.684472
претседател	-6.684472
нарекува	-6.6885786
трета	-6.6927023
неговото	-6.6927023
појас	-6.696843
кралство	-6.701001
своите	-6.701001
западниот	-6.71358
митологија	-6.7220545
покрај	-6.7263193
другите	-6.7349024
бидејќи	-6.743561
централна	-6.747918
шпански	-6.747918
сè	-6.747918
југ	-6.7522945
фамилијата	-6.7522945
единици	-6.7611055
револуционерна	-6.769994
северниот	-6.769994
сместен	-6.769994
истоимениот	-6.778963
англија	-6.778963
македонското	-6.783478
понекогаш	-6.7880125
припаѓа	-6.792568
семејство	-6.797145
спаѓа	-6.797145
анг	-6.8017426
особено	-6.806361
првите	-6.806361
потоа	-6.811002
сместена	-6.811002
координати	-6.8156643
двете	-6.820348
хамбург	-6.825054
големина	-6.8297815
кентаур	-6.8297815
нивната	-6.8297815
одржаа	-6.8297815
буквата	-6.8345327
секој	-6.839306
филмот	-6.844102
главно	-6.8537636
вселенски	-6.8537636
седма	-6.85863
употреба	-6.8635197
прилепското	-6.8635197
градови	-6.8635197
кина	-6.8635197
наречен	-6.868434
дебар	-6.868434
претставуваат	-6.873372
јужен	-6.873372
езерска	-6.873372
долна	-6.8833227
нејзиното	-6.8833227
петта	-6.8833227
првпат	-6.8833227
велес	-6.888335
истанбул	-6.888335
екернферде	-6.888335
вклучувајќи	-6.888335
серијата	-6.888335
средновековна	-6.8933735
официјален	-6.8984365
поранешен	-6.9035254
осма	-6.908641
американската	-6.908641
средна	-6.913782
сојуз	-6.913782
водолија	-6.913782
родена	-6.91895
големи	-6.91895
зборот	-6.91895
лудвигслуст	-6.9241447
окрузи	-6.9241447
мекленбуршка	-6.9241447
должина	-6.929367
големо	-6.934616
пархим	-6.934616
игрите	-6.939893
источниот	-6.939893
штип	-6.945198
самиот	-6.945198
нејзиниот	-6.945198
нивните	-6.950531
украински	-6.9558935
провинцијата	-6.9558935
шеста	-6.9612846
американска	-6.9612846
крал	-6.9612846
улога	-6.9612846
сочинуваат	-6.9667044
македонско	-6.9721537
тетово	-6.9721537
занимава	-6.9721537
својот	-6.9721537
помош	-6.9721537
центарот	-6.9721537
богородица	-6.9776335
филипините	-6.9776335
којшто	-6.9776335
зимските	-6.9776335
прилеп	-6.983143
најголемите	-6.983143
натпреварите	-6.983143
мексико	-6.9886827
неа	-6.9886827
животни	-6.9886827
рид	-6.9886827
официјално	-6.9886827
нејзината	-6.9886827
војводство	-6.994254
поврзани	-6.994254
средината	-6.994254
откриен	-6.994254
планината	-6.999857
издаден	-7.0054903
конкуренција	-7.0054903
терминот	-7.0054903
северозападно	-7.011156
албански	-7.011156
машка	-7.011156
фризија	-7.011156
стариот	-7.011156
југозападно	-7.0168543
југоисточно	-7.0168543
составен	-7.0168543
зборови	-7.022585
вклучува	-7.028349
харц	-7.0341454
историски	-7.0341454
грајфсвалд	-7.0341454
луѓето	-7.0341454
андромеда	-7.045841
писмо	-7.045841
живее	-7.045841
цариградски	-7.045841
дијалект	-7.045841
постои	-7.045841
објавен	-7.045841
наречена	-7.0517416
елба	-7.0576763
последна	-7.0576763
париз	-7.0576763
науч	-7.0576763
хемиски	-7.0576763
европската	-7.0576763
живеат	-7.0576763
ѕвезди	-7.0636463
битката	-7.0696526
охрид	-7.075695
софија	-7.075695
разни	-7.075695
парохија	-7.075695
поточно	-7.075695
универзитетот	-7.075695
пејачка	-7.075695
деветта	-7.0817738
региони	-7.0878897
ерусалим	-7.0878897
подгрупата	-7.0878897
одржал	-7.0878897
разлика	-7.0940437
куманово	-7.0940437
зеланд	-7.0940437
грчката	-7.0940437
некоја	-7.0940437
семејството	-7.0940437
третиот	-7.0940437
екстремадура	-7.100236
бидат	-7.1064663
ниво	-7.1127357
национален	-7.1127357
жени	-7.1190453
тетовското	-7.1190453
паун	-7.1190453
местото	-7.1190453
итн	-7.1190453
милиони	-7.125394
полска	-7.125394
енергија	-7.125394
бадахоз	-7.125394
оние	-7.125394
кирил	-7.1317844
изграден	-7.1317844
најголемиот	-7.1317844
превод	-7.138215
главната	-7.138215
владата	-7.138215
влијание	-7.138215
риген	-7.1446877
источен	-7.151202
човекот	-7.151202
бразил	-7.1577597
денешна	-7.1577597
сонцето	-7.1577597
започнува	-7.1577597
врв	-7.16436
нивниот	-7.16436
веднаш	-7.16436
православен	-7.1710052
австралија	-7.1710052
материјал	-7.1776934
гостиварското	-7.1776934
мажи	-7.1776934
деец	-7.184428
освен	-7.184428
кошаркарска	-7.184428
животот	-7.184428
втор	-7.191208
византиски	-7.191208
револуционер	-7.191208
руската	-7.1980333
британија	-7.1980333
теленовела	-7.1980333
пописот	-7.1980333
сојузна	-7.1980333
џамијата	-7.1980333
трите	-7.2049065
спортови	-7.2049065
одредени	-7.2049065
триаголник	-7.2049065
височина	-7.2118263
росток	-7.2118263
границата	-7.2118263
градиште	-7.2118263
индија	-7.2118263
четвртта	-7.2118263
јазиците	-7.2118263
охридски	-7.218796
гоце	-7.218796
изнесува	-7.218796
унгарија	-7.218796
турнирот	-7.218796
одржале	-7.225813
повеќето	-7.225813
објавена	-7.225813
среден	-7.2328806
студиски	-7.2328806
вкупно	-7.239998
извори	-7.2471657
деца	-7.2471657
фамилија	-7.2471657
државен	-7.2471657
доаѓа	-7.2471657
преспанското	-7.254386
североисточно	-7.254386
гостивар	-7.2616587
туку	-7.2616587
играат	-7.2616587
истоимената	-7.2616587
лице	-7.268985
делчев	-7.268985
годината	-7.268985
усвоено	-7.268985
песната	-7.268985
светец	-7.2763653
своето	-7.2763653
смрт	-7.2763653
напишана	-7.2763653
латитуда	-7.2763653
одржа	-7.2763653
гвинеја	-7.2838
лонгитуда	-7.2838
доцноантичкото	-7.2838
раскази	-7.2838
фудбалот	-7.2838
стар	-7.291291
демирхисарското	-7.291291
состојба	-7.291291
истата	-7.291291
централниот	-7.291291
паша	-7.2988386
словенија	-7.2988386
берде	-7.2988386
израел	-7.306443
наречени	-7.306443
римската	-7.306443
унија	-7.306443
збирка	-7.306443
двојна	-7.314106
гранка	-7.314106
целиот	-7.314106
националниот	-7.314106
имало	-7.321828
издадена	-7.321828
норвешка	-7.321828
останатите	-7.321828
населбата	-7.321828
австронезиски	-7.321828
дели	-7.32961
членови	-7.32961
спортот	-7.32961
брегот	-7.337453
издавачката	-7.337453
вардар	-7.345358
википедија	-7.345358
последниот	-7.345358
збир	-7.353327
смртта	-7.353327
албумот	-7.353327
збиено	-7.353327
северен	-7.3613586
римското	-7.3613586
византија	-7.3613586
поделена	-7.3613586
отоманската	-7.3613586
телото	-7.3613586
османлиската	-7.3613586
штајнбург	-7.3694553
данска	-7.3694553
средина	-7.3694553
драмско	-7.3694553
востание	-7.3694553
швајцарија	-7.3694553
