afrika	-6.093232
i	-5.9828634
the	-4.835249
of	-5.2463217
e	-7.079048
to	-6.9592476
a	-5.5149884
si	-7.2534018
and	-6.018736
de	-4.0425234
april	-6.0099583
september	-6.0837784
november	-6.1476
amerika	-4.788536
in	-6.382272
c	-6.5667696
ikan	-6.4614086
thailand	-6.64373
apa	-7.0610304
le	-5.523395
ke	-4.071927
ii	-6.156234
lot	-6.098674
s	-5.7488437
arab	-5.541986
dan	-2.1299791
m	-6.2872906
ibn	-7.036338
b	-6.4267235
p	-6.5799274
muhammad	-6.23905
mas	-7.1545563
t	-7.4808836
k	-7.11609
al	-4.9582033
d	-4.8356347
r	-7.0468454
ular	-6.8610086
l	-6.5220337
abu	-6.8152866
sm	-5.904598
fizik	-7.186431
atom	-6.9464264
x	-7.071802
j	-7.0937004
ali	-6.9028063
tok	-7.542528
en	-6.176672
f	-7.4279613
ahmad	-6.393201
port	-7.475464
san	-6.248514
km	-5.861711
matematik	-6.908922
hal	-7.1389914
emas	-7.438324
on	-7.5600214
el	-6.6181774
zaman	-5.965996
rock	-7.2886477
new	-5.9215956
schleswig	-6.2548733
holstein	-6.3987103
la	-4.3729396
video	-6.503457
bin	-5.7517323
john	-7.127475
paris	-7.4808836
kanada	-5.4783764
tv	-6.8937016
pop	-7.3205414
komedi	-6.8967266
an	-5.508919
internet	-6.5178757
single	-6.6919327
km²	-6.393201
elektrik	-6.911995
teknik	-7.5084343
elektronik	-7.5541563
sultan	-5.6535335
grand	-7.022496
jean	-7.3728094
web	-7.2886477
parti	-5.8226557
do	-7.5196695
for	-7.3205414
para	-6.4752293
formula	-7.071802
fifa	-7.032859
saint	-4.5552125
los	-7.2447815
world	-7.583832
yahudi	-7.363101
iii	-7.514036
prix	-7.5600214
sistem	-5.3465886
ada	-5.7354717
dr	-6.532505
et	-4.8437696
opera	-7.186431
model	-7.127475
latin	-6.956027
santa	-6.7425766
tan	-6.7451773
international	-7.5084343
del	-6.292246
politik	-5.6819043
di	-0.7659552
martin	-7.11609
st	-6.823702
no	-7.1986513
program	-6.812497
drama	-5.7440476
ekonomi	-6.573327
abdullah	-6.8580894
pakistan	-6.911995
allah	-7.4487953
death	-7.223549
seri	-6.29889
pierre	-7.5600214
etnik	-7.5253353
hak	-6.899762
disney	-7.4177046
aktif	-7.2534018
united	-6.2020655
county	-6.7556486
du	-6.34319
madrid	-7.367944
granada	-7.4177046
sony	-7.4487953
des	-7.2447815
polis	-6.837887
vietnam	-6.9853926
kod	-6.4005537
as	-7.1011086
vokal	-7.2534018
bas	-6.2406206
liga	-6.884679
or	-5.968388
romantik	-7.5084343
telefon	-6.978792
rio	-6.956027
manga	-7.1584854
radio	-6.7582836
sur	-5.435297
anime	-7.068198
kategori	-6.8698196
kongo	-7.4808836
data	-6.7093678
sabah	-6.085124
kata	-6.2758245
guinea	-7.4700727
una	-7.1048326
papua	-6.0864706
indonesia	-2.9635358
januari	-5.956483
julai	-6.1825895
mei	-6.1193504
februari	-6.2709503
lake	-7.2151804
north	-6.526209
dunia	-5.0815077
asia	-5.569732
malaysia	-3.1540914
china	-5.755597
wikipedia	-7.4331293
rasmi	-6.325918
brazil	-5.609918
korea	-5.897879
sulawesi	-4.9508166
rhine	-6.7742414
oktober	-6.237481
england	-6.852275
album	-5.5966177
london	-6.90586
rom	-7.0900173
wang	-7.0088444
finland	-7.42282
yang	-1.4637594
kilometer	-7.04333
meter	-6.4772196
desa	-4.0248756
ab	-6.9592476
south	-7.363101
sungai	-4.6227283
kali	-6.3039026
land	-7.108571
term	-6.714405
medan	-6.6113205
argentina	-6.9369183
am	-7.0574646
media	-6.9953756
niger	-6.4633713
hesse	-6.636697
gunung	-5.155198
val	-6.9592476
long	-6.7582836
bad	-7.0574646
iran	-6.7477846
baden	-6.062501
portugal	-7.4487953
brandenburg	-6.560255
mexico	-6.674796
lima	-5.7771244
air	-5.5104327
british	-6.3572254
israel	-7.108571
digital	-7.3159227
bank	-7.4435463
les	-6.1945295
sk	-7.382614
gregory	-4.900173
pulau	-4.7516823
île	-6.7220097
württemberg	-6.081094
super	-7.4279613
tanjung	-6.123537
mac	-6.1945295
kristian	-7.1545563
studio	-7.334527
kreis	-6.6603384
darah	-7.367944
centre	-5.8790836
isbn	-6.519953
france	-6.639035
teori	-7.1123238
toledo	-7.311324
genus	-6.634363
planet	-7.486334
colombia	-5.5745673
pasir	-6.351939
kg	-7.0937004
stadium	-7.223549
india	-5.7064843
bukit	-5.429691
afghanistan	-6.547351
islam	-5.162126
ipa	-7.5718555
janeiro	-7.2708693
australia	-5.8552732
struktur	-7.127475
sweden	-6.884679
ain	-6.573327
sri	-6.1945295
maine	-6.7715635
niedersachsen	-6.440069
industri	-6.653187
institut	-7.3875523
genre	-5.757535
dong	-7.04333
seine	-7.032859
hong	-6.978792
jawa	-6.2741976
barat	-3.2101989
kota	-4.3444448
tengah	-3.7592583
jakarta	-7.392515
salah	-4.4332604
disebut	-6.597745
jadi	-7.11609
batang	-7.1011086
kidul	-7.565921
api	-6.497341
antara	-4.9218044
selatan	-3.5565457
surat	-5.9458885
dua	-4.9100986
timur	-3.405375
utara	-3.5264053
lahir	-5.6747355
asal	-6.620474
kira	-5.7383223
jalan	-4.683801
utama	-5.4983845
istilah	-5.8330617
banten	-6.9369183
abad	-6.0365257
kimia	-6.430518
umum	-6.2939024
tempat	-5.6900306
cara	-6.650814
panjang	-6.430518
unsur	-6.467309
bahan	-6.0403795
laut	-3.8925457
fungsi	-7.397502
waktu	-6.64373
raja	-5.5577464
operasi	-7.358281
anggota	-6.64373
bumi	-6.4614086
kelas	-6.4381523
suku	-6.674796
nokia	-7.311324
yunani	-6.884679
pusat	-5.3825994
alat	-6.7451773
warna	-5.9124947
seni	-6.387721
hasil	-6.536724
bulan	-6.079755
sumber	-6.5645933
yogyakarta	-6.5014143
pas	-6.696883
alpes	-4.6143446
loire	-5.0073643
rhône	-4.7681346
pyrénées	-5.488701
haute	-4.5205536
midi	-6.098674
côte	-5.67921
provence	-6.297225
normandie	-5.3926497
azur	-6.7220097
aquitaine	-5.227877
itali	-5.418572
bretagne	-6.7018585
marne	-6.133375
pays	-6.1781483
roussillon	-6.8610086
languedoc	-6.8610086
champagne	-5.8725333
lorraine	-6.45945
poitou	-6.677226
auvergne	-6.325918
bourgogne	-6.3625402
ardenne	-5.900114
basse	-6.115181
ismail	-7.0937004
garonne	-5.813382
saône	-6.144739
franche	-5.569732
comté	-5.569732
soria	-7.4177046
castile	-4.6289845
moselle	-7.5718555
maritime	-6.3501835
limousin	-6.551634
corse	-6.300558
oise	-6.4154234
vienne	-6.908922
sainte	-6.911995
charente	-5.6065764
badan	-6.30894
lagu	-5.240521
kala	-7.2931423
nabi	-6.7688932
landes	-6.8464947
rhin	-5.8845754
milan	-7.1506424
simbol	-7.3021917
haut	-6.653187
atlantique	-7.275285
bola	-6.032687
eure	-5.694574
aisne	-5.970786
loir	-6.1362047
calvados	-6.133375
hautes	-6.21731
cher	-6.2856445
savoie	-6.6919327
doubs	-6.2939024
indre	-6.672372
gironde	-6.3804617
dordogne	-6.3589935
isère	-6.406104
tak	-7.542528
lès	-6.908922
jura	-6.3804617
vosges	-6.441991
yonne	-6.447777
aube	-6.5689507
ardennes	-6.551634
gers	-6.648447
aude	-6.5755224
côtes	-6.7609253
armor	-6.7530203
ille	-6.812497
vilaine	-6.812497
drôme	-6.7715635
gard	-6.798666
hérault	-6.875737
allier	-6.8350334
loiret	-6.878709
ardèche	-6.8436174
ariège	-6.875737
deux	-6.930629
aveyron	-6.956027
sèvres	-6.956027
finistère	-7.0468454
corrèze	-7.015647
yvelines	-7.0863476
creuse	-7.0937004
cantal	-7.127475
essonne	-7.3728094
lozère	-7.464711
era	-6.9028063
dia	-6.1975374
popular	-6.4892435
mancha	-5.863866
sub	-7.2620974
guadalajara	-7.0122395
tamil	-7.4177046
hospital	-7.1743584
mata	-6.497341
burgos	-6.7373953
salamanca	-6.7850227
fazenda	-7.397502
kong	-6.968972
ávila	-7.1351376
león	-4.87538
zamora	-7.1506424
valladolid	-7.2620974
asas	-6.982087
singapura	-6.049429
belas	-6.8668737
teruel	-7.2193565
pavia	-6.852275
huesca	-7.3728094
badajoz	-7.5600214
saale	-7.5084343
kompleks	-7.412616
gazetteer	-7.1011086
czech	-7.514036
kolej	-7.5196695
musi	-7.015647
poland	-5.4983845
komputer	-6.164942
britain	-7.5310335
masa	-5.94706
sama	-5.639644
jam	-6.852275
brunei	-7.0088444
set	-7.382614
republik	-5.4820514
zealand	-6.793186
sosial	-7.202758
albania	-6.714405
norway	-7.438324
teknologi	-6.7373953
catalonia	-6.634363
armenia	-5.791069
saudi	-7.4279613
pokémon	-6.226569
badminton	-7.2797194
thüringen	-5.8226557
kingdom	-6.35546
gemeente	-6.6796627
aceh	-3.6694021
tenggara	-4.556963
nusa	-6.4574947
lampung	-6.497341
jambi	-7.297657
padang	-6.228121
jaya	-5.9541187
bali	-7.1506424
ulu	-6.7068586
batu	-5.383266
besar	-4.9171896
baru	-5.3575816
zon	-7.4700727
bireuen	-7.1584854
muara	-6.5158033
zaragoza	-6.9853926
hilir	-6.978792
gas	-7.2886477
raya	-5.2182155
blang	-7.186431
hulu	-5.612432
lama	-6.23905
agung	-7.025939
karang	-7.2797194
extremadura	-6.7322407
alue	-7.502863
cuenca	-7.1986513
cot	-7.284174
rawas	-7.071802
vorpommern	-7.311324
bener	-7.1506424
rioja	-7.4279613
alsace	-5.8845754
meriah	-7.071802
simpang	-6.6796627
meunasah	-7.5541563
kuala	-4.936632
bandar	-3.0413704
pasar	-7.223549
government	-6.956027
paya	-6.9624786
asahan	-7.1428604
tamiang	-7.1584854
kampung	-4.34091
kuta	-7.0610304
segovia	-7.2931423
teluk	-6.133375
daya	-4.2027144
kupang	-7.2931423
tanah	-5.2994843
makmur	-7.0754185
alor	-6.9592476
palencia	-7.412616
empat	-5.594144
cáceres	-7.2620974
alam	-6.3660984
unit	-6.4439154
tinggi	-5.6561594
merupakan	-1.6384585
sebuah	-1.6499901
terletak	-2.015993
ialah	-2.0330696
komun	-2.4668846
perancis	-2.4697776
jabatan	-2.5165963
dalam	-2.5759716
adalah	-2.68433
pada	-2.8369637
wilayah	-2.882749
terbang	-2.886313
lapangan	-2.8939219
kawasan	-3.0445185
kecamatan	-3.1137776
kabupaten	-3.2744083
oleh	-3.3257442
tahun	-3.3343906
atau	-3.3431988
perbandaran	-3.379229
daerah	-3.3862677
dengan	-3.4110212
ini	-3.4689174
dari	-3.587069
jerman	-3.6708455
ia	-3.6948433
satu	-3.7349668
bahasa	-3.7735615
sepanyol	-3.7848291
provinsi	-3.8234725
untuk	-3.8320622
sebagai	-3.8616285
negara	-3.9241395
filem	-4.0175285
daripada	-4.066191
kepada	-4.107609
komuniti	-4.201281
hari	-4.229078
nama	-4.281102
juga	-4.31651
kalimantan	-4.31651
bagi	-4.363511
munisipaliti	-4.3693027
negeri	-4.4105587
autonomi	-4.457547
gampong	-4.504911
diterbitkan	-4.5085206
orang	-4.5430455
buku	-4.5508504
seorang	-4.563113
telah	-4.578507
dikenali	-4.629298
sebelum	-4.631183
syarikat	-4.6390758
melayu	-4.6566625
masjid	-4.677853
bahagian	-4.719568
nombor	-4.7205987
kalendar	-4.726462
bermula	-4.730274
selepas	-4.737942
boleh	-4.7439084
sejenis	-4.75488
sekolah	-4.791854
terdapat	-4.8003836
lain	-4.8226027
inggeris	-4.834863
kebangsaan	-4.857476
merujuk	-4.8614273
jepun	-4.9218044
digunakan	-4.931099
asli	-4.9452047
menjadi	-4.951683
mukim	-4.9621363
ahli	-5.0128765
beliau	-5.0179563
hingga	-5.0225964
lebih	-5.0342927
mempunyai	-5.03712
biasa	-5.0523367
kumpulan	-5.0634184
bavaria	-5.079536
pokok	-5.111047
tidak	-5.1135902
secara	-5.1186976
pekan	-5.125376
memiliki	-5.1456842
harga	-5.1499014
seperti	-5.1499014
kerajaan	-5.16695
iaitu	-5.1832023
sumatera	-5.2025023
tentera	-5.204174
pertama	-5.221615
puluh	-5.2376337
kelurahan	-5.277639
perak	-5.3237014
serta	-5.336989
ratus	-5.3472323
tiga	-5.35304
itu	-5.3953466
selangor	-5.3994064
dikeluarkan	-5.4171906
mana	-5.4234214
kapal	-5.429691
kecil	-5.4345946
beberapa	-5.4402285
sembilan	-5.4473157
ibu	-5.450165
penduduk	-5.524163
taman	-5.52724
anjing	-5.5451183
dikarang	-5.547474
mereka	-5.5506234
kedua	-5.566522
jenis	-5.572147
sukan	-5.578614
mula	-5.5826774
bawah	-5.5875754
spesies	-5.597444
keluarga	-5.597444
terengganu	-5.599098
berasal	-5.6090817
tumbuhan	-5.62255
haiwan	-5.624246
antarabangsa	-5.6250954
akan	-5.6310606
terdiri	-5.64137
hutan	-5.64483
suatu	-5.646565
picardy	-5.654408
siri	-5.660551
senarai	-5.676523
bentuk	-5.6846056
perang	-5.7000537
burung	-5.705563
atas	-5.7120295
kepulauan	-5.7148137
putih	-5.723213
termasuk	-5.731684
masyarakat	-5.741181
pinang	-5.7440476
hitam	-5.7469225
ogos	-5.7478824
ditulis	-5.7498055
agama	-5.7507687
johor	-5.7565656
universiti	-5.7604494
biasanya	-5.766303
undang	-5.7731757
berikut	-5.791069
pasukan	-5.7940826
ditayangkan	-5.8011494
muzik	-5.806228
seribu	-5.813382
enam	-5.8362045
darul	-5.8404107
sekitar	-5.8446345
sehingga	-5.8467536
lumpur	-5.8488765
diadakan	-5.8563433
paling	-5.8627877
melalui	-5.8681903
diarah	-5.871446
berbahasa	-5.8758035
disember	-5.8768954
tetapi	-5.8834743
rakyat	-5.8912053
lompat	-5.900114
menteri	-5.9057226
kampong	-5.9079747
buah	-5.909103
kerana	-5.9170346
belanda	-5.9193125
banyak	-5.9204535
abdul	-5.9227395
tersebut	-5.92503
keluasan	-5.929628
sejak	-5.93309
cina	-5.9365644
kini	-5.9400506
kelantan	-5.943549
persekutuan	-5.9576674
ketua	-5.9576674
menggunakan	-5.9636087
melaka	-5.965996
pelbagai	-5.9719872
anak	-5.9792247
datuk	-5.9840794
musim	-5.9865155
manusia	-6.0074654
pesawat	-6.012459
bekas	-6.014965
semasa	-6.0275917
andalusia	-6.03141
ditubuhkan	-6.0365257
bidang	-6.0429564
penyanyi	-6.046835
terbesar	-6.048131
tujuh	-6.0520296
stesen	-6.0533333
jun	-6.063818
terkenal	-6.065136
televisyen	-6.066457
kuasa	-6.0757465
kanak	-6.078417
aragon	-6.085124
sejarah	-6.0864706
sebahagian	-6.091876
harafiah	-6.093232
pantai	-6.098674
bermaksud	-6.1027756
dewan	-6.12214
pentadbiran	-6.127742
sesuatu	-6.1418867
pelakon	-6.144739
parlimen	-6.15479
turki	-6.164942
sebanyak	-6.164942
pernah	-6.1722574
udara	-6.173727
peti	-6.1781483
setiap	-6.1781483
lapan	-6.1796265
bersama	-6.1825895
permainan	-6.191531
haji	-6.1960325
baka	-6.1975374
sepak	-6.1975374
perkataan	-6.199044
kutai	-6.20358
sarawak	-6.2250204
brittany	-6.2296753
asean	-6.235915
kazakhstan	-6.237481
presiden	-6.24693
ketika	-6.248514
wanita	-6.2532797
pemain	-6.2532797
peringkat	-6.2532797
pilihan	-6.258068
apabila	-6.2596693
kejohanan	-6.269331
felda	-6.2709503
sains	-6.2725725
perdana	-6.2758245
lelaki	-6.2840014
sainsnya	-6.2889395
watak	-6.302229
tinggal	-6.3072586
rusia	-6.30894
majlis	-6.312313
eropah	-6.320795
pahang	-6.325918
kereta	-6.3327913
kedah	-6.3362455
penulis	-6.339712
awal	-6.3466806
dibina	-6.3466806
berlaku	-6.3466806
bandaraya	-6.3501835
bukan	-6.35546
darussalam	-6.3804617
mohd	-6.387721
istimewa	-6.3895445
setempat	-6.391371
tanpa	-6.393201
proses	-6.395034
seluruh	-6.4024
piala	-6.40425
perkhidmatan	-6.40425
dilahirkan	-6.4098215
menengah	-6.4172983
berhampiran	-6.422943
olimpik	-6.4248314
luar	-6.4248314
anugerah	-6.430518
botaninya	-6.434328
pertubuhan	-6.440069
berdasarkan	-6.4497128
pendidikan	-6.4555435
ibadat	-6.4633713
penerbit	-6.4633713
merah	-6.469283
panas	-6.4752293
hanya	-6.4772196
terhadap	-6.4772196
rumah	-6.4792137
karya	-6.4832134
hidup	-6.4832134
semua	-6.4872293
makanan	-6.495311
populasi	-6.5014143
persatuan	-6.503457
mengikut	-6.503457
filipina	-6.5055046
sebesar	-6.5158033
shah	-6.519953
saluran	-6.519953
diraja	-6.530402
kaum	-6.532505
laluan	-6.532505
rancangan	-6.536724
dapat	-6.5388403
sering	-6.5409613
dato	-6.5537825
semula	-6.558092
berapi	-6.5667696
surah	-6.5689507
iman	-6.5711365
distrik	-6.5755224
bintang	-6.5755224
didapati	-6.5755224
palatinate	-6.5777225
rhineland	-6.5777225
kotanya	-6.5865717
empayar	-6.5865717
akhir	-6.595501
ketiga	-6.595501
banjar	-6.597745
putra	-6.5999947
lagi	-6.60225
memasuki	-6.6067743
kebanyakan	-6.6136007
pejabat	-6.6158867
dipanggil	-6.6158867
menyertai	-6.6273937
ciri	-6.6320343
berada	-6.6320343
semenanjung	-6.634363
dekad	-6.639035
sebelah	-6.648447
mengandungi	-6.648447
perumahan	-6.650814
tenaga	-6.653187
berbeza	-6.653187
ataupun	-6.6579485
tahap	-6.6579485
mungkin	-6.662733
antaranya	-6.6651344
huruf	-6.6675415
luas	-6.674796
novel	-6.677226
kupu	-6.677226
kaki	-6.687006
awam	-6.687006
tertentu	-6.696883
penting	-6.6993675
tradisional	-6.6993675
selama	-6.6993675
rangkaian	-6.7043552
nasional	-6.7093678
jumlah	-6.7093678
bahawa	-6.7118835
bangsa	-6.714405
dihasilkan	-6.7220097
acara	-6.7399826
pemerintahan	-6.7399826
keadaan	-6.7451773
kurang	-6.7477846
famili	-6.7477846
gelaran	-6.7503986
mengenai	-6.7556486
seseorang	-6.7662306
pihak	-6.7688932
tun	-6.7715635
perkara	-6.7715635
selepasnya	-6.7715635
ahad	-6.776926
asalnya	-6.776926
saxony	-6.7904577
bunyi	-6.7904577
jumaat	-6.7904577
cameroon	-6.793186
westphalia	-6.7959223
berlangsung	-6.7959223
pembangunan	-6.798666
saintifiknya	-6.798666
darat	-6.8014164
sesebuah	-6.8014164
sabtu	-6.8041754
terutamanya	-6.806942
juara	-6.8097153
berkaitan	-6.812497
berevolusi	-6.812497
maklumat	-6.8152866
diri	-6.818084
algeria	-6.8208885
dianggap	-6.823702
isnin	-6.823702
hijriah	-6.826523
rendah	-6.8321886
sendiri	-6.8321886
khamis	-6.8350334
moden	-6.840748
kadang	-6.8436174
gajah	-6.8493805
muda	-6.852275
dinamakan	-6.852275
tempatan	-6.852275
edisi	-6.872774
terbitan	-6.872774
membawa	-6.875737
tempoh	-6.875737
sepanjang	-6.878709
objek	-6.887677
dewa	-6.8937016
setelah	-6.8937016
memerintah	-6.8937016
rabu	-6.9028063
selasa	-6.9028063
ketinggian	-6.90586
kelayakan	-6.911995
hubungan	-6.9150763
domain	-6.918167
sahaja	-6.918167
silat	-6.9212685
tentang	-6.9212685
pegawai	-6.9243784
kemudian	-6.927499
terbahagi	-6.930629
tokoh	-6.9337683
cerita	-6.9337683
walaupun	-6.9337683
rantau	-6.9369183
masih	-6.940078
tertinggi	-6.940078
menurut	-6.940078
kelompok	-6.943247
budaya	-6.9464264
segi	-6.9592476
membentuk	-6.9592476
mendapat	-6.9592476
dahulu	-6.9592476
nilai	-6.9624786
singkatan	-6.9624786
menghasilkan	-6.96572
bertanding	-6.96572
ramai	-6.968972
kesatuan	-6.968972
dibuat	-6.968972
pertempuran	-6.968972
merangkumi	-6.968972
budget	-6.9722347
tajikistan	-6.9722347
berbentuk	-6.9755077
legislation	-6.978792
bharu	-6.978792
kelab	-6.978792
diberikan	-6.978792
kitab	-6.982087
bendera	-6.982087
albanian	-6.9853926
bebas	-6.9853926
ladang	-6.9887094
kerja	-6.9887094
hampir	-6.9887094
gabungan	-6.992037
wujud	-6.9953756
bunga	-6.998726
cabang	-6.998726
pengarah	-6.998726
barito	-7.00546
angkatan	-7.0088444
khas	-7.0122395
sempadan	-7.0122395
sangat	-7.015647
bangunan	-7.015647
perisian	-7.019066
penerbangan	-7.022496
jajahan	-7.022496
umno	-7.025939
dilakukan	-7.025939
disebabkan	-7.025939
parsi	-7.032859
terakhir	-7.032859
pertandingan	-7.032859
melibatkan	-7.032859
dinasti	-7.04333
jln	-7.04333
mewakili	-7.0468454
muslim	-7.050373
perlis	-7.050373
milik	-7.050373
penggunaan	-7.050373
abjad	-7.053912
lebuhraya	-7.053912
baginda	-7.0574646
mesir	-7.0574646
diasaskan	-7.0574646
navarre	-7.0610304
tujuan	-7.0610304
rain	-7.071802
rahman	-7.071802
kementerian	-7.071802
tuan	-7.0754185
akhbar	-7.079048
quran	-7.082691
arah	-7.082691
akta	-7.0863476
menerima	-7.0863476
jenayah	-7.0863476
pedalaman	-7.0900173
barisan	-7.0937004
basque	-7.0937004
undangan	-7.0937004
lautan	-7.0937004
kajian	-7.0937004
keluaran	-7.0937004
kaedah	-7.0937004
guru	-7.097398
falling	-7.097398
sel	-7.1011086
galicia	-7.1011086
jawatan	-7.1011086
bersatu	-7.1048326
versi	-7.108571
istana	-7.1123238
remaja	-7.11609
ilmu	-7.11987
penyakit	-7.11987
kayu	-7.123666
gelombang	-7.127475
dicipta	-7.127475
perjanjian	-7.131299
direka	-7.131299
sempena	-7.131299
minahasa	-7.1351376
cinta	-7.1389914
suara	-7.1389914
dasar	-7.1428604
tulisan	-7.1428604
berasaskan	-7.1428604
projek	-7.146744
klang	-7.1506424
membuat	-7.1506424
cahaya	-7.1545563
ibrahim	-7.1584854
golongan	-7.1584854
minyak	-7.1584854
terbaik	-7.16243
penduduknya	-7.16243
qariah	-7.1663904
sesetengah	-7.1663904
tasik	-7.1703663
perubatan	-7.1703663
bernama	-7.1743584
disiarkan	-7.1743584
kartanegara	-7.1783667
ayat	-7.182391
turut	-7.186431
nanggröe	-7.186431
peristiwa	-7.190488
denmark	-7.194561
mudah	-7.194561
aktiviti	-7.194561
majalah	-7.1986513
dilancarkan	-7.1986513
perlumbaan	-7.1986513
amat	-7.202758
sekarang	-7.202758
konsep	-7.2068815
perniagaan	-7.2068815
dibangunkan	-7.2068815
ireland	-7.2151804
wan	-7.2151804
parigi	-7.2151804
keselamatan	-7.2151804
berkenaan	-7.2151804
pinggir	-7.2193565
terbuka	-7.223549
saintifik	-7.223549
pusingan	-7.223549
individu	-7.2277594
gerakan	-7.2277594
khusus	-7.2277594
daun	-7.231988
baik	-7.231988
kedudukan	-7.231988
logi	-7.2362337
berjaya	-7.2362337
puchong	-7.2362337
pelabuhan	-7.2362337
matang	-7.2362337
tergolong	-7.2362337
seratus	-7.2362337
pemburu	-7.2362337
kotabaru	-7.2404985
benua	-7.2404985
hoki	-7.2404985
almaty	-7.2447815
kanan	-7.2447815
pejuang	-7.2490826
permukaan	-7.2490826
manakala	-7.2490826
soviet	-7.2534018
animasi	-7.2534018
banggai	-7.25774
namun	-7.25774
dilantik	-7.25774
mati	-7.2620974
morowali	-7.2620974
pemimpin	-7.2620974
ditemui	-7.2620974
kepala	-7.266474
putera	-7.266474
ipoh	-7.2708693
juta	-7.2708693
kucing	-7.2708693
menggantikan	-7.2708693
enjin	-7.275285
malam	-7.275285
arahan	-7.275285
pelajar	-7.275285
menyebabkan	-7.275285
perlembagaan	-7.275285
keupayaan	-7.275285
belakang	-7.2797194
berdekatan	-7.2797194
berpenduduk	-7.2797194
azerbaijan	-7.284174
maharaja	-7.2886477
mamalia	-7.2886477
aksara	-7.2931423
nanggroe	-7.2931423
parit	-7.297657
sifat	-7.297657
namanya	-7.297657
perkampungan	-7.297657
inggerisnya	-7.297657
greek	-7.3021917
poso	-7.3021917
jauh	-7.3021917
pertengahan	-7.3021917
diperkenalkan	-7.3021917
lembah	-7.3067484
selain	-7.3067484
penuh	-7.3067484
tapak	-7.3067484
berkuasa	-7.3067484
rotan	-7.311324
tradisi	-7.311324
laman	-7.3159227
balai	-7.3159227
jarak	-7.3159227
masakan	-7.3159227
mengambil	-7.3159227
setinggi	-7.3159227
komik	-7.3205414
lebar	-7.3205414
pengkalan	-7.3205414
perempuan	-7.3205414
keempat	-7.3205414
gua	-7.325182
pelajaran	-7.325182
menyediakan	-7.325182
pengguna	-7.325182
senjata	-7.325182
purba	-7.3298435
aktobe	-7.3298435
gereja	-7.3298435
mencapai	-7.3298435
siti	-7.334527
kenderaan	-7.334527
pengaturcaraan	-7.334527
tanda	-7.3392334
pengurusan	-7.3392334
tunggal	-7.348712
mempertahankan	-7.348712
sdn	-7.353485
tarian	-7.353485
tangan	-7.353485
kisah	-7.353485
hijau	-7.358281
moutong	-7.358281
serangan	-7.358281
kemerdekaan	-7.363101
buatan	-7.363101
konsonan	-7.363101
selat	-7.367944
berwarna	-7.367944
peranan	-7.367944
angkasa	-7.3777
pertahanan	-7.3777
perdagangan	-7.3777
institusi	-7.3777
muncul	-7.3777
sekumpulan	-7.3777
menerusi	-7.3777
seremban	-7.382614
tropika	-7.382614
dahulunya	-7.3875523
sokongan	-7.3875523
mulai	-7.392515
seberang	-7.392515
diambil	-7.392515
adun	-7.392515
selam	-7.397502
aliran	-7.397502
perlawanan	-7.397502
gaya	-7.4025145
titik	-7.4025145
pendek	-7.4025145
meninggal	-7.4025145
buat	-7.4075527
langat	-7.4075527
organisasi	-7.4075527
logam	-7.4075527
pemerintah	-7.4075527
berbanding	-7.4075527
bimbit	-7.4075527
malaya	-7.412616
tindakan	-7.412616
isyarat	-7.412616
amalan	-7.412616
ibukota	-7.4177046
falsafah	-7.4177046
digelar	-7.4177046
sementara	-7.4177046
rm16	-7.4177046
masing	-7.42282
pertanian	-7.4279613
memberi	-7.4279613
umumnya	-7.4279613
dianjurkan	-7.4279613
solat	-7.4279613
tarikh	-7.4331293
ridzuan	-7.4331293
maluku	-7.438324
bhd	-7.438324
kebudayaan	-7.438324
seramai	-7.438324
lombardy	-7.4435463
lembaga	-7.4435463
lokasi	-7.4435463
sayap	-7.4435463
rakaman	-7.4435463
menyerupai	-7.4487953
sentiasa	-7.4487953
jawi	-7.454073
aksi	-7.4593773
contoh	-7.4593773
keretapi	-7.4593773
kelawar	-7.4593773
berkhidmat	-7.464711
pengasas	-7.464711
paser	-7.475464
ruang	-7.475464
melakukan	-7.475464
dijumpai	-7.475464
rm17	-7.475464
aman	-7.4808836
darjah	-7.4808836
dibentuk	-7.4808836
masalah	-7.4808836
nunukan	-7.4808836
khususnya	-7.4808836
eksekutif	-7.4808836
serupa	-7.4808836
bererti	-7.4808836
keturunan	-7.486334
pekerja	-7.486334
perubahan	-7.486334
berat	-7.4918127
baro	-7.4918127
berita	-7.4918127
dipercayai	-7.4918127
kuning	-7.497323
kubang	-7.497323
petaling	-7.497323
hikayat	-7.497323
sekali	-7.497323
dikatakan	-7.497323
berlainan	-7.497323
pengangkutan	-7.502863
malinau	-7.502863
kewangan	-7.502863
sebilangan	-7.502863
profesional	-7.5084343
razak	-7.5084343
muzium	-7.5084343
kalangan	-7.5084343
memberikan	-7.5084343
sebenarnya	-7.5084343
judul	-7.514036
pergerakan	-7.514036
hukum	-7.5196695
tuhan	-7.5196695
bertujuan	-7.5196695
fizikal	-7.5253353
kejuruteraan	-7.5253353
mrt	-7.5310335
murung	-7.5310335
bergerak	-7.5310335
jadual	-7.5310335
kotawaringin	-7.536764
syeikh	-7.536764
makhluk	-7.536764
nyanyian	-7.536764
syed	-7.542528
kegunaan	-7.542528
diperbuat	-7.542528
jika	-7.5483255
ibrani	-7.5483255
buluh	-7.5483255
agensi	-7.5483255
teks	-7.5600214
bagan	-7.5600214
boyacá	-7.5600214
switzerland	-7.5600214
pasaran	-7.5600214
timbalan	-7.5600214
termasuklah	-7.5600214
pengerusi	-7.5600214
pula	-7.565921
sederhana	-7.565921
tahunan	-7.565921
rm14	-7.565921
besi	-7.5718555
bulu	-7.5718555
serangga	-7.5718555
dimiliki	-7.5718555
tertua	-7.5718555
bermain	-7.5718555
memerlukan	-7.5718555
jeneral	-7.5778255
surau	-7.5778255
pakar	-7.5778255
selalunya	-7.5778255
