gi	-3.1538696
kin	-3.2874007
éí	-0.17706513
dóó	-1.9473999
bikéyah	-2.0038252
ndaʼałkaahí	-2.0777302
áádóó	-2.195158
bikáaʼgi	-2.3030066
kéyah	-2.3541126
dah	-2.4239082
dayózhí	-2.5208263
deiłníigo	-2.525261
wolyé	-2.5990272
hólǫ	-2.6134849
siʼánígíí	-2.6183515
díí	-2.7823057
bikéyahdi	-2.8114624
hahoodzo	-2.8354158
átʼé	-2.847611
bikáaʼdi	-2.8661876
naabeehó	-2.878766
ooʼhoolyé	-2.9044085
sikaad	-2.9174805
bił	-2.9855342
naakaii	-2.9855342
tʼéiyá	-3.0360866
náhookǫsjí	-3.0585594
yootó	-3.0971742
hazʼą	-3.1130476
biyiʼdi	-3.1210794
dineʼé	-3.1291766
ahoolyé	-3.13734
siʼą	-3.13734
bikʼehgo	-3.1455708
ałʼąą	-3.2051625
atah	-3.231831
shádiʼááhjí	-3.2500134
hahoodzodi	-3.2592301
chʼil	-3.2685323
tʼáá	-3.306632
ałdóʼ	-3.306632
