i	-5.300557
the	-6.0316744
of	-6.462219
e	-1.2966986
o	-3.6964989
a	-2.876718
ara	-6.9114866
and	-7.2554493
de	-0.26937938
se	-4.102264
n	-5.2960963
in	-7.194206
c	-7.2142067
nobel	-7.0218344
lo	-1.5844803
le	-4.832045
ii	-6.491206
na	-7.5188675
ne	-6.832593
s	-4.8700724
y	-7.32069
m	-5.7023034
b	-7.164935
p	-7.184354
mas	-6.2072077
al	-4.3311567
sa	-4.7846775
rus	-6.108883
d	-1.846627
l	-2.4841409
v	-7.2984667
li	-7.1271954
z	-7.414877
j	-7.5326605
sud	-5.0903134
en	-2.2451653
san	-5.9892435
element	-7.1088457
km	-7.164935
son	-3.9611735
fa	-6.2524986
un	-1.8919361
on	-7.2767267
el	-5.957124
roma	-7.244978
rock	-6.874852
metal	-7.0218344
la	-0.88482785
roman	-6.2838736
john	-6.772374
york	-6.594391
an	-5.890433
internet	-6.0599337
var	-5.608817
grand	-6.118967
robert	-7.1364975
james	-7.390486
jean	-6.354006
william	-7.0997963
do	-7.390486
charles	-7.2243586
david	-7.4918385
paul	-7.0731277
saint	-4.3171234
los	-4.051848
vila	-4.59115
iii	-6.889345
et	-5.37478
latin	-6.1360035
santa	-5.3035426
del	-2.9109607
club	-6.874852
joseph	-7.309517
ben	-7.478593
louis	-7.5052614
martin	-6.48145
maria	-7.038642
der	-7.5326605
pierre	-6.839513
iv	-7.32069
general	-7.0819387
du	-6.3712473
madrid	-6.214615
american	-4.9827814
granada	-6.5675793
des	-6.056754
fin	-6.275937
bas	-7.0997963
com	-6.5675793
marie	-7.3319893
sur	-4.661767
real	-6.812114
art	-6.9114866
au	-5.005821
una	-1.6930287
mei	-6.332863
asia	-7.0557365
china	-6.5728846
es	-1.1982465
far	-7.3319893
lac	-7.2243586
mot	-6.7467318
tre	-7.194206
album	-7.390486
lista	-6.199855
per	-3.0888658
professor	-7.164935
centrala	-7.117979
leon	-3.9832826
division	-6.874852
president	-5.759593
las	-3.5776844
administrativa	-6.904052
umeå	-7.4918385
juan	-7.4398785
region	-2.088801
dels	-3.5649924
argentina	-7.064394
georges	-7.3785095
barcelona	-5.6047688
denis	-7.1271954
chile	-7.309517
americana	-5.856083
val	-5.7293935
long	-7.164935
television	-7.117979
sierra	-7.32069
union	-6.6108294
dos	-6.105544
les	-5.602751
cruz	-7.2554493
mont	-6.9651394
maritima	-4.677628
ho	-5.992215
er	-7.5188675
plan	-6.772374
america	-6.010234
centre	-4.1984735
toledo	-6.4248314
tennis	-7.5326605
aires	-7.3785095
bois	-6.679428
buenos	-7.402607
pont	-7.164935
nacional	-7.3319893
ville	-7.414877
sant	-5.58675
format	-6.8534994
ven	-7.1271954
sent	-6.7530804
frederic	-6.644541
maine	-5.8509016
germain	-7.402607
camp	-7.309517
genre	-5.917682
seine	-7.244978
indian	-7.5326605
aux	-7.1271954
qu	-3.9042535
basa	-6.9572964
canton	-7.32069
ai	-7.2554493
pas	-4.856598
autor	-6.60532
mes	-7.184354
calais	-5.5103774
azur	-6.7530804
italian	-5.8691554
soria	-6.531212
persona	-7.1271954
oise	-5.0158606
sainte	-6.691333
forma	-6.349741
marca	-7.0053053
riba	-7.402607
normandia	-4.655493
eure	-5.8253903
aisne	-6.320389
somme	-5.0879006
loir	-5.271187
meurthe	-5.412397
indre	-5.5593514
lès	-5.7690716
orne	-5.5289307
yonne	-5.6544685
sarthe	-5.8079114
loiret	-6.007208
nièvre	-6.0599337
yvelines	-6.2719927
mayenne	-6.1533346
sous	-6.379981
essonne	-6.457468
chapelle	-7.155366
villers	-7.3549795
energia	-7.5188675
que	-3.2050385
comuna	-2.0290804
francesa	-2.1426377
província	-2.77919
entre	-4.7661667
sul	-4.8008213
brasil	-7.1745977
ua	-5.1036873
era	-6.4480343
alemanha	-6.5160217
espanha	-5.2412486
italiana	-6.6275425
abril	-5.731684
país	-4.545296
planta	-7.5326605
situada	-2.2108707
partir	-6.3932257
frança	-4.3738885
rei	-6.358288
militar	-6.997142
cada	-7.2660313
compositor	-6.697339
linha	-6.80538
vida	-6.926524
mar	-6.0663233
londres	-7.0997963
contra	-7.343418
superior	-7.4398785
significa	-7.1364975
cultura	-7.0557365
jornalista	-6.7659016
lei	-5.067626
plantas	-7.5052614
mitologia	-7.4272995
picardia	-4.3691797
borgonha	-4.172092
lorena	-4.054416
ardenas	-6.889345
deus	-6.041005
romana	-7.204156
índia	-7.0218344
poder	-7.0135355
mancha	-4.9116216
catarina	-5.8931246
batalha	-6.3121586
champanha	-4.424716
xix	-7.0557365
planeta	-7.2660313
dinastia	-6.3121586
site	-4.9015713
situa	-7.184354
fins	-6.0132685
xx	-6.8534994
literatura	-6.812114
designar	-5.9715962
provença	-5.992215
amor	-7.478593
causa	-7.2660313
designa	-6.4863167
guadalajara	-6.115594
estimada	-6.316265
seria	-7.414877
famosa	-7.5052614
socialista	-7.478593
deu	-5.097586
montanha	-7.309517
actual	-7.4272995
leis	-6.118967
burgos	-5.8770814
comarca	-6.59984
salamanca	-5.8824005
coma	-4.5390134
pau	-7.3549795
comunas	-6.6163692
navarra	-6.007208
ávila	-6.26025
partida	-6.089015
actor	-5.4619374
franca	-4.671253
zamora	-6.2798977
armada	-6.5782175
sevilha	-7.030203
ciudad	-7.0997963
aquela	-6.6560345
vilas	-7.402607
girona	-6.354006
badajoz	-6.679428
marna	-4.4087057
premiera	-7.4272995
departament	-2.1238704
non	-6.4480343
alfabet	-7.204156
dei	-5.176008
sas	-6.72173
ocean	-7.038642
ac	-6.685363
mai	-4.0153275
ei	-4.605921
mens	-7.2875376
dens	-5.788303
sola	-7.414877
peninsula	-7.2875376
mission	-7.0135355
belgica	-7.194206
brabant	-7.1458874
tot	-6.9341288
als	-6.3412666
punt	-7.414877
politica	-6.6560345
jos	-6.8966713
joan	-6.402155
extremadura	-5.8279123
cuenca	-6.303995
rioja	-6.5623026
tarragona	-6.5570526
grands	-7.414877
mond	-6.457468
segovia	-6.4669924
lor	-6.734153
comte	-7.064394
ensemble	-7.1458874
cáceres	-6.358288
sei	-7.1745977
unit	-7.2142067
part	-6.3080683
aragon	-5.1222177
dab	-6.679428
nom	-4.0265193
novembre	-5.623118
musica	-6.102216
antica	-6.9495144
russia	-6.997142
bassa	-5.467205
africa	-6.6502714
fisica	-7.2875376
qui	-5.7907333
sovietica	-7.1745977
luna	-7.2984667
classica	-7.4918385
dire	-6.839513
gironda	-7.3319893
arabi	-6.8464823
parís	-5.7834606
granda	-6.3412666
importanta	-7.155366
tipe	-7.0218344
jaén	-7.194206
ourense	-7.2554493
sus	-5.114764
une	-7.478593
après	-6.4340477
ont	-6.6502714
octobre	-5.7956114
monde	-7.2554493
membre	-6.715576
autres	-6.7094603
ans	-6.1223507
durant	-6.007208
quatre	-6.8534994
nombre	-6.874852
temps	-6.5160217
ministre	-6.59984
autre	-7.3666754
membres	-7.4398785
expression	-7.465521
libre	-7.1364975
peu	-7.2767267
sens	-6.3843765
exemple	-7.343418
important	-6.6560345
dieu	-7.4918385
cap	-5.434302
combat	-7.3319893
quand	-6.926524
importants	-7.184354
catalan	-6.1223507
léger	-4.0795913
occitan	-5.176008
biais	-7.244978
char	-5.472501
volcan	-7.4526176
picard	-5.486761
garona	-7.2142067
tolosa	-5.992215
francés	-4.112205
tres	-6.3080683
creada	-6.5518312
personas	-6.9189777
japonés	-6.9572964
forman	-7.3319893
catalana	-5.038537
aquel	-6.6163692
almería	-7.1364975
albacete	-7.3319893
huelva	-7.414877
lingüista	-7.2142067
finlandés	-7.2984667
occitana	-5.7339807
origina	-6.3080683
populara	-7.0557365
flandra	-6.926524
politician	-6.2333775
movement	-6.6275425
musician	-6.9730444
scientific	-7.478593
regions	-6.9810123
units	-5.8717904
elements	-7.2984667
animals	-7.309517
enter	-7.3319893
generic	-5.856083
valencian	-5.4360065
fach	-7.3785095
dich	-7.3319893
saragossa	-6.129154
egipte	-6.874852
dins	-1.859719
pus	-5.815365
ò	-6.7033806
sos	-6.8188934
situat	-5.512217
republica	-5.89853
politic	-5.8691554
capitala	-5.458441
britanic	-7.090828
creat	-6.58358
aur	-5.1668396
fondat	-7.0997963
considerat	-6.80538
utilizat	-7.0135355
mexic	-7.0471525
matematician	-7.4272995
uman	-7.4918385
principala	-6.989045
abitants	-5.648119
comunautat	-2.910551
municipi	-2.920156
autonòma	-2.9585223
espanhòla	-3.0594354
foguèt	-3.6798568
castelha	-3.718618
dau	-3.7287793
nauta	-4.2487254
ardena	-4.424716
pòt	-4.4353247
nòrd	-4.444146
illa	-4.5190334
comtat	-4.5509143
èra	-4.600726
sèina	-4.602949
mosèla	-4.6224256
domeni	-4.6338367
estat	-4.638438
amb	-4.6594095
païses	-4.762679
dempuèi	-4.7652936
sòna	-4.782012
catalonha	-4.8255367
administrada	-4.8508782
tanben	-4.878832
anglés	-4.91567
iana	-4.9602604
còsta	-4.9623833
servici	-5.0214815
generalitat	-5.0351024
conegut	-5.0759244
charanta	-5.0915217
essèr	-5.0988035
peitau	-5.1449175
charantas	-5.1538863
andalosia	-5.2398453
familha	-5.311044
sègle	-5.3170867
març	-5.3431816
lenga	-5.3860793
bèlga	-5.400798
nascut	-5.4024463
dobs	-5.4157357
junh	-5.453219
escrivan	-5.465446
grop	-5.467205
estats	-5.4849677
decembre	-5.5067077
genericenregistrament	-5.5140605
cinèma	-5.5535765
genièr	-5.5535765
vòges	-5.5632195
mòsa	-5.5887365
populacion	-5.6672893
setembre	-5.686834
guèrra	-5.686834
èst	-5.6912293
febrièr	-5.6956444
grèc	-5.7090077
auba	-5.731684
agost	-5.7907333
ancian	-5.8279123
èsser	-5.858684
lengas	-5.8691554
oèst	-5.8770814
illas	-5.885071
mòrt	-5.8931246
fòrça	-5.8931246
alemand	-5.9232225
primièr	-5.962888
segon	-5.974516
vèrs	-5.974516
galícia	-5.980381
brasilièr	-5.980381
pel	-6.0224295
comèdias	-6.0285826
debanèt	-6.0285826
eth	-6.0378857
occitània	-6.0504246
basc	-6.0504246
òme	-6.0824785
deis	-6.089015
nòva	-6.102216
depausat	-6.102216
julhet	-6.108883
ciutat	-6.115594
aquesta	-6.1394453
territòri	-6.1533346
itàlia	-6.1568375
aqueste	-6.1853094
forala	-6.1925554
entrepresa	-6.1961985
empèri	-6.2035246
valéncia	-6.210904
cançon	-6.21834
coneguda	-6.2333775
sistèma	-6.240982
uniprovínciala	-6.248645
periòde	-6.2641487
teròl	-6.2798977
venguèt	-6.2838736
partit	-6.291874
govèrn	-6.291874
enregistrament	-6.299938
euròpa	-6.299938
actritz	-6.3080683
segonda	-6.3121586
chinés	-6.316265
espècias	-6.320389
doas	-6.332863
tròba	-6.354006
tèrme	-6.358288
valhadolid	-6.362589
aups	-6.379981
anciana	-6.379981
lemosin	-6.388791
cantaire	-6.415699
classificacion	-6.4340477
pendent	-6.4527407
pels	-6.4669924
julh	-6.4766073
lhèida	-6.48145
sovent	-6.491206
ensems	-6.4961205
prèmi	-6.5060215
sonme	-6.5060215
òsca	-6.5160217
parçan	-6.526123
nascuda	-6.5466366
istòria	-6.5466366
màger	-6.5466366
espanhòl	-6.5466366
paléncia	-6.5466366
alemanda	-6.5570526
rèi	-6.5623026
òrdre	-6.5623026
riu	-6.5675793
gràcias	-6.5675793
cantaira	-6.5782175
annadas	-6.58358
espècia	-6.58897
universitat	-6.594391
tèrra	-6.59984
poèta	-6.60532
compren	-6.6163692
anglatèrra	-6.6388426
reiaume	-6.644541
çò	-6.661832
òbra	-6.661832
acorcha	-6.685363
actualament	-6.691333
oficialament	-6.697339
famós	-6.7094603
còps	-6.7279224
generalament	-6.7279224
societat	-6.734153
organizacion	-6.7467318
deth	-6.7530804
lengadòc	-6.759471
aperaquí	-6.7659016
dera	-6.772374
subretot	-6.772374
abans	-6.7788887
aiga	-6.785446
fotbòl	-6.785446
còde	-6.80538
zégierman	-6.82572
provençala	-6.832593
aprèp	-6.832593
occidentala	-6.8464823
faguèt	-6.8464823
castelló	-6.8534994
uèi	-6.8534994
primièra	-6.860566
pirenèus	-6.8676844
alacant	-6.874852
mondiala	-6.874852
occitàniasegon	-6.874852
vauclusa	-6.8820724
siá	-6.8820724
corrent	-6.8966713
ròtle	-6.8966713
biscaia	-6.904052
balearas	-6.904052
entorn	-6.9114866
escòla	-6.9114866
simbòl	-6.9114866
glèisa	-6.9341288
califòrnia	-6.9417925
soa	-6.9417925
edat	-6.9495144
nomenat	-6.9572964
drech	-6.9572964
districte	-6.9651394
vilatge	-6.9651394
avc	-6.9651394
orientala	-6.997142
ucraïnian	-6.997142
milions	-7.0053053
estudi	-7.0053053
recebèt	-7.0053053
punycode	-7.0135355
començament	-7.0218344
reinèt	-7.030203
babilònia	-7.038642
europèa	-7.038642
èran	-7.038642
marselha	-7.0471525
puèi	-7.0557365
dempuei	-7.0557365
pòble	-7.064394
opausèt	-7.064394
internacionala	-7.0731277
fondada	-7.0731277
jòcs	-7.0731277
reialme	-7.090828
meteis	-7.0997963
encara	-7.1088457
anglesa	-7.1088457
aquitània	-7.1088457
formacion	-7.1088457
arrondiment	-7.117979
superfícia	-7.1271954
associacion	-7.1271954
sciéncia	-7.1271954
títol	-7.1364975
gasconha	-7.1364975
totes	-7.1458874
ròse	-7.1458874
belfòrt	-7.1458874
mejana	-7.1458874
malaga	-7.155366
canàrias	-7.164935
filosòf	-7.164935
pèire	-7.1745977
soïssa	-7.1745977
grèga	-7.1745977
unitat	-7.184354
comptava	-7.184354
segond	-7.184354
coronha	-7.184354
octòbre	-7.194206
filh	-7.204156
estil	-7.2142067
guipuscoa	-7.2142067
quimic	-7.2142067
cantàbria	-7.2243586
jol	-7.2243586
independéncia	-7.2243586
fòrças	-7.2243586
quartièr	-7.2243586
mamifèrs	-7.2346153
foguèron	-7.2346153
istorica	-7.244978
succediguèt	-7.244978
lièja	-7.244978
finlàndia	-7.2554493
aost	-7.2554493
conselh	-7.2660313
luòc	-7.2660313
actiu	-7.2767267
espanhòlade	-7.2767267
còrs	-7.2875376
escrivana	-7.2875376
qualques	-7.2984667
mejan	-7.2984667
nasquèt	-7.2984667
polonha	-7.2984667
vinhana	-7.309517
tòca	-7.309517
còp	-7.309517
superficia	-7.32069
astúrias	-7.32069
escrich	-7.32069
genier	-7.32069
òmes	-7.32069
epòca	-7.32069
còrdoa	-7.32069
desvolopament	-7.3319893
peisses	-7.3319893
compausat	-7.3319893
òbras	-7.343418
foncion	-7.343418
ostal	-7.3549795
calendièr	-7.3549795
originari	-7.3666754
cinc	-7.3666754
istorian	-7.3666754
internacionalament	-7.3666754
montpelhièr	-7.3785095
teatre	-7.3785095
occitanas	-7.3785095
aviá	-7.3785095
parlada	-7.390486
generau	-7.390486
polonés	-7.390486
carrièra	-7.402607
femna	-7.402607
amassa	-7.402607
primièrs	-7.402607
lingüistica	-7.414877
sonat	-7.414877
castelhan	-7.414877
importantas	-7.414877
bearn	-7.4272995
tractat	-7.4272995
elegit	-7.4272995
autras	-7.4272995
consistís	-7.4272995
espaciala	-7.4272995
plaça	-7.4398785
estacion	-7.4398785
ambé	-7.4398785
fotbolaire	-7.4398785
sautaire	-7.4398785
abriu	-7.4526176
annada	-7.4526176
espaci	-7.4526176
espanhòu	-7.4526176
fisician	-7.4526176
massís	-7.465521
personatge	-7.465521
carri	-7.465521
nacionala	-7.465521
auvèrnhe	-7.465521
flamenc	-7.478593
esquís	-7.478593
objectiu	-7.478593
jorn	-7.478593
longor	-7.4918385
trabalh	-7.4918385
màgers	-7.4918385
mediterranèa	-7.4918385
ebrieu	-7.4918385
anvèrs	-7.4918385
martinica	-7.5052614
daus	-7.5052614
prèp	-7.5052614
còntra	-7.5052614
loís	-7.5188675
guadalope	-7.5188675
principau	-7.5188675
acabèt	-7.5188675
suedés	-7.5188675
siguèt	-7.5188675
