of	-4.0046334
e	-4.028164
a	-3.7585
kan	-1.472414
u	-2.1028728
kuni	-3.9816437
ta	-1.8469396
kun	-3.6226988
bara	-3.6882958
fi	-1.6152306
gara	-4.028164
ee	-3.7404819
hin	-4.028164
godina	-3.1408606
yoo	-1.9975123
biyya	-2.4625287
keessa	-2.4928336
keessatti	-2.5293913
tokko	-2.5953493
keessaa	-2.8029885
oromoo	-2.8313594
dha	-2.8679934
naannoo	-2.953649
jirtu	-3.0384455
oromiyaa	-3.277197
karaa	-3.2999253
itoophiyaa	-3.323182
argama	-3.3350167
akka	-3.3591142
argamtu	-3.3838067
abbaa	-3.4351
afrikaa	-3.4483452
aanaa	-3.5317268
magaalaa	-3.5463257
immo	-3.638699
yeroo	-3.6714888
kessa	-3.7404819
argamu	-3.7404819
afaan	-3.7585
kessatti	-3.7768493
bahaatti	-3.7768493
kibba	-3.8145895
yuurooppi	-3.8340077
eshiyaa	-3.874013
dhihaa	-3.8946323
maqaa	-3.8946323
kunis	-3.9156857
irra	-3.937192
bahaa	-3.9816437
irratti	-3.9816437
jedhamu	-3.9816437
odolaarraa	-4.0046334
hundoofte	-4.0046334
danda	-4.028164
shawaa	-4.028164
walitti	-4.028164
