i	-3.8641038
the	-5.153042
of	-5.852498
a	-3.5925827
kan	-5.4683557
de	-2.8921962
in	-5.917881
u	-5.1785207
q	-3.6665893
y	-4.692517
p	-3.205336
t	-4.0972624
k	-3.285603
ch	-3.3760662
en	-5.904458
san	-4.1420126
km	-5.9314866
el	-5.159351
roma	-5.7110863
ana	-5.8031054
la	-4.3813043
yana	-5.8399196
ay	-5.616776
los	-4.85597
latin	-4.34421
santa	-4.8058457
del	-4.7166142
suyu	-4.225494
familia	-5.587217
cerro	-5.521466
josé	-5.309291
río	-4.938742
las	-5.616776
juan	-5.865237
am	-5.1220794
laguna	-5.369916
lima	-4.3057437
nina	-5.324106
genus	-5.017939
www	-6.0024385
nacional	-5.6893463
ima	-4.6612644
uma	-3.722159
departamento	-5.5679855
distrito	-5.2315135
brasil	-5.852498
wat	-4.7926
chili	-5.1915083
mana	-4.511519
wan	-4.4228535
pp	-5.7560377
rit	-4.4412026
inti	-5.2874722
aymara	-5.211311
kay	-4.846668
mama	-2.0568666
italya	-4.898936
nisqaqa	-1.5501451
huk	-1.6476166
llaqtapi	-2.0053177
simipi	-2.1245198
karqan	-2.1476083
kastilla	-2.389535
qallarisqa	-2.4172869
wataqa	-2.4555292
suyupi	-2.5108447
hulyanu	-2.5171342
icha	-2.5325747
kalindaryukama	-2.5713015
watam	-2.576548
ñiqin	-2.7038817
chhasku	-2.7044253
pruwinsyapi	-2.84169
killapi	-2.8441873
paqarisqa	-2.99501
watapi	-3.0155687
sutiyuq	-3.2080307
distritupi	-3.3654842
runaqa	-3.3750029
llaqtam	-3.3921523
hatun	-3.4129066
piruw	-3.414011
wañusqa	-3.467342
urqum	-3.5175319
rikch	-3.6823602
simi	-3.7042747
nisqa	-3.776226
piruwpi	-3.793841
quchamanta	-3.808487
antikunapi	-3.8134174
wakllanwatam	-3.8150659
pikchunqa	-3.8183718
qhapaq	-3.9758391
kalindaryuyuq	-3.9875355
wallapi	-4.0316305
kñ	-4.04816
griguryanu	-4.0523353
nisqakunaqa	-4.0628505
sach	-4.108264
kaq	-4.130636
buliwya	-4.139727
puquy	-4.1420126
raymi	-4.179313
llaqta	-4.2057886
kawsaq	-4.210679
kristup	-4.2230096
llaqtayuq	-4.2279844
ñawpan	-4.2279844
awya	-4.273911
llaqtanqa	-4.2765255
qillqaypi	-4.29502
unchawqa	-4.3138633
buliwyapi	-4.3220487
wiñaq	-4.352649
intichawwan	-4.358315
atipachawwan	-4.358315
askachawwan	-4.36116
quyllurchawwan	-4.36116
aq	-4.366874
uychichawwan	-4.366874
illapachawwan	-4.366874
killachawwan	-4.3697433
yuram	-4.3784018
llaqtap	-4.3989
kalindaryukamataq	-4.4048347
qhulla	-4.410805
runa	-4.4473944
munisipyupi	-4.4567547
yalapi	-4.472553
qhichwa	-4.501634
puchukarqan	-4.514836
ichataq	-4.5315866
mayu	-4.5417733
qucham	-4.5451922
inlish	-4.552065
hampi	-4.552065
pulitiku	-4.576499
manaraq	-4.5835915
ancha	-4.594325
qucha	-4.594325
iskay	-4.5979285
qallarirqan	-4.5979285
romanu	-4.6198273
aswan	-4.649792
hukllachasqa	-4.649792
runakunap	-4.676769
llaqtaqa	-4.696493
chunkantin	-4.696493
runap	-4.7330084
watakuna	-4.7330084
watakunaqa	-4.7330084
qusqu	-4.7538857
uru	-4.7623606
urin	-4.766625
llamk	-4.7709074
yura	-4.8103
mayum	-4.8237834
kantunpi	-4.8237834
yachay	-4.851308
simimanta	-4.85597
runam	-4.85597
musuq	-4.86536
suyum	-4.90874
chunka	-4.923629
rurasqa	-4.923629
grigu	-4.9286413
ikwadur	-4.9489465
kachkan	-4.9592557
piruwanu	-4.9749217
siq	-4.996199
urqu	-5.0070105
chay	-5.0289893
amirika	-5.0457964
warmiqa	-5.0628905
hayt	-5.086148
piluta	-5.092047
pacha	-5.097982
chakra	-5.097982
achka	-5.097982
uralan	-5.1220794
anqash	-5.128196
hina	-5.13435
aqmi	-5.13435
distritu	-5.1467724
chuqiyapu	-5.159351
markapi	-5.159351
pruwinsyapipas	-5.159351
rimayninmi	-5.1657
yurakunap	-5.17209
kuyu	-5.1849933
kapuq	-5.1849933
chawpi	-5.2179995
ayllu	-5.224734
suyupipas	-5.224734
utuqsi	-5.245212
kichwapi	-5.245212
kunti	-5.2591014
distritum	-5.266119
krus	-5.2803035
tukuy	-5.2946925
rimaq	-5.301965
lipis	-5.309291
anta	-5.3166714
punu	-5.3166714
nevado	-5.346749
chinchay	-5.377759
rimaymi	-5.385664
ñiqpi	-5.3936324
yuraq	-5.4016643
pusaq	-5.4016643
kimsa	-5.4344544
tarpuy	-5.4344544
llaqtapiqa	-5.4344544
hunin	-5.4512615
kitipi	-5.4512615
walltay	-5.459772
ayllunmi	-5.4945583
ñawpa	-5.503447
situwa	-5.512416
mamallaqta	-5.521466
kantaray	-5.521466
distritupipas	-5.521466
chá	-5.530598
kashamarka	-5.530598
qillqasqan	-5.530598
kawsay	-5.539815
yaku	-5.539815
tiyaq	-5.539815
ayamarq	-5.539815
isqa	-5.549117
allpa	-5.549117
lliw	-5.558507
llaqtanmi	-5.5679855
qarqan	-5.577555
mikhuq	-5.577555
suni	-5.5969734
wankawillka	-5.6068254
kichwa	-5.616776
yapuy	-5.616776
aranway	-5.6268263
liwrum	-5.6369786
pawqar	-5.668069
aymuray	-5.668069
ahinataq	-5.668069
dyuspa	-5.6786513
sutiyuqqa	-5.6893463
pruwinsya	-5.6893463
pilikulam	-5.6893463
suyup	-5.7001576
watamanta	-5.7221365
kurku	-5.7221365
awqaq	-5.7221365
allin	-5.7333097
anam	-5.7333097
amarumayu	-5.7446094
pusaqninqa	-5.7560377
suyuqa	-5.7675986
amachasqam	-5.7675986
yachaqsi	-5.791129
ayakuchu	-5.791129
simita	-5.791129
ariqipa	-5.8031054
luritu	-5.8031054
waray	-5.8031054
hap	-5.8031054
ayriway	-5.8031054
arhintina	-5.8031054
quchapampa	-5.8152266
iwrupapi	-5.827497
simin	-5.827497
nisqapas	-5.827497
buliwyap	-5.827497
kuyuchisqa	-5.827497
piwra	-5.8399196
ransiya	-5.8399196
taripay	-5.8399196
lliwmanta	-5.852498
tayta	-5.852498
niyta	-5.852498
kathuliku	-5.852498
asyapi	-5.865237
sinru	-5.865237
aycha	-5.8781404
sanampam	-5.8781404
qillqap	-5.8781404
qhaway	-5.8781404
nihun	-5.8912125
puka	-5.8912125
killa	-5.8912125
yawar	-5.8912125
aphrikapi	-5.8912125
antanka	-5.904458
pampa	-5.917881
inka	-5.917881
chincha	-5.917881
parki	-5.917881
qillqa	-5.917881
quchapi	-5.9314866
hunuchá	-5.9314866
illaymi	-5.94528
rimanakuyninpi	-5.94528
suyukunapi	-5.959266
pukllaqmi	-5.959266
walla	-5.9734507
qillqaqmi	-5.9734507
wallanpi	-5.9734507
wasi	-5.9878397
rimasqa	-5.9878397
sallqa	-6.0024385
qillqaq	-6.0024385
