i	-2.2382197
of	-4.2554193
ni	-1.321012
wa	-1.4657359
de	-4.2215176
amerika	-3.5451775
n	-1.7159915
na	-3.266006
u	-4.0817556
ka	-3.909143
y	-2.3219008
ko	-4.3840365
al	-4.172727
ya	-3.0635886
z	-4.011797
ankara	-4.1414747
camii	-3.9851289
iso	-4.29051
w	-2.6087518
kilatini	-2.7137432
ku	-3.873211
leta	-3.8615146
mu	-0.64776826
istanbul	-4.272811
rwanda	-3.885045
masjid	-4.5316725
rw	-4.5316725
ry	-2.5988345
ari	-4.5316725
afurika	-3.8385253
izina	-0.9743781
umusigiti	-1.6300011
muri	-1.7173531
cyangwa	-2.3471546
igihugu	-2.6494355
umujyi	-2.6846504
ubumenyi	-2.7475176
mukuru	-2.8228006
cyongereza	-2.9086905
turukiya	-2.9267902
umurwa	-2.9545698
intara	-3.012557
giturukiya	-3.3186498
bw	-3.360035
cyarabu	-3.3671021
akarere	-3.5200715
ikimera	-3.562272
gifaransa	-3.597363
igiti	-3.652423
abaturage	-3.671471
perezida	-3.6908894
ubwoko	-3.8050027
witwa	-3.8385253
cya	-3.8970213
gituruki	-3.9591532
rwa	-3.9720569
ubumwe	-3.9720569
ururimi	-3.9851289
zunze	-4.0673666
aziya	-4.172727
igitabo	-4.272811
itegekongenga	-4.326878
cyo	-4.487221
repubulika	-4.5091996
