i	-5.2148724
the	-5.274296
of	-5.85193
e	-1.7268505
o	-3.052434
a	-2.03762
bi	-5.3819265
si	-3.538495
de	-0.3736422
is	-3.4103737
in	-1.1478198
c	-6.1957016
s	-1.6611738
da	-5.9472404
b	-5.5965834
sa	-1.3067029
d	-5.0801396
l	-5.3594537
ma	-4.968914
li	-6.1703835
sud	-4.7472754
san	-5.85193
km	-5.70038
me	-5.9880624
un	-3.218081
nde	-6.0306215
roma	-5.1143312
rock	-5.7483892
new	-5.464814
su	-1.1542635
la	-4.9176207
york	-5.8339114
los	-6.1215935
ada	-5.284552
windows	-6.0750732
at	-4.1226907
city	-6.145691
santa	-5.7161283
comics	-5.9080195
di	-5.055242
no	-5.305386
maria	-6.1215935
posta	-5.393355
die	-5.9880624
lu	-5.6397552
dc	-6.1703835
una	-2.2239594
familia	-4.8825293
italia	-5.4166117
album	-5.7161283
europa	-5.022981
ca	-5.464814
sun	-5.23429
nord	-4.8964186
chi	-2.2924347
jazz	-6.1957016
pius	-4.536253
sant	-6.052601
pro	-3.4135432
sea	-5.3159685
orientale	-5.6545706
prima	-5.337475
est	-1.3183534
po	-4.9614234
sistema	-5.6696086
meria	-6.145691
provincia	-5.8162117
comuna	-5.8162117
sua	-4.991729
banda	-6.0980635
unidos	-4.2316422
parte	-4.541143
italiana	-4.9392824
comunidade	-5.305386
este	-5.489815
segunda	-4.9539886
universidade	-5.541775
duas	-5.9472404
fundada	-6.0750732
antiga	-6.145691
terra	-5.7321286
metros	-5.568804
romanos	-4.34181
mare	-4.809407
chin	-5.3594537
maju	-5.967443
prus	-3.6015954
non	-4.903436
liguria	-5.9880624
ue	-5.015076
sas	-3.3283854
fit	-4.189382
regione	-4.474768
fiat	-4.9176207
dae	-2.9435396
che	-5.177132
comune	-5.2641435
tra	-5.70038
suo	-5.9880624
contea	-5.23429
cantante	-5.404916
poi	-5.8889713
cantone	-5.967443
meridionale	-5.9080195
ovest	-6.0980635
giappone	-6.0980635
capitale	-4.11626
unione	-6.0750732
attore	-5.3266635
minore	-6.0306215
ligure	-5.8702793
manna	-4.612239
grupu	-5.370627
mundu	-5.404916
santu	-4.8553166
tres	-5.7321286
unos	-3.9731593
manera	-5.6696086
unu	-2.1735601
esti	-5.85193
estu	-6.0750732
duos	-5.9880624
ind	-6.1703835
sos	-2.679955
istadu	-3.3139133
provìntzia	-3.457346
cun	-3.4640017
annu	-3.4791408
bividores	-3.7323937
tzitade	-3.7544699
bidda	-3.811891
limba	-3.8431058
italianu	-3.9843326
istados	-3.9899664
abitantes	-4.036217
agatat	-4.054128
comente	-4.087822
calendàriu	-4.246135
gregorianu	-4.2608414
comunu	-4.275767
incomintzadu	-4.3458343
segundu	-4.4611006
sardigna	-4.465636
nùmeros	-4.465636
sardu	-4.5559583
amèrica	-4.5862637
sunt	-4.6663065
aiat	-4.7117686
meda	-4.765513
fintzas	-4.815838
tenet	-4.8288255
americanu	-5.015076
natzione	-5.015076
subra	-5.022981
aristanis	-5.0970893
finas	-5.105673
istada	-5.105673
sitzìlia	-5.140764
inglesu	-5.158783
casteddu	-5.2148724
intre	-5.2148724
limbas	-5.2148724
tedescu	-5.254093
puru	-5.305386
sarda	-5.3159685
primu	-5.3266635
annos	-5.3266635
ispagna	-5.3484035
federadu	-5.3594537
palermu	-5.370627
frantzesu	-5.393355
mannu	-5.4525437
siat	-5.4772367
totu	-5.4772367
pustis	-5.4772367
otzidentale	-5.5025544
postu	-5.5154576
nùmene	-5.5285296
mesu	-5.555198
fattu	-5.555198
ispagnolu	-5.568804
frantza	-5.5825973
latinu	-5.5965834
tzentru	-5.610768
tempus	-5.625157
gherra	-5.625157
custu	-5.625157
nùgoro	-5.6397552
cando	-5.6397552
naschidu	-5.6397552
repùblica	-5.6545706
ìsula	-5.6696086
podet	-5.6696086
àfrica	-5.684876
faghet	-5.684876
tottu	-5.684876
autònoma	-5.70038
custa	-5.70038
austu	-5.7321286
nomene	-5.7321286
gregu	-5.7321286
logu	-5.7483892
nadale	-5.764919
fìntzas	-5.764919
gesuita	-5.79882
cabulogu	-5.79882
jughet	-5.8162117
abrile	-5.8339114
tzentrale	-5.8339114
inue	-5.85193
seculu	-5.8702793
oe	-5.8702793
edd	-5.8702793
norti	-5.8702793
iscritore	-5.8702793
sunu	-5.8889713
provintzia	-5.8889713
russu	-5.9274373
gènova	-5.9472404
connottu	-5.9472404
tathari	-5.9472404
tàtari	-5.967443
matessi	-5.967443
ìsulas	-5.967443
medas	-5.9880624
fundadu	-5.9880624
campidanu	-6.009115
germània	-6.052601
repùbrica	-6.052601
còmicu	-6.052601
penìsula	-6.0750732
cànada	-6.0750732
movimentu	-6.0980635
benit	-6.0980635
isula	-6.1215935
cantu	-6.1215935
cheret	-6.1215935
santandria	-6.1215935
chenàbura	-6.1215935
pagu	-6.145691
intro	-6.145691
triulas	-6.145691
làmpadas	-6.145691
giapponesu	-6.145691
funt	-6.1703835
peri	-6.1703835
cussa	-6.1703835
nàschidu	-6.1703835
fumettus	-6.1703835
mèdiu	-6.1703835
