de	-4.6534276
dan	-1.8857334
r	-4.7518673
km²	-3.7753577
man	-4.578204
kommun	-4.607618
lea	-0.14359856
ain	-3.9070358
alpes	-4.468505
rhône	-4.4948225
lei	-3.7688851
guatemala	-4.481577
haiti	-4.1679196
ja	-1.4153619
spitsbergen	-4.481577
dat	-3.821878
vári	-3.4096332
arrondissements	-4.717966
lau	-4.4948225
nuts	-4.4948225
maid	-4.3696594
gielda	-1.8238974
suoma	-2.33842
leat	-2.415381
olmmošlohku	-2.609775
jagi	-2.7119913
eanangoddi	-2.8010435
mielde	-2.86689
viidodat	-2.9206662
gregoriánalaš	-2.9234324
kaleandara	-2.9234324
leanas	-2.9401927
várri	-2.9658718
eanangottis	-2.9804282
mehtera	-3.025413
beaivi	-3.0693073
allodat	-3.0693073
gávpot	-3.1018834
fylkkas	-3.173956
guovlu	-3.225062
ássi	-3.2554822
davvi	-3.2828813
rádjegielddat	-3.3029222
frankriikkas	-3.3275137
gullá	-3.3698926
gielddas	-3.4652028
lulli	-3.5548153
regiuvnnas	-3.5548153
mii	-3.581202
departemeanttas	-3.6475244
ruoŧas	-3.659019
dahjege	-3.7371368
norgga	-3.7434063
oaivegávpot	-3.8287039
riika	-3.8355765
guovdageainnu	-3.8923297
suohkanis	-3.9371133
gieldda	-4.0082893
islánddas	-4.11183
gullevaš	-4.1209626
departemeanta	-4.1301794
dánmárkkus	-4.1679196
okta	-4.19719
ruoŧagillii	-4.19719
guovllus	-4.19719
riegádan	-4.2171907
gielaid	-4.227343
dahje	-4.227343
giella	-4.2584333
prefektuvra	-4.269016
suolu	-4.290522
stuorámus	-4.3014507
oarje	-4.3014507
svalbárddas	-4.312501
pohjanmaa	-4.323674
jagis	-4.346402
deanu	-4.357963
gaska	-4.39347
durkkas	-4.39347
sámi	-4.4178615
hálddahusguovddáš	-4.4178615
finnmárkkus	-4.430284
dasa	-4.4428625
jávri	-4.4428625
suomas	-4.4556017
bustávva	-4.4556017
guovlogielddain	-4.468505
nummir	-4.481577
čohkkaváriin	-4.481577
dásseváldi	-4.5356445
sullii	-4.5496306
amerihká	-4.578204
oassestáhta	-4.578204
nuorta	-4.592803
ovttastuvvan	-4.607618
leatna	-4.622656
guovlogielda	-4.6379232
njukčamánu	-4.7014365
čoahkkebáiki	-4.7014365
ođđajagimánu	-4.717966
statoids	-4.734773
trøndelága	-4.734773
kronobergga	-4.734773
juovlamánu	-4.7518673
