the	-4.647618
of	-3.5860467
to	-4.5278163
a	-4.703707
and	-5.287655
in	-2.7577968
apa	-4.260502
iyi	-4.0906024
or	-4.224134
iri	-2.988524
ndiyo	-5.0173645
america	-5.12859
vari	-5.044033
basa	-4.544077
kana	-1.4771683
apo	-4.9413786
pasi	-4.260502
asi	-4.1010737
zimbabwe	-5.2537537
guru	-3.1618896
ane	-4.350886
africa	-4.917281
mari	-5.2209635
pane	-3.8758273
english	-2.8378396
chine	-4.392271
ari	-3.5860467
kuva	-4.9913893
chino	-4.629599
ine	-4.029978
kune	-4.2482314
uri	-5.0996027
kuti	-2.26471
zvinoreva	-2.629085
rokuti	-2.704308
shoko	-2.7360568
iguta	-2.8992085
munhu	-2.978197
rinoreva	-3.1255217
uye	-3.2983646
kubva	-3.5074563
muchidzidzo	-3.5074563
riri	-3.5797768
vanhu	-3.678217
chinhu	-3.7797537
izwi	-3.8674593
pakati	-3.8674593
chiri	-3.9013605
kuita	-3.9728198
kureva	-3.9728198
vamwe	-4.0699835
zvinhu	-4.0906024
kuenglish	-4.1010737
zviri	-4.1551414
kushandiswa	-4.1551414
nzvimbo	-4.1663146
kutaura	-4.177614
pamusoro	-4.224134
mvura	-4.3111453
vanoti	-4.337463
inowanikwa	-4.337463
nyika	-4.3644915
rinotaura	-4.3644915
kusvika	-4.420844
vatauri	-4.4502583
dziri	-4.4805636
mashoko	-4.4805636
kuenda	-4.4960675
imwe	-4.511816
inonzi	-4.511816
zvinotaura	-4.544077
anenge	-4.5945077
kuturikira	-4.5945077
rine	-4.629599
mhuka	-4.629599
zvikurusei	-4.629599
chiumbwa	-4.647618
panzvimbo	-4.647618
nhamba	-4.665967
chinonzi	-4.665967
muzimbabwe	-4.684659
rimwe	-4.703707
munyika	-4.703707
imhuka	-4.703707
nenzira	-4.703707
uyu	-4.742928
pano	-4.742928
kutaurwa	-4.742928
guta	-4.7631307
chiitiko	-4.7837496
mabasa	-4.8048034
nguva	-4.8048034
ndiro	-4.8048034
imhando	-4.8048034
ichi	-4.8482885
fundoyetsimba	-4.8707614
rinoshandiswa	-4.8937507
kuchamhembe	-4.8937507
nhengo	-4.917281
kuchirungu	-4.917281
mazwi	-4.9413786
kunge	-4.9413786
izvi	-4.966071
yezimbabwe	-4.966071
chimwe	-4.966071
chepimanyika	-4.966071
chikamu	-4.966071
anoti	-5.0173645
murume	-5.0173645
simbi	-5.044033
nhambwe	-5.044033
panguva	-5.044033
zita	-5.0714316
pasina	-5.0714316
dzine	-5.0714316
chinyorwa	-5.0714316
mudunhu	-5.0714316
mwana	-5.0996027
mhando	-5.0996027
inoshandiswa	-5.0996027
pasirose	-5.0996027
kazhinji	-5.0996027
inzvimbo	-5.0996027
pamwe	-5.12859
rwizi	-5.12859
inhengo	-5.12859
zvine	-5.12859
yenyika	-5.1584435
mugore	-5.1584435
nevanhu	-5.1584435
mutuvi	-5.1584435
zvichingodaro	-5.1584435
wemunhu	-5.1892147
zuva	-5.1892147
nechinangwa	-5.1892147
divi	-5.2209635
chiro	-5.2209635
mbiri	-5.2209635
dzimwe	-5.2537537
maviri	-5.2537537
kufamba	-5.2537537
zvinosanganisira	-5.287655
mativi	-5.287655
munzvimbo	-5.287655
makumi	-5.3227463
huwandu	-5.3227463
dzose	-5.3227463
unoshandiswa	-5.3227463
nokuti	-5.3227463
mumwe	-5.359114
