i	-1.7549801
the	-5.510693
of	-5.8907485
e	-1.0351126
ti	-6.97336
to	-7.0305185
re	-5.9895597
a	-5.6213784
si	-3.3940392
and	-6.496436
de	-3.1514707
se	-4.7063203
n	-6.9974585
in	-6.3500566
c	-7.005621
nobel	-6.167735
le	-5.743534
ii	-6.6222563
u	-3.699215
ka	-3.285871
ne	-4.1152496
biri	-7.127511
s	-5.6590395
m	-6.2149305
ibn	-6.7470474
b	-7.013852
p	-4.9723096
t	-5.6569095
ta	-6.284189
al	-6.715892
sa	-6.656351
ish	-5.7717714
d	-4.680345
sh	-7.2044725
l	-5.487077
instituti	-7.2145224
v	-6.069849
universiteti	-6.728238
x	-7.2044725
ali	-6.5264387
turk	-7.022151
sud	-5.882716
en	-5.6463275
san	-6.97336
element	-7.0305185
km	-6.167735
ri	-6.2149305
it	-6.6916485
me	-2.4848132
film	-5.8332915
te	-3.9090056
el	-6.5732
tek	-6.0860577
amerikan	-5.4781404
rock	-7.022151
new	-5.846063
filmi	-6.439004
ana	-6.97336
grup	-5.9925313
la	-4.8762193
sistemi	-6.889662
roman	-5.9545703
john	-7.1846695
paris	-7.127511
kanada	-5.805755
york	-6.3500566
km²	-6.316581
festivali	-7.022151
veri	-5.729709
grand	-7.224675
hollanda	-6.3586035
ekonomik	-6.5838957
robert	-7.0305185
do	-5.359172
para	-5.5732727
formula	-6.656351
saint	-4.6250134
osman	-7.1846695
kur	-5.4710484
federal	-3.7356162
iii	-7.2145224
sistem	-6.9043674
dr	-6.8398294
et	-5.640032
del	-7.2044725
politik	-6.81921
di	-6.81921
washington	-7.1652517
program	-7.287854
seri	-6.8608828
county	-4.0650725
du	-6.025817
mal	-6.2261457
liga	-7.2987833
filozof	-7.234931
papa	-6.1712875
radio	-6.5264387
sur	-5.0457573
mali	-6.5163374
sistemin	-7.0822544
lindi	-4.0874076
north	-6.611145
historia	-6.679744
mars	-5.1829247
maj	-5.337296
tre	-6.567895
lista	-5.6213784
per	-6.132889
leon	-6.9192934
person	-7.234931
south	-6.8260355
poet	-6.7990074
texas	-6.1892414
term	-6.7470474
carolina	-6.715892
denis	-6.957612
illinois	-6.957612
ohio	-7.047468
producent	-7.100112
virginia	-6.600156
val	-7.0911436
georgia	-6.6679792
missouri	-7.013852
nr	-6.703697
michigan	-7.146203
ontario	-7.224675
nord	-5.305354
les	-6.3248453
disa	-5.123781
vit	-6.4577847
minnesota	-7.2770433
kentucky	-6.9344454
île	-6.05707
tennessee	-7.056052
indiana	-7.1182947
organ	-7.136813
artist	-7.2770433
jane	-7.3098326
centre	-6.132889
france	-5.9179983
mississippi	-7.2987833
mira	-7.2770433
publicist	-7.1556816
lat	-6.4069653
dakota	-6.942108
kansas	-7.047468
iowa	-7.0822544
bureau	-5.3847733
islam	-7.127511
seine	-6.2149305
mori	-6.8260355
ku	-5.0150557
gregorian	-6.472104
në	-0.87423444
të	-1.0752041
është	-1.3342154
një	-1.5954766
dhe	-1.8863032
nga	-2.2805576
më	-2.7558389
për	-2.9536939
që	-3.0207438
vitin	-3.2590146
së	-3.336401
rajonin	-3.4648995
francë	-3.4833674
departamentin	-3.50589
frëngjisht	-3.5108538
kantoni	-3.5256429
kanton	-3.5271592
kantonit	-3.5307064
kryeqëndra	-3.531722
canton	-3.5322304
mbi	-3.5375829
komunën	-3.6030588
shqipërisë	-3.623735
bashkuara	-3.6722465
ishte	-3.6763487
amerikës	-3.704637
shtetin	-3.745006
fshat	-3.7509985
rrethin	-3.9784222
ose	-4.033527
vitit	-4.08608
shteteve	-4.1239395
edhe	-4.1860003
qarqet	-4.206742
janë	-4.2077403
shqiptar	-4.280773
lindur	-4.3382792
komunë	-4.393264
sipërfaqe	-4.419461
njohur	-4.4681587
prej	-4.5057993
popullsi	-4.5519347
ai	-4.5689926
tij	-4.5966105
apo	-4.61972
shqiptare	-4.6219854
shqipëri	-4.6219854
shtetet	-4.6303344
kosovë	-4.638754
vendbanim	-4.6558084
cili	-4.6605105
parë	-4.6723638
tiranë	-4.7162375
pas	-4.750884
deri	-4.784104
gjatë	-4.816627
qytet	-4.832361
countet	-4.832361
pjesë	-4.840792
shumë	-4.850244
komuna	-4.859786
kanë	-4.9068995
viti	-4.9521284
qarkun	-4.9787683
autor	-4.987445
kjo	-5.005028
duke	-5.0083594
cila	-5.019545
autori	-5.0422993
provincën	-5.060883
rreth	-5.07149
ajo	-5.0930476
saj	-5.1113744
kosovës	-5.112608
ky	-5.1363444
ndodhet	-5.178959
shkurt	-5.1935773
sipas	-5.1976013
nuk	-5.1989465
komunave	-5.208412
dy	-5.2179685
mund	-5.2276173
madh	-5.240161
por	-5.2599916
alpes	-5.2671704
madhe	-5.291971
cilat	-5.3342094
qyteti	-5.351304
tyre	-5.3560176
këtë	-5.3560176
prill	-5.365511
janar	-5.365511
qershor	-5.367102
holandë	-5.375096
vdiq	-5.3945456
voor	-5.3994675
statistiek	-5.3994675
banorëcentraal	-5.4011135
shtëpia	-5.4143806
dhjetor	-5.4312162
botuese	-5.4466143
nëntor	-5.4605036
tetor	-5.4605036
maqedoni	-5.4710484
tjera	-5.4763627
aktor	-5.494284
nje	-5.5236444
ndryshme	-5.5292463
shqipe	-5.531121
shtator	-5.532999
emrin	-5.544341
qenë	-5.5500607
tiranës	-5.553892
korrik	-5.553892
statistikore	-5.5577383
loire	-5.5615997
gusht	-5.5615997
pjesën	-5.5615997
lind	-5.5732727
dytë	-5.6010523
vitet	-5.6071067
qe	-5.6091332
dhëna	-5.61728
dita	-5.6234336
kosova	-5.642126
gjitha	-5.642126
zi	-5.6611743
norvegji	-5.665457
lartë	-5.6719155
provinca	-5.698175
popullsinë	-5.7026196
rhône	-5.7048492
norvegjisë	-5.7048492
shba	-5.7070837
greqisht	-5.7183323
ndër	-5.725143
jug	-5.7320004
banorëtë	-5.7412167
pyrénées	-5.7505193
mes	-5.757553
fshati	-5.781364
vogël	-5.793485
vjetër	-5.795927
etj	-5.798375
qytetin	-5.8082275
luftës	-5.8107057
région	-5.8181777
vetëm	-5.820681
gjithashtu	-5.82319
cilën	-5.8307567
haute	-5.843496
shqip	-5.8589997
libër	-5.8589997
shkrimtar	-5.8616076
herë	-5.8616076
republikës	-5.8642216
qendër	-5.866843
greqi	-5.866843
ndërsa	-5.869471
gjithë	-5.882716
shtrihet	-5.9015594
këtij	-5.907009
administrative	-5.909745
politikan	-5.9124885
banorë	-5.9152393
emri	-5.9179983
shqiptarë	-5.9179983
pa	-5.923538
viteve	-5.9319067
fshatin	-5.9319067
zyrtar	-5.9488564
njësi	-5.9517093
nën	-5.9517093
shoqata	-5.9545703
krijuar	-5.969001
rajonit	-5.969001
qytetit	-5.971912
maqedonisht	-5.97776
botuar	-5.9806967
kombëtar	-5.9925313
atë	-5.9985013
gjuhën	-6.0075235
kombëtare	-6.013585
përdoret	-6.016629
zakonisht	-6.022745
shtet	-6.025817
est	-6.028899
prishtinë	-6.03199
greke	-6.0350904
ato	-6.0444517
ouest	-6.0539
lindje	-6.0539
aktore	-6.0602493
shkollën	-6.066639
kishte	-6.0730705
botuesi	-6.0763006
veriore	-6.079542
sot	-6.092615
komunës	-6.095909
midi	-6.0992155
botimit	-6.0992155
kryeqyteti	-6.1025324
côte	-6.1058598
fund	-6.1091986
gjuhës	-6.1091986
provence	-6.1192827
perëndim	-6.1192827
politike	-6.1226673
internetit	-6.1226673
jo	-6.1260624
shkodrës	-6.1260624
partisë	-6.12947
gjendet	-6.12947
kryesisht	-6.132889
ditë	-6.139762
çdo	-6.139762
këto	-6.143216
radhitur	-6.1536503
gjuhë	-6.1606684
mesme	-6.164195
qendrore	-6.164195
kreu	-6.164195
familje	-6.167735
botërore	-6.167735
mirë	-6.1712875
toena	-6.1748524
pranë	-6.1784306
shqipëria	-6.182021
po	-6.196514
calais	-6.196514
kësaj	-6.196514
çmimit	-6.2001705
vend	-6.2038403
bën	-6.2038403
jugore	-6.2038403
kështu	-6.2075233
shtetit	-6.2112207
jetë	-6.2112207
studimet	-6.2112207
njihet	-6.2149305
gjuha	-6.2299128
prodhuar	-6.2299128
shkruar	-6.2374887
elbasanit	-6.2412977
përbëhet	-6.2412977
perëndimore	-6.245122
shkodër	-6.2528143
bashki	-6.2528143
themeluar	-6.2566824
popullore	-6.2605667
shekullit	-6.2605667
vendosur	-6.2605667
vepra	-6.2644653
korçës	-6.268379
midis	-6.2723083
domenin	-6.2762527
republika	-6.2802134
ishin	-6.284189
emër	-6.284189
amerikane	-6.2881813
cilët	-6.2921896
fundit	-6.296214
pjesa	-6.296214
quhet	-6.296214
ndërkombëtare	-6.300254
prapashtesa	-6.300254
normandie	-6.308384
azur	-6.308384
arabisht	-6.308384
aquitaine	-6.316581
librit	-6.3207045
futbollit	-6.3248453
universitetin	-6.3290033
shkencave	-6.3290033
osmane	-6.3290033
histori	-6.3290033
filloi	-6.3290033
veriut	-6.3331785
qytezë	-6.3415823
vlorës	-6.345811
kroaci	-6.345811
quajtur	-6.345811
shquar	-6.3500566
listë	-6.3543215
tjetër	-6.3586035
itali	-6.3672247
eshte	-6.3672247
fituesit	-6.3672247
nё	-6.3759203
bretagne	-6.3802967
marne	-6.3802967
kundër	-6.384692
formë	-6.3891077
jugut	-6.3891077
fjala	-6.3935423
fjalë	-6.3935423
hoxha	-6.397996
kulturore	-6.397996
evropian	-6.4024706
paraqet	-6.4024706
republikën	-6.4024706
merret	-6.4069653
gjinia	-6.4069653
shën	-6.4160147
kohë	-6.4160147
përpara	-6.4205704
evropiane	-6.4297447
kryesore	-6.4297447
thotë	-6.439004
formën	-6.439004
ushtarak	-6.4436665
larta	-6.4436665
mbetur	-6.44835
shteti	-6.44835
pak	-6.4530563
demokratike	-6.4530563
ndërtuar	-6.4530563
kalendarit	-6.4530563
përdorur	-6.4530563
bërë	-6.4530563
ata	-6.4577847
detit	-6.462535
faqet	-6.462535
vendit	-6.472104
italian	-6.476924
kroatisht	-6.476924
xhamia	-6.4866323
përfshin	-6.491523
kohës	-6.491523
mënyrë	-6.491523
gjerman	-6.5013742
kryetar	-6.506337
maqedonisë	-6.5163374
spanjë	-6.5163374
banorësh	-6.5163374
lindore	-6.5213757
pays	-6.5264387
kuvendin	-6.5264387
ekonomike	-6.5315275
muzikës	-6.5315275
mëdha	-6.5315275
roussillon	-6.536643
vjet	-6.536643
ashtu	-6.536643
botë	-6.5417843
brishtë	-6.5469522
njeriut	-6.557369
regjisor	-6.5626183
anglisht	-6.5626183
serbisht	-6.5626183
mallërave	-6.5626183
serbë	-6.5626183
languedoc	-6.567895
pasi	-6.567895
gjirokastrës	-6.567895
zhupaninë	-6.567895
sotme	-6.5732
lumit	-6.578534
enver	-6.5838957
fakultetin	-6.5838957
shpesh	-6.589287
shqipërinë	-6.600156
njëri	-6.600156
përfaqëson	-6.600156
caktuar	-6.600156
sezonin	-6.600156
flamuri	-6.6056356
pasur	-6.6056356
gazetar	-6.6056356
numri	-6.611145
popullit	-6.611145
cilin	-6.611145
evropës	-6.616686
lloj	-6.6222563
gjermani	-6.627859
qëllim	-6.627859
rrethit	-6.6334925
autore	-6.6391582
vjen	-6.6391582
grek	-6.6448565
historike	-6.6448565
kryesor	-6.6448565
grupit	-6.6448565
çamërisë	-6.650587
arteve	-6.656351
poshtme	-6.6621475
ndodhur	-6.6621475
champagne	-6.6679792
botës	-6.6679792
qendra	-6.6738443
ndryshe	-6.6738443
kufizohet	-6.6738443
bë	-6.6738443
malazezisht	-6.6738443
profesor	-6.679744
francez	-6.679744
brenda	-6.6856785
elektrike	-6.6856785
bazë	-6.6856785
lorraine	-6.6916485
malit	-6.6916485
vjeçare	-6.6916485
poitou	-6.6976547
përgjithshme	-6.6976547
rëndësishme	-6.6976547
auvergne	-6.703697
katër	-6.703697
bardhë	-6.709776
prishtinës	-6.709776
bashku	-6.709776
charentes	-6.715892
durrësit	-6.715892
gjakovës	-6.715892
deputet	-6.722046
këngëtare	-6.722046
fushë	-6.7344685
italiane	-6.740738
luajtur	-6.740738
popullsisë	-6.740738
statistika	-6.7470474
nënkupton	-6.7470474
tjerë	-6.7470474
ujë	-6.753397
bourgogne	-6.7597866
marrë	-6.7597866
perandorisë	-6.7597866
ndaj	-6.7597866
zhvilluar	-6.7597866
fierit	-6.766217
fillore	-6.766217
afër	-6.77269
anëtar	-6.77269
italisht	-6.7792044
tretë	-6.785762
ndërkombëtar	-6.785762
letrare	-6.785762
zvicrës	-6.785762
ardenne	-6.792362
përfshirë	-6.792362
zhvillimin	-6.792362
ngjarjeve	-6.7990074
basse	-6.8056965
rumani	-6.8056965
duhet	-6.8056965
faqeve	-6.8056965
nëpër	-6.8056965
rrethi	-6.8124304
kurse	-6.8124304
qarku	-6.81921
jeton	-6.81921
ligji	-6.81921
bashkinë	-6.81921
përmetit	-6.8260355
nëpërmjet	-6.8260355
zhvillua	-6.8260355
lashtë	-6.8329086
familjes	-6.8329086
ushtarake	-6.8329086
ismail	-6.8398294
lushnjës	-6.8398294
shkencore	-6.8398294
plotë	-6.8398294
themelua	-6.8398294
referohet	-6.8398294
lumi	-6.846798
arsimit	-6.846798
historisë	-6.846798
shkollës	-6.846798
kryer	-6.846798
luan	-6.853815
përgjithshëm	-6.853815
picardie	-6.8608828
numër	-6.8608828
vonë	-6.8608828
ang	-6.868
korçë	-6.868
bazuar	-6.868
fushën	-6.868
ministër	-6.868
kohën	-6.868
partia	-6.875169
siç	-6.875169
fillim	-6.875169
rajon	-6.882389
piktor	-6.882389
çmim	-6.882389
socialiste	-6.889662
lindjes	-6.889662
ishull	-6.889662
cilës	-6.889662
aktualisht	-6.889662
përmes	-6.889662
gazetë	-6.889662
këngëtar	-6.896988
shkak	-6.896988
frashëri	-6.9043674
filmit	-6.9043674
tokës	-6.9043674
pavarur	-6.9043674
vetë	-6.9043674
historinë	-6.9043674
jetës	-6.9043674
garonne	-6.9118023
familja	-6.9118023
poezi	-6.9118023
numrave	-6.9118023
zyrtarisht	-6.9118023
italisë	-6.9118023
gjeografike	-6.9192934
nivelin	-6.9192934
shek	-6.926841
nëntori	-6.926841
kontea	-6.926841
francës	-6.926841
lidhje	-6.926841
grupi	-6.9344454
tepelenës	-6.9344454
fjalor	-6.9344454
shekullin	-6.9344454
botën	-6.9344454
degë	-6.9344454
bëhet	-6.9344454
cilit	-6.9344454
përmban	-6.942108
kuptimin	-6.942108
filluar	-6.942108
serbia	-6.957612
tani	-6.957612
kantonin	-6.957612
kampionati	-6.957612
gjermane	-6.957612
greq	-6.957612
forcave	-6.957612
mësues	-6.957612
gjerë	-6.965455
letërsisë	-6.965455
tirana	-6.97336
jetën	-6.97336
rrjedh	-6.97336
fëmijë	-6.981329
vijim	-6.981329
jepet	-6.989361
shkolla	-6.989361
kryeqytet	-6.989361
ndarë	-6.989361
saône	-6.9974585
shqiptarët	-6.9974585
shoqërore	-6.9974585
rëndësishëm	-6.9974585
periudhën	-6.9974585
kuqe	-7.005621
natyrore	-7.005621
zgjedhjen	-7.005621
franche	-7.013852
comté	-7.013852
hapur	-7.013852
serbe	-7.013852
lidhur	-7.013852
origjinë	-7.013852
mbajtur	-7.013852
vendi	-7.022151
kulturës	-7.022151
dhënave	-7.022151
diplomuar	-7.022151
soria	-7.0305185
gazeta	-7.0305185
mbaroi	-7.0305185
formuar	-7.0305185
fshatit	-7.0305185
fituesve	-7.0305185
islame	-7.0389576
vlorë	-7.047468
durrës	-7.047468
kodi	-7.047468
jashtë	-7.047468
pastaj	-7.047468
publik	-7.056052
libri	-7.056052
castile	-7.056052
fakte	-7.056052
vendin	-7.056052
artit	-7.056052
pra	-7.0647106
kimik	-7.0647106
konsiderohet	-7.0647106
fletave	-7.0647106
dhurohet	-7.0647106
serb	-7.0734444
tri	-7.0734444
moselle	-7.0734444
metra	-7.0734444
këngës	-7.0734444
larg	-7.0734444
pavarësisë	-7.0734444
këngë	-7.0822544
shtatë	-7.0822544
ndërmjet	-7.0822544
kuptime	-7.0822544
veçantë	-7.0822544
famshëm	-7.0822544
lëmitë	-7.0822544
kaliforni	-7.0911436
tropojës	-7.0911436
anglez	-7.0911436
numrin	-7.0911436
periudhës	-7.0911436
mbajt	-7.0911436
nominuarit	-7.0911436
nomiminmin	-7.0911436
vende	-7.100112
kimike	-7.100112
përbërë	-7.100112
persona	-7.1091623
fizike	-7.1091623
kompozitor	-7.1091623
sq	-7.1091623
kisha	-7.1091623
zonës	-7.1091623
poshtë	-7.1091623
maritime	-7.1182947
tabela	-7.1182947
kompjuterike	-7.1182947
tokë	-7.1182947
shërben	-7.1182947
ndonjë	-7.1182947
njohura	-7.1182947
podujevës	-7.1182947
fetare	-7.127511
vendet	-7.127511
tregime	-7.127511
lirë	-7.127511
dhënë	-7.127511
luftën	-7.127511
letërsi	-7.127511
sipërfaqja	-7.127511
sistemit	-7.127511
universitetit	-7.127511
limousin	-7.136813
ilir	-7.136813
doli	-7.136813
qene	-7.136813
corse	-7.146203
beratit	-7.146203
punës	-7.146203
shume	-7.146203
detin	-7.146203
regjistrimeve	-7.146203
banka	-7.1556816
rolin	-7.1556816
termi	-7.1556816
lezhës	-7.1556816
shkenca	-7.1556816
shkallës	-7.1556816
punuar	-7.1556816
futbollist	-7.1556816
historik	-7.1652517
rajoni	-7.1652517
vogla	-7.1652517
gjashtë	-7.1652517
njeriu	-7.1652517
turqi	-7.1652517
njëjtin	-7.1652517
lëvizjes	-7.1652517
kompani	-7.1749134
ulqinit	-7.1749134
këtu	-7.1749134
organizatë	-7.1749134
botim	-7.1749134
nebraska	-7.1846695
vet	-7.1846695
mos	-7.1846695
réunion	-7.1846695
kukësit	-7.1846695
prizrenit	-7.1846695
jeta	-7.1846695
kinës	-7.1846695
akademinë	-7.1846695
dëshmor	-7.1846695
dega	-7.194522
gjakovë	-7.194522
kodit	-7.194522
artistike	-7.194522
romake	-7.194522
qarkut	-7.194522
zhvillimit	-7.194522
vite	-7.2044725
pogradecit	-7.2044725
revistë	-7.2044725
greqishtja	-7.2044725
jetojnë	-7.2044725
bëjnë	-7.2044725
anë	-7.2044725
prodhimit	-7.2044725
çelës	-7.2044725
oise	-7.2145224
vienne	-7.2145224
gjermanisht	-7.2145224
krijua	-7.2145224
jashtme	-7.2145224
sainte	-7.224675
elbasan	-7.224675
sqt	-7.224675
faqe	-7.224675
kategorisë	-7.224675
mirënjohur	-7.224675
klub	-7.234931
assembly	-7.234931
kadare	-7.234931
lartësi	-7.234931
ishujt	-7.234931
divizioni	-7.234931
pesë	-7.234931
shkronja	-7.234931
flitet	-7.234931
qënë	-7.234931
charente	-7.2452946
albumi	-7.2452946
kuvendi	-7.2452946
afrikës	-7.2452946
rusisht	-7.2452946
ngjyrë	-7.2452946
forma	-7.255766
publike	-7.255766
distrikti	-7.255766
zyrtare	-7.255766
amëzën	-7.255766
mbaruar	-7.255766
akademia	-7.266348
historian	-7.266348
elektronike	-7.266348
sepse	-7.266348
turqisht	-7.266348
njerëzve	-7.266348
themelues	-7.266348
përket	-7.266348
prejardhje	-7.266348
arritur	-7.266348
lojë	-7.266348
vëllim	-7.266348
gjer	-7.2770433
tregon	-7.2770433
grupin	-7.2770433
greqisë	-7.2770433
aktivist	-7.287854
lufta	-7.287854
shqiptarëve	-7.287854
këshillit	-7.287854
njëra	-7.287854
provincës	-7.287854
qeverisë	-7.287854
bashkisë	-7.287854
rajonal	-7.287854
arabe	-7.2987833
iu	-7.2987833
martinique	-7.2987833
naim	-7.2987833
gjirokastër	-7.2987833
presidenti	-7.2987833
njerëzit	-7.2987833
muzikor	-7.2987833
moderne	-7.3098326
gara	-7.3098326
filma	-7.3098326
bashkuar	-7.3098326
librazhdit	-7.3098326
pukës	-7.3098326
preshevës	-7.3098326
shkup	-7.3098326
