afrika	-4.5594993
i	-6.2749968
the	-5.62837
of	-5.9751515
ni	-1.170918
wa	-0.7352977
a	-6.0903473
nigeria	-4.771697
de	-5.574881
amerika	-6.385811
na	-1.4729841
s	-6.393655
m	-6.296199
k	-6.1879854
kabisa	-5.400111
al	-6.362644
d	-5.414796
r	-6.6839647
ya	-0.5968311
hali	-6.2680283
km	-6.603112
ili	-6.565013
roma	-6.078786
new	-4.9725404
la	-2.1875525
john	-6.4338207
kanada	-6.5283117
york	-5.724413
dini	-6.061692
kale	-5.9908175
vietnam	-5.985568
hop	-6.6734934
papa	-5.1787186
west	-6.102043
jersey	-5.881255
hip	-6.652874
kongo	-3.9943285
sudan	-5.8487697
zile	-6.385811
dc	-4.5670753
botswana	-4.9840126
kwa	-2.37366
mwaka	-1.6577322
katika	-1.921521
nchini	-2.1568127
mji	-2.3286061
kata	-2.4530668
wakazi	-2.4783297
sensa	-2.5265627
lugha	-2.5277166
idadi	-2.5838475
mkoa	-2.6897311
wilaya	-2.7339363
kuwa	-2.739016
watu	-2.7671113
inayozungumzwa	-2.7938643
hii	-2.8018584
wasemaji	-2.8193645
wapatao	-2.8217955
iliyofanyika	-2.826231
imehesabiwa	-2.8546371
tanzania	-2.8684525
inahusu	-2.9096322
makala	-2.9110827
jina	-3.010466
kristo	-3.0408535
mujibu	-3.0960693
ilikuwa	-3.1340446
humo	-3.1694384
cha	-3.175724
waishio	-3.3577933
au	-3.4287062
kk	-3.4941382
za	-3.5028453
jimbo	-3.55859
kabla	-3.6464844
alikuwa	-3.6892858
baada	-3.6998787
kutoka	-3.7467542
marekani	-3.7619357
nchi	-3.821463
mnamo	-3.8588333
mkuu	-3.903512
bk	-3.911376
kati	-3.9133515
pia	-3.9427853
mpya	-3.9475489
guinea	-3.9550805
huu	-3.9731112
una	-4.027762
wakati	-4.05701
kusini	-4.0902824
kwenye	-4.0989747
wanaoishi	-4.100563
kiaustronesia	-4.1620326
wake	-4.1903243
kama	-4.2052174
huko	-4.280344
ina	-4.3053937
kiniger	-4.337111
kisiwa	-4.339127
kaskazini	-4.420011
papua	-4.434336
kenya	-4.4387856
mjini	-4.5020614
moja	-4.5032496
indonesia	-4.5594993
mashariki	-4.575987
miaka	-4.575987
kifupi	-4.58627
yake	-4.594052
takriban	-4.603208
hadi	-4.6058397
amezaliwa	-4.629841
magharibi	-4.6325436
ufaransa	-4.6461678
vya	-4.739559
hasa	-4.7486367
jamhuri	-4.782643
hapa	-4.7905354
siku	-4.8049016
uhindi	-4.8049016
eneo	-4.837584
tarehe	-4.847601
upande	-4.9063396
kijiji	-4.9081206
ujerumani	-4.9081206
kibantu	-4.953707
tu	-4.9630795
walioishi	-4.966853
kulingana	-4.9878664
sehemu	-4.9897985
vijijini	-4.991735
mwa	-4.9975657
matokeo	-5.00736
familia	-5.0152655
kijijini	-5.039363
kuanzia	-5.0682306
kivuka	-5.070325
bahari	-5.089373
tanga	-5.1087914
dodoma	-5.1197443
mto	-5.1857524
tar	-5.1928363
yaani	-5.20236
kwanza	-5.2339544
lakini	-5.2539053
pwani	-5.261491
chake	-5.261491
mara	-5.2716947
pamoja	-5.2768364
uturuki	-5.2845984
machi	-5.287199
kanisa	-5.292421
ambayo	-5.292421
kutaja	-5.292421
januari	-5.295042
mkubwa	-5.3055964
aprili	-5.3135858
ndege	-5.3243384
hili	-5.3324795
mwandishi	-5.3324795
julai	-5.3406878
desemba	-5.3489637
mbalimbali	-5.3573084
filamu	-5.3573084
bunge	-5.3685446
majimbo	-5.3742104
visiwa	-5.3742104
uingereza	-5.388517
oktoba	-5.3914027
arusha	-5.400111
katoliki	-5.400111
morogoro	-5.405959
mei	-5.414796
juni	-5.4267006
septemba	-5.429699
yenye	-5.4327064
zaidi	-5.4357233
ambao	-5.4357233
lindi	-5.454016
agosti	-5.46329
muziki	-5.46329
neno	-5.4726505
kamerun	-5.485269
maana	-5.498049
orodha	-5.510994
februari	-5.5142565
kilimanjaro	-5.51753
ndani	-5.524109
wimbo	-5.530731
kubwa	-5.540748
kiafrika	-5.540748
novemba	-5.5441093
milioni	-5.547482
hiyo	-5.5542617
mpaka	-5.557669
kiingereza	-5.5610876
kifo	-5.571415
mojawapo	-5.571415
mbeya	-5.574881
kidemokrasia	-5.574881
lake	-5.5818496
aina	-5.60663
kiasia	-5.60663
ivoire	-5.6102204
cote	-5.6174407
kuna	-5.6247134
iko	-5.6247134
california	-5.6320395
yao	-5.6431303
italia	-5.6468544
jenasi	-5.6468544
kawaida	-5.654345
juu	-5.6656876
tibeti	-5.669497
mbunge	-5.67716
kisino	-5.67716
kilatini	-5.684882
tofauti	-5.684882
chini	-5.704452
unguja	-5.7084126
kanda	-5.7123885
sana	-5.7163806
kundi	-5.724413
kiarabu	-5.736583
rais	-5.7572026
tatu	-5.7572026
namba	-5.778256
uganda	-5.7868032
kigiriki	-5.7868032
sahara	-5.795424
mirefu	-5.795424
uchaguzi	-5.7997622
tangu	-5.8041196
pili	-5.808496
kihindi	-5.808496
muongo	-5.808496
urusi	-5.8128915
kagera	-5.8173065
makao	-5.821741
maeneo	-5.83067
iringa	-5.835164
kitaifa	-5.835164
maarufu	-5.839679
mtwara	-5.8533463
kabila	-5.8533463
kiswahili	-5.8533463
wadogo	-5.8533463
kipindi	-5.862563
leo	-5.8859835
karne	-5.8859835
kiulaya	-5.8859835
uishe	-5.8859835
zinabaki	-5.8859835
kipapua	-5.8955073
karibu	-5.9003034
manisipaa	-5.9003034
mwenye	-5.9051228
spishi	-5.9051228
chuo	-5.9099655
north	-5.9148316
ndiyo	-5.9246354
singida	-5.929574
nyingi	-5.929574
asili	-5.9345365
mikoa	-5.9345365
hivi	-5.9345365
makuu	-5.939524
kikuu	-5.9495745
mbili	-5.9495745
duniani	-5.9495745
maji	-5.964842
alichunguza	-5.964842
kinilo	-5.9699836
kirusi	-5.9751515
japani	-5.9908175
alizaliwa	-5.9908175
ulaya	-5.9960947
angalia	-5.9960947
uswidi	-5.9960947
wanyama	-6.0014
département	-6.006733
tabora	-6.006733
east	-6.0174856
mengine	-6.0229053
albamu	-6.0229053
dola	-6.039345
jiji	-6.061692
kifaransa	-6.061692
kigoma	-6.067358
kuu	-6.067358
mfumo	-6.0730553
dunia	-6.08455
mwanza	-6.0903473
kutoweka	-6.0903473
mwigizaji	-6.0903473
matumizi	-6.096178
ajili	-6.102043
chama	-6.1079426
shirika	-6.1079426
mfalme	-6.1198473
ethiopia	-6.1258535
shinyanga	-6.131896
ambalo	-6.131896
ufilipino	-6.131896
central	-6.1502457
kumaanisha	-6.1502457
uliopo	-6.1626673
asia	-6.1689377
rangi	-6.1689377
malaysia	-6.1879854
china	-6.2008886
es	-6.2008886
dar	-6.2008886
mwanasiasa	-6.207403
nepal	-6.2139606
salaam	-6.2139606
historia	-6.2139606
biblia	-6.2139606
chad	-6.220562
lenye	-6.227206
wenye	-6.227206
kazi	-6.2338953
ruvuma	-6.2338953
mtu	-6.247409
inaweza	-6.247409
manyara	-6.2542353
yote	-6.2542353
ziwa	-6.2611074
miji	-6.2680283
televisheni	-6.2749968
geita	-6.282015
serikali	-6.282015
mdogo	-6.282015
zamani	-6.2890816
huitwa	-6.2890816
wikipedia	-6.296199
vile	-6.310588
massachusetts	-6.3178606
elementi	-6.3178606
kiko	-6.3178606
aegean	-6.3178606
kimataifa	-6.3178606
atomia	-6.332567
nyingine	-6.332567
kirumi	-6.340002
imekaribia	-6.347492
pekee	-6.3550396
binadamu	-6.3550396
hizi	-6.362644
ulioko	-6.362644
kila	-6.370307
wengi	-6.370307
umoja	-6.370307
kutokana	-6.370307
kijerumani	-6.385811
bara	-6.40156
ambaye	-6.40156
kamji	-6.40156
taifa	-6.409528
rasmi	-6.409528
mungu	-6.409528
mwezi	-6.409528
karibuni	-6.409528
ghana	-6.4175596
funguvisiwa	-6.4175596
fulani	-6.4256573
njia	-6.4256573
lilikuwa	-6.4256573
mpira	-6.442051
uhusika	-6.442051
kitabu	-6.45035
wengine	-6.4587183
vanuatu	-6.4671574
tuzo	-6.4671574
asiatiki	-6.4671574
kiaustro	-6.4671574
ndogo	-6.475668
wote	-6.475668
kimarekani	-6.484251
mwanakemia	-6.484251
kweneng	-6.4929094
riwaya	-6.4929094
kumi	-6.501643
jumla	-6.501643
maneno	-6.501643
zote	-6.501643
jamii	-6.510454
rasi	-6.5193424
mahali	-6.5193424
habari	-6.5193424
hispania	-6.5283117
kikristo	-6.5283117
muhimu	-6.537361
kisayansi	-6.537361
katikati	-6.5464935
iliyozungumzwa	-6.5464935
israeli	-6.55571
wana	-6.55571
simiyu	-6.55571
kiing	-6.55571
msumbiji	-6.55571
tarakimu	-6.55571
ilihesabiwa	-6.565013
angola	-6.5838814
kuhusu	-6.5838814
ambazo	-6.5838814
kiebrania	-6.5838814
kiongozi	-6.5838814
ilianzishwa	-6.5838814
inayoandikwa	-6.5838814
askofu	-6.5934505
mwanafizikia	-6.5934505
sasa	-6.603112
mwimbaji	-6.603112
mmoja	-6.6128683
kuzaliwa	-6.6128683
department	-6.6227207
misri	-6.6227207
kampuni	-6.6227207
mwanamuziki	-6.6227207
isichanganywe	-6.6227207
moshi	-6.6326714
alimfuata	-6.6326714
mambo	-6.642722
brazil	-6.652874
nne	-6.652874
hakuna	-6.652874
far	-6.6631308
nairobi	-6.6631308
zake	-6.6631308
maisha	-6.6631308
mfululizo	-6.6631308
southern	-6.6734934
waziri	-6.6734934
kando	-6.6734934
korea	-6.6839647
sulawesi	-6.6839647
rhine	-6.6839647
sita	-6.6945467
