i	-5.7855835
the	-4.504928
of	-4.5439816
e	-6.7119493
ni	-3.8328934
to	-6.2411556
o	-2.4187198
a	-5.563945
si	-1.986805
and	-5.4755955
won	-7.252756
may	-3.2824645
de	-4.960002
is	-6.922515
amerika	-6.441826
n	-7.252756
in	-5.899614
c	-6.3278074
thailand	-6.90701
state	-7.0831966
ii	-6.3321266
na	-1.319704
ka	-7.1794252
s	-5.473759
y	-6.2215853
m	-7.0038605
b	-6.461339
p	-6.946231
mas	-5.279279
t	-5.1651955
al	-5.877391
sa	-0.6480615
d	-6.8257847
r	-7.2747355
l	-7.23125
ma	-6.784112
v	-7.23125
h	-6.922515
x	-6.73112
j	-7.159424
san	-4.979958
on	-6.86189
el	-6.9954214
roma	-6.6807947
rock	-7.23125
new	-6.2451153
rusya	-6.273287
la	-5.9426622
john	-6.522271
tv	-6.057517
york	-6.8993473
basketbol	-6.161417
asya	-5.768192
an	-7.189577
internet	-5.951499
park	-6.576048
polonya	-7.0383463
robert	-7.23125
han	-7.189577
michael	-7.2747355
james	-5.8664618
william	-7.065015
dahil	-5.5187945
karakter	-4.3338113
david	-6.970524
for	-6.8993473
para	-4.235518
ay	-0.8945937
din	-5.4359508
saint	-6.784112
star	-6.914732
world	-6.930358
iii	-6.7773323
national	-6.108118
association	-6.0093536
windows	-7.1398163
at	-2.0668287
city	-6.922515
latin	-6.0808125
ama	-6.6387463
santa	-6.0808125
international	-7.1205845
del	-5.567969
you	-6.978754
comics	-4.3617806
di	-6.3992662
love	-6.3235064
my	-6.7246885
no	-5.3961186
maria	-6.432211
drama	-7.199834
marvel	-4.933998
top	-6.1761227
kaya	-6.108118
lee	-5.8213015
united	-6.6565514
county	-6.5705385
francisco	-7.020955
man	-6.336466
company	-6.587159
bbc	-6.7639093
network	-4.974375
tokyo	-6.922515
university	-6.4466686
papa	-5.5924597
system	-7.111106
manga	-4.7410383
bayan	-3.4770012
with	-7.2419453
sur	-6.0062237
kim	-5.7177606
anime	-5.0849457
jr	-6.1361904
dc	-5.1897535
go	-7.297208
bk	-7.1794252
una	-6.3321266
ina	-6.978754
indonesia	-6.581588
california	-5.3961186
leo	-6.129098
korea	-3.6859832
album	-6.122056
sina	-6.7639093
kung	-4.2801147
antonio	-7.2419453
europa	-6.5650587
young	-6.5541887
ng	-0.8393507
song	-7.1495724
juan	-6.362899
oblast	-6.8917427
laguna	-6.9623604
series	-7.2747355
iran	-6.7978115
min	-6.8917427
luzon	-6.8841953
pedro	-7.23125
sun	-7.263685
israel	-6.592761
fernando	-7.23125
cruz	-7.220668
nina	-6.1361904
store	-6.832902
mindanao	-7.0831966
college	-5.7154217
nasa	-4.8578296
school	-7.0383463
lokal	-7.252756
alto	-6.4085684
ring	-6.3809175
isbn	-6.5983953
ding	-5.9664025
colombia	-5.6411467
india	-7.101716
book	-6.6387463
jose	-6.4179583
santo	-5.74386
canada	-6.7978115
jin	-6.7705984
taiwan	-5.555945
tao	-4.6894803
bacteria	-7.0560455
ito	-3.0916677
tag	-7.2419453
norte	-6.1948147
country	-6.1650734
gregorian	-4.5756135
batang	-7.252756
pulo	-6.122056
nokia	-6.1948147
aktor	-6.818718
pa	-5.455577
republika	-6.233281
ang	-0.96882486
soo	-7.2101965
sistema	-6.7119493
dictionary	-6.4762278
sila	-6.217717
iba	-4.919136
estado	-5.623942
departamento	-5.3529224
distrito	-6.2215853
estados	-4.5982904
unidos	-4.601353
grupo	-6.2254686
agosto	-5.623942
abril	-5.885667
mundo	-5.9368143
militar	-7.1398163
partido	-6.7909384
modelo	-6.501545
popular	-7.263685
lugar	-6.057517
artista	-2.7464461
ministro	-6.8400707
oriental	-6.818718
romano	-5.3578124
papel	-7.2419453
trono	-6.8692703
persa	-6.8257847
java	-7.065015
trentino	-6.4466686
dito	-6.2215853
basketball	-5.9968925
ce	-6.7705984
trento	-6.437007
news	-6.8692703
gram	-7.0383463
pictures	-6.8993473
negros	-6.946231
kultura	-7.0038605
hindi	-3.7678437
protista	-6.8993473
code	-6.157774
sang	-7.1301537
cctld	-6.3022738
arabia	-7.0038605
saudi	-6.9954214
vicenza	-6.9542637
antas	-7.199834
kingdom	-7.199834
pati	-7.111106
mag	-6.6097584
lahat	-5.9194727
sari	-6.914732
kendal	-7.2859087
verona	-7.1693745
koran	-6.978754
cebu	-6.5541887
leyte	-6.987053
santander	-6.876705
samar	-6.914732
ji	-6.7119493
year	-5.981531
nueva	-7.23125
mayo	-5.800735
hari	-6.1115847
mula	-3.584468
anak	-5.6630774
jun	-7.199834
domain	-6.2254686
muslim	-7.263685
gaya	-6.946231
titik	-6.5596094
matematika	-7.1301537
kastila	-5.5659547
isa	-4.432413
marso	-5.829124
level	-6.233281
comune	-6.0093536
arabo	-6.9954214
senso	-4.5324626
pag	-4.6978908
adige	-6.432211
lecce	-7.1301537
umbria	-7.199834
english	-5.885667
halaman	-6.6807947
batas	-5.9604144
sakit	-6.9542637
pangkat	-5.7805834
broadcasting	-6.3946476
klase	-7.2859087
puno	-6.930358
philippines	-6.86189
phase	-6.6807947
occidental	-6.9542637
rayon	-6.847291
ari	-6.847291
persian	-6.73112
musika	-6.8400707
politiko	-4.7842884
siglo	-6.7773323
enero	-5.6946115
gobernador	-6.6807947
emperador	-5.795659
rin	-4.8588214
filipino	-6.451535
manila	-6.946231
olimpiko	-6.818718
produkto	-7.1301537
associated	-6.832902
bc	-5.5499864
prefecture	-5.4271555
dating	-5.4997826
philippine	-5.7390633
sung	-7.1398163
bce	-6.3673735
phylum	-7.199834
kay	-5.9968925
literal	-6.094372
abs	-5.053119
gma	-5.0799828
jung	-6.289748
shin	-7.1794252
barangay	-6.7441072
cbn	-5.0543246
uri	-4.485617
südtirol	-6.4564247
direktor	-7.1495724
mang	-4.635678
isang	-1.0919619
mga	-1.959943
bansang	-2.6898808
pilipinas	-2.7310858
hapon	-2.9068356
telebisyon	-3.1569633
noong	-3.2659888
lungsod	-3.3340168
palabas	-3.435761
timog	-3.5315251
bilang	-3.5576463
ingles	-3.5770059
lalawigan	-3.6477313
ika	-3.8072648
pang	-4.1031837
maaaring	-4.189264
ayon	-4.2134233
planetang	-4.2657576
pangunahin	-4.2657576
pelikula	-4.302613
isip	-4.315206
kathang	-4.3291273
tumukoy	-4.3849807
kilalang	-4.3849807
siya	-4.4005427
taon	-4.415077
sining	-4.438911
populasyon	-4.4421754
kalendaryong	-4.4972973
klaseng	-4.5367665
matatagpuan	-4.5937138
kabahayan	-4.597526
nito	-4.6168094
araw	-4.654909
aawit	-4.663849
hanggang	-4.664665
katao	-4.7166467
kilala	-4.745457
munisipalidad	-4.7787786
unang	-4.86779
kanyang	-4.8768396
ipinanganak	-4.8768396
italya	-4.8993125
bahagi	-4.960002
seryeng	-4.9766045
saan	-5.018776
upang	-5.048311
sumusunod	-5.049511
taong	-5.05795
tinatawag	-5.0949454
itong	-5.135977
ibang	-5.1980753
ginagamit	-5.222037
maynila	-5.236405
mehiko	-5.2422104
paaralan	-5.2509823
wikang	-5.2553973
panahon	-5.259832
bansa	-5.274758
silangang	-5.3115153
katoliko	-5.3464394
prepektura	-5.3578124
pilipino	-5.361086
kolehiyong	-5.3726277
pamamagitan	-5.404644
kolombiya	-5.4080744
salitang	-5.418437
tumutukoy	-5.4306645
loob	-5.4774356
dalawang	-5.4811254
pangunahing	-5.492278
disyembre	-5.492278
naging	-5.513053
kabisera	-5.514963
hilagang	-5.5245695
nang	-5.534269
karaniwang	-5.555945
bagay	-5.6325073
tagalog	-5.665297
pilipinong	-5.667522
lamang	-5.6697516
tsina	-5.674226
pangalan	-5.6787205
rehiyong	-5.7107596
kanilang	-5.713088
pagitan	-5.7154217
nobyembre	-5.7224555
amerikanong	-5.7248116
kasama	-5.73429
diyos	-5.736674
katulad	-5.7486787
kasapi	-5.7583876
ilang	-5.7706575
agham	-5.77313
griyego	-5.775608
aklat	-5.7805834
buwan	-5.7855835
pelikulang	-5.7880926
pahina	-5.7906084
gitnang	-5.7931304
aaral	-5.795659
katawan	-5.800735
rehiyon	-5.805837
binubuo	-5.8135395
hulyo	-5.82651
kabilang	-5.8317456
ikalawang	-5.850289
distritong	-5.861042
oktubre	-5.861042
natitira	-5.8664618
manlalaro	-5.8664618
bago	-5.877391
dagat	-5.8884406
mayroon	-5.8884406
pebrero	-5.8912225
ilalim	-5.9052477
walang	-5.9137588
setyembre	-5.9166117
sinaunang	-5.9166117
hunyo	-5.9223423
simbahang	-5.933903
buong	-5.9426622
nag	-5.981531
buhay	-5.981531
dekada	-5.993801
niya	-6.015643
bagong	-6.015643
maraming	-6.015643
punong	-6.0219717
siyang	-6.0283413
kalakhang	-6.0283413
sistemang	-6.031542
leap	-6.0379725
kasaysayan	-6.044445
pranses	-6.0542326
pangulo	-6.057517
tatlong	-6.0674343
pagkatapos	-6.0741014
pamahalaan	-6.0774517
opisyal	-6.0808125
probinsiya	-6.0841856
hayop	-6.087569
ngunit	-6.087569
anyo	-6.104664
manunulat	-6.1115847
babae	-6.129098
communi	-6.132638
naglingkod	-6.1433334
kapag	-6.150527
kanlurang	-6.157774
tubig	-6.1650734
nagsimula	-6.1650734
habang	-6.168743
kaharian	-6.172426
larangan	-6.1798334
pangalang	-6.1835575
malaking	-6.1948147
wika	-6.2023907
pambansang	-6.2062006
silangan	-6.217717
kaniyang	-6.2215853
reyna	-6.2254686
maliit	-6.2254686
ilog	-6.233281
namatay	-6.2411556
nanalo	-6.2451153
apat	-6.253084
mayroong	-6.2570915
pinuno	-6.261116
nagmula	-6.261116
partikular	-6.2856073
hapones	-6.2856073
pransiya	-6.289748
ehipto	-6.293906
itinatag	-6.293906
quezon	-6.2980814
gawa	-6.306484
isinulat	-6.3235064
pamilya	-6.3278074
lalaki	-6.3321266
maging	-6.3321266
kasalukuyang	-6.336466
pinakamalaking	-6.336466
artistang	-6.336466
kadalasang	-6.371867
paraan	-6.376382
kahulugan	-6.3854733
huling	-6.39005
salita	-6.3946476
alemanya	-6.3946476
bigkas	-6.3946476
bibliya	-6.3992662
pampolitika	-6.3992662
patimpalak	-6.3992662
ginawa	-6.4085684
heneral	-6.413253
kagandahan	-6.413253
digmaang	-6.4226866
tawag	-6.427437
tulad	-6.432211
pantasyang	-6.432211
talaan	-6.437007
kahariang	-6.441826
panahong	-6.4466686
pagiging	-6.451535
pook	-6.461339
kanluran	-6.461339
nangangahulugang	-6.466277
lumang	-6.47124
pambatas	-6.47124
higit	-6.4762278
ginanap	-6.4762278
baryo	-6.4812403
kinatawan	-6.4862776
sunod	-6.4862776
sangay	-6.4964304
dahon	-6.501545
anumang	-6.501545
mababang	-6.511854
bawat	-6.511854
espanya	-6.527521
mitolohiyang	-6.527521
nakikilala	-6.527521
gawain	-6.538103
pamantasan	-6.538103
ebreo	-6.543436
daigdig	-6.543436
pagkain	-6.543436
subalit	-6.543436
ibig	-6.5487986
hilaga	-6.5487986
laban	-6.5541887
tungkol	-6.5541887
maaari	-6.5705385
orihinal	-6.581588
kastilang	-6.592761
itinuturing	-6.592761
kapulungan	-6.5983953
kagawaran	-6.604061
tunog	-6.604061
sobyet	-6.604061
palaro	-6.604061
kapatid	-6.621253
aprika	-6.6387463
likas	-6.6446457
tipan	-6.6505804
proseso	-6.6565514
naman	-6.6625566
maaring	-6.6625566
nilikha	-6.6625566
serye	-6.668599
kaugnayan	-6.674679
babaeng	-6.674679
iyon	-6.686949
bahay	-6.686949
paggamit	-6.686949
karamihan	-6.686949
zamboanga	-6.69314
mataas	-6.69314
salmonella	-6.6993713
tagapag	-6.6993713
nagsilbing	-6.705641
lupa	-6.7119493
asawa	-6.7119493
griyegong	-6.7119493
bagaman	-6.7119493
malapit	-6.7246885
hukuman	-6.7375917
nagbibigay	-6.7441072
taga	-6.757265
awit	-6.757265
espanyol	-6.7639093
aleman	-6.7639093
uring	-6.7705984
tauhan	-6.7705984
nakilala	-6.7705984
ligtas	-6.7773323
nila	-6.784112
kulay	-6.784112
seksuwal	-6.784112
unyong	-6.784112
katangian	-6.7909384
paggawa	-6.7978115
inglatera	-6.7978115
amerikano	-6.8047314
hyun	-6.8117
kataas	-6.8257847
kamatayan	-6.8257847
taasang	-6.832902
hinggil	-6.832902
davao	-6.8400707
pinaka	-6.8400707
ngayon	-6.8400707
ipinamamahagi	-6.8400707
pandaigdig	-6.847291
ibabaw	-6.847291
halimbawa	-6.847291
kongregasyon	-6.847291
pangkalahatang	-6.8545637
simbahan	-6.86189
ikatlong	-6.86189
kabanalbanalang	-6.86189
saring	-6.86189
isinilang	-6.876705
pamayanan	-6.8841953
cundinamarca	-6.8917427
matapos	-6.8917427
halamang	-6.8917427
diksyunaryong	-6.8917427
oras	-6.8993473
nitong	-6.8993473
minsan	-6.90701
sarili	-6.90701
nagkakaisang	-6.90701
gamit	-6.90701
katumbas	-6.90701
kristiyano	-6.914732
relihiyon	-6.914732
bata	-6.922515
cellphone	-6.922515
panlipunan	-6.922515
kahit	-6.922515
pangalawang	-6.922515
arabiko	-6.922515
palarong	-6.930358
kaugnay	-6.930358
banal	-6.938263
pamagat	-6.938263
sariling	-6.938263
pisikal	-6.946231
awitin	-6.946231
sukat	-6.9542637
hukbong	-6.9542637
imperyong	-6.9542637
akda	-6.9623604
binabaybay	-6.9623604
taganamamahala	-6.9623604
haring	-6.970524
halos	-6.970524
bundok	-6.970524
pagbabago	-6.970524
magmula	-6.970524
kompyuter	-6.978754
turkiya	-6.978754
kinabibilangan	-6.978754
ginamit	-6.978754
dinastiyang	-6.978754
dinastiya	-6.978754
madalas	-6.987053
hee	-6.9954214
hesus	-6.9954214
pandaigdigang	-6.9954214
gumagamit	-6.9954214
katawagan	-7.0038605
bandang	-7.012371
naglalaman	-7.012371
pamilyang	-7.020955
pantelebisyon	-7.020955
kompanya	-7.020955
bakterya	-7.020955
tunay	-7.0296125
mahigit	-7.0296125
mahistrado	-7.0296125
rizal	-7.0383463
katagang	-7.0383463
karagatang	-7.0383463
anim	-7.0471573
batay	-7.0471573
pangulong	-7.0471573
simula	-7.0560455
pagtaas	-7.0560455
katimugang	-7.065015
makabagong	-7.065015
partidong	-7.065015
kuwento	-7.065015
maliliit	-7.065015
ugnayan	-7.065015
pagkakaroon	-7.065015
ipinalabas	-7.065015
iloilo	-7.0740643
malawak	-7.0740643
nakaugaliang	-7.0740643
yoon	-7.0831966
lipunan	-7.0831966
tuwing	-7.0831966
araling	-7.0831966
awiting	-7.0831966
layunin	-7.101716
lupain	-7.101716
mahalagang	-7.101716
makikita	-7.101716
lakas	-7.111106
republikang	-7.111106
ekonomiya	-7.111106
pagkakasunod	-7.111106
kabuuang	-7.111106
init	-7.1205845
laro	-7.1301537
limang	-7.1301537
isda	-7.1301537
walong	-7.1301537
impormasyon	-7.1301537
kasalukuyan	-7.1301537
pasipiko	-7.1301537
dakilang	-7.1398163
gawaing	-7.1398163
kapangyarihan	-7.1398163
pangasinan	-7.1495724
namuno	-7.1495724
eun	-7.159424
halaga	-7.159424
bumubuo	-7.159424
parehong	-7.159424
hugis	-7.159424
sasakyang	-7.159424
kauna	-7.1693745
sayaw	-7.1693745
larong	-7.1693745
kimikal	-7.1693745
selula	-7.1693745
rehyon	-7.1794252
ilocos	-7.189577
batangas	-7.189577
bato	-7.189577
digmaan	-7.189577
karaniwan	-7.189577
tangway	-7.199834
kapwa	-7.199834
labas	-7.2101965
kaalaman	-7.2101965
labanan	-7.2101965
hangganan	-7.2101965
sakop	-7.2101965
miyembro	-7.2101965
balat	-7.220668
tsino	-7.220668
sibil	-7.23125
hangin	-7.23125
linggo	-7.23125
tinutukoy	-7.23125
inilabas	-7.23125
lanao	-7.2419453
camarines	-7.2419453
aktres	-7.252756
ugat	-7.252756
indiya	-7.252756
nagtapos	-7.252756
unahang	-7.252756
panitikang	-7.252756
teoriya	-7.263685
hanay	-7.263685
pangkaraniwang	-7.263685
kapuluan	-7.2747355
pisika	-7.2747355
kalagayan	-7.2747355
halalan	-7.2747355
imperyo	-7.2747355
baybayin	-7.2859087
pinoy	-7.2859087
sikat	-7.2859087
iisang	-7.2859087
inggles	-7.2859087
organisasyon	-7.2859087
lalaking	-7.2859087
pakikipagniig	-7.2859087
