بار	-3.1797986
كم²	-4.313626
بولسا	-2.2937174
ۋە	-2.429493
بىر	-2.4831972
نوپۇس	-2.794136
بولۇپ	-2.8325105
يىلى	-2.9034262
ئۇيغۇر	-2.9882922
جايلاخكان	-3.0747843
بىلەن	-3.1291976
بۇ	-3.1797986
لىك	-3.503891
نوپۇسىبار	-3.5086875
خىمالىكاڭ	-3.5232153
دىكىبىخاھار	-3.5579586
دائىرائىقىدا	-3.5887299
شىنجاڭ	-3.7163267
بولغان	-3.7524753
ئۇزۇنلۇك	-3.7586293
خارىكى	-3.7963696
ئۇنىڭ	-3.8289456
خەلق	-3.8490133
كۇۋادىرات	-3.9117517
ئۇ	-3.9634237
ئەڭ	-4.0422044
دەپ	-4.050435
بىرى	-4.118838
كىلومەتىر	-4.1366954
جۇمھۇرىيىتى	-4.1548777
ئاپتونوم	-4.1733966
ياكى	-4.1733966
شەھىرى	-4.1827865
يېقىن	-4.2018347
چوڭ	-4.231105
ۋىلايىتى	-4.2715144
قىلغان	-4.281877
ئىككى	-4.3244367
ئەتراپتىكى	-4.335366
خىل	-4.346416
رايونى	-4.3575892
كۈنى	-4.3575892
دۆلەتلەتدە	-4.3575892
قوللىندۇ	-4.3575892
بولىدۇ	-4.368889
كەلگەن	-4.4154086
ئويۇن	-4.4154086
تۈركىيە	-4.439506
دېگەن	-4.4517765
يىل	-4.4767776
ئاينىڭ	-4.4895167
ناھىيىسى	-4.515492
جايلاشقان	-4.515492
جۇڭگو	-4.555766
كېيىن	-4.555766
جۇڭخۇا	-4.569559
ئۆز	-4.59773
ئوتتۇرا	-4.6121187
تۇغۇلغان	-4.6121187
يەر	-4.6267176
ئايدا	-4.6267176
ئىگە	-4.641533
قىلىپ	-4.641533
نەشر	-4.641533
تىلىدا	-4.7030907
مىللىتى	-4.7353516
ئەنئەنىۋى	-4.7353516
قاتارلىق	-4.751881
ئادەم	-4.751881
تىلى	-4.7857823
ئويۇنى	-4.803174
ئاسىيا	-4.8208737
ئافرىقا	-4.8388925
رايۇننومۇرى	-4.8572416
باشقا	-4.8572416
ھەر	-4.8759336
ئۇيغۇرلار	-4.8759336
ئارقىلىق	-4.894982
كۆپ	-4.894982
قۇرۇلغان	-4.9143996
قەدىمكى	-4.9342027
دۇلات	-4.9342027
ئىچىدىكى	-4.9342027
ئاڭ	-4.9342027
پوقتانومۇرى	-4.9544053
ئاساسەن	-4.9544053
ئۈچۈن	-4.9544053
پايتاھتى	-4.975024
قوڭ	-4.975024
خاھرى	-4.975024
ئېلىپ	-4.975024
مەدەنىيەت	-4.996078
دۆلەت	-5.017584
يەنە	-5.017584
شىمالىي	-5.017584
تەرىپىدىن	-5.039563
قىلىش	-5.039563
ئامېرىكا	-5.039563
يېڭى	-5.062036
بۇلۇپ	-5.062036
سۆزلەيدىغان	-5.062036
ژۇرنال	-5.062036
قىلىدۇ	-5.0850253
ئۆلكىسى	-5.0850253
قەشقەر	-5.108556
باشلاپ	-5.108556
يېزا	-5.132653
قارايدۇ	-5.157346
دىكى	-5.182664
قىلىنغان	-5.182664
ئىچىدە	-5.182664
داڭلىق	-5.182664
مۇھىم	-5.208639
جەھەتتىن	-5.208639
شۇ	-5.208639
جەنۇبىي	-5.208639
ئاتىلىدۇ	-5.208639
قىلىدىغان	-5.208639
تۇنجى	-5.208639
دۇنياغا	-5.2627063
ئۈچ	-5.2627063
خەلقىنىڭ	-5.2627063
باشلىغان	-5.2627063
يىلدىن	-5.2908773
شەھەر	-5.3198647
ئىسلام	-5.3198647
كەڭ	-5.3198647
نىڭ	-5.3198647
دائىرىسى	-5.3198647
مەمۇرى	-5.3198647
تىل	-5.3198647
مەشھۇر	-5.3198647
نامى	-5.3198647
ئەدەبىيات	-5.3198647
ئوقۇغان	-5.3198647
ھەم	-5.349718
ئۆتكەن	-5.349718
يىلىدىن	-5.349718
باش	-5.3804893
قۇياش	-5.3804893
ئەلەيھىسسالام	-5.3804893
ياۋروپا	-5.3804893
ئۇزاق	-5.3804893
