i	-6.8233423
the	-4.1808786
of	-5.8234243
e	-6.0102997
ti	-9.679734
to	-7.3825693
o	-7.1163454
a	-5.3356657
bi	-9.552982
si	-9.409088
and	-7.096757
nigeria	-8.9566345
may	-9.679734
de	-5.2622786
is	-7.881241
december	-7.582712
n	-6.842554
in	-6.1197634
c	-5.225466
nobel	-9.409088
state	-9.666311
xa	-7.8924894
le	-7.0582047
ii	-7.490803
na	-6.8144493
u	-8.281685
q	-9.646509
lot	-8.143158
s	-5.7397285
y	-7.0286837
m	-6.2368507
g	-6.534011
da	-8.218609
b	-6.419821
ga	-9.082235
p	-6.30779
t	-6.3823967
k	-6.259574
ta	-8.059544
keng	-9.666311
bor	-9.529452
al	-7.9591417
sa	-8.075717
d	-5.9837856
r	-5.7278414
l	-5.3041472
sm	-8.258582
ma	-5.8399916
v	-7.5153246
h	-5.760575
li	-9.139612
x	-7.615612
z	-8.224897
j	-5.676217
so	-8.156325
sud	-9.517891
en	-7.4855175
f	-5.921682
uy	-7.8734417
san	-7.5877037
km	-9.7002125
it	-8.425043
ra	-5.8723216
km2	-7.188094
me	-8.426971
moskva	-9.31097
mart	-7.5810537
on	-8.3348255
el	-8.631942
rock	-8.203056
new	-6.474738
schleswig	-7.4938354
tam	-7.442048
holstein	-7.6147547
su	-9.349071
la	-5.283535
video	-8.902395
alt	-9.633522
van	-6.5181446
john	-7.8194323
paris	-7.880123
york	-8.258582
pop	-9.000193
an	-6.4882574
internet	-8.731526
km²	-5.248033
park	-9.183886
var	-9.074828
grand	-8.966519
robert	-8.3615885
michael	-9.506463
james	-8.827621
jean	-8.631942
william	-9.045735
web	-8.705685
do	-5.9692984
charles	-9.093451
david	-9.183886
for	-8.33131
george	-8.695533
paul	-8.67801
saint	-6.200367
los	-9.097217
world	-4.3714
berlin	-9.4352
iii	-8.629575
national	-9.353937
windows	-8.874828
at	-8.911756
city	-8.517851
richard	-9.552982
microsoft	-9.419452
peter	-9.056546
et	-6.4381456
opera	-9.679734
model	-9.653067
latin	-9.104793
von	-8.1230135
football	-9.301668
santa	-9.045735
thomas	-8.606209
ki	-7.6848507
tan	-8.728911
international	-8.80765
são	-9.51216
cup	-9.301668
black	-9.256412
del	-8.488683
you	-9.653067
angeles	-9.595542
all	-9.529452
league	-8.563265
di	-7.1210413
washington	-7.913062
joseph	-8.610839
one	-9.620701
can	-8.804829
louis	-8.918045
martin	-7.8580227
st	-8.062222
no	-9.163518
maria	-9.31097
jackson	-8.181681
pakistan	-9.147517
henry	-7.8027477
top	-9.653067
der	-7.9235086
entertainment	-9.234529
pierre	-8.178664
lee	-8.758053
google	-9.440505
united	-8.8480015
iv	-9.363741
county	-8.428904
florida	-8.324317
karl	-9.47294
nato	-9.646509
du	-7.1529255
american	-9.339409
edward	-9.260846
life	-7.936427
des	-8.345445
man	-9.51216
company	-9.4352
friedrich	-9.633522
tom	-8.488683
as	-8.695533
king	-8.083902
by	-8.918045
rendsburg	-9.506463
alexander	-9.495163
bas	-8.29852
eckernförde	-9.529452
tokyo	-9.2476015
university	-9.204676
tour	-9.589351
or	-7.7802525
balkan	-9.62709
corporation	-9.339409
williams	-9.265301
west	-8.159275
iso	-9.653067
w	-6.386403
games	-9.673
kar	-9.69334
carl	-8.802016
harry	-9.571001
manga	-8.940374
with	-9.078525
day	-9.571001
center	-8.973165
sur	-6.9259014
kim	-5.5298657
red	-9.2476015
anime	-9.135683
from	-8.147528
flensburg	-9.653067
scott	-8.943605
jersey	-9.583197
jones	-9.419452
smith	-7.4463835
sudan	-9.595542
lauenburg	-9.666311
dc	-6.5345926
peru	-8.059544
ba	-6.3904257
tanzania	-7.96399
cha	-8.655923
au	-9.429923
guinea	-7.9200144
papua	-8.438622
kenya	-8.558849
indonesia	-7.4631786
tu	-8.526344
bunge	-7.9531145
lake	-8.079801
california	-7.720401
italia	-9.653067
uganda	-8.620163
leo	-9.31097
north	-8.12159
east	-8.658354
ethiopia	-9.278784
central	-9.500797
malaysia	-7.689456
nepal	-9.495163
wikipedia	-9.571001
massachusetts	-9.541148
ghana	-9.315655
angola	-9.208886
brazil	-9.601773
kommun	-9.104793
wilhelm	-9.7002125
men	-9.646509
walker	-7.9799128
henri	-8.275029
hermann	-9.398832
creek	-8.283356
johannes	-8.534909
tipula	-6.9525003
warren	-9.2476015
lac	-9.03504
onthophagus	-6.943701
linné	-9.265301
island	-9.200483
baker	-6.442912
tre	-8.556649
psychotria	-7.136325
julius	-7.1252346
eupithecia	-7.41502
astragalus	-6.8629513
bulbophyllum	-6.4498386
album	-7.4892893
brown	-8.432779
catalogue	-8.035765
strand	-9.052929
günther	-9.063819
london	-9.049326
dendrobium	-7.5860367
anomala	-9.315655
fabricius	-7.9223423
cockerell	-6.5519075
piper	-7.6121874
butler	-9.196308
ha	-9.260846
euphorbia	-7.0626345
gracilis	-7.7396326
epidendrum	-7.483261
andré	-9.213115
elmer	-8.340121
carex	-7.06758
scopula	-8.354382
wang	-8.874828
idaea	-7.6121874
leonard	-9.007066
lasioglossum	-7.2245445
hill	-9.03504
eugenia	-7.709038
yang	-8.6272135
dicranomyia	-7.70998
syzygium	-7.663931
miconia	-8.106064
lepanthes	-7.741576
kom	-9.292452
megachile	-7.3597345
elegans	-7.8449936
molophilus	-7.790415
gray	-8.976503
lucas	-9.639994
luer	-6.8125267
andrena	-7.3684034
bromeliaceae	-6.804492
chen	-8.777049
loew	-8.700596
walter	-8.856864
bicolor	-7.8493176
cameron	-9.024458
version	-4.4613895
ichneumon	-7.901581
acacia	-7.5476494
bay	-6.006689
urban	-8.989971
jordan	-9.673
anthurium	-7.911908
stelis	-7.796562
rubus	-8.868804
schmidt	-7.484765
similis	-8.275029
habenaria	-7.9799128
becker	-8.989971
pterolophia	-7.9786787
phyllanthus	-7.8913593
euxoa	-8.012538
minor	-8.184707
mount	-9.653067
arecaceae	-6.9118013
orientalis	-8.301922
ranunculus	-8.782544
australis	-8.30876
affinis	-8.181681
diospyros	-8.174156
river	-8.845064
semiothisa	-8.078438
simplex	-8.376161
peperomia	-7.9317102
asplenium	-7.250993
justicia	-8.73941
macquart	-8.680494
eric	-9.462011
montana	-8.075717
casey	-8.624858
mesochorus	-8.1417055
banks	-8.244006
werner	-9.200483
white	-8.537062
solanum	-8.044945
cresson	-8.587902
nees	-7.345886
perdita	-8.19537
pallida	-8.266772
wu	-9.183886
lund	-8.747357
tillandsia	-7.816283
curran	-9.535283
glenea	-8.2046
intermedia	-8.415455
cornelis	-8.599304
agrotis	-8.190786
rhododendron	-8.247228
lewis	-8.940374
zhang	-9.639994
johnson	-8.33131
cyrtandra	-8.104664
impatiens	-8.921205
wilson	-8.569923
kunth	-7.0547724
araneus	-8.229641
spilosoma	-8.215479
leconte	-7.96399
rhyacophila	-8.093537
young	-9.071145
douglas	-8.813315
eucalyptus	-8.00999
obscura	-8.492798
occidentalis	-8.480502
dioscorea	-8.256951
taylor	-8.271718
hexatoma	-8.30876
ardisia	-7.965206
minuta	-8.763444
sankt	-9.071145
pandanus	-8.063562
gonomyia	-8.319104
masdevallia	-8.319104
ca	-6.965398
clark	-8.80765
pleurothallis	-8.30022
viola	-8.973165
boulenger	-8.490738
south	-7.8321314
nigra	-8.726304
maculata	-8.66568
verhoeff	-8.631942
schefflera	-8.301922
allium	-7.996092
fairmaire	-7.843915
theridion	-8.312196
robusta	-8.61549
elongata	-8.576628
major	-8.752691
cichlidae	-8.183193
japonica	-8.66568
blume	-7.345886
ixora	-8.374328
insularis	-8.698061
navás	-7.3832493
leucania	-8.357979
xanthorhoe	-8.341892
cyathea	-7.8331966
ficus	-7.9495153
inga	-8.744701
song	-7.416424
fall	-9.060176
crambidae	-5.481517
say	-8.799211
eilema	-8.4603405
grandis	-8.5947275
amata	-8.4543705
euphyia	-8.4405775
sybra	-8.456356
silene	-8.617824
sharp	-7.5711603
erica	-7.905011
blanchard	-9.673
hamilton	-9.116265
britton	-7.9004393
anisodes	-8.482541
westwood	-9.414256
wiedemann	-8.989971
lawrence	-9.116265
perkins	-9.120119
elaphoglossum	-7.8635025
indica	-8.877854
bruce	-8.788069
aloe	-8.444499
fasciata	-8.658354
nomada	-8.128728
capensis	-8.782544
miller	-9.673
tenuis	-8.777049
hand	-8.001123
shaw	-8.253699
hylaeus	-8.107466
crotalaria	-8.125866
pardosa	-8.398425
rose	-7.936427
catocala	-8.411646
philodendron	-8.578873
nephrotoma	-8.581122
friese	-7.52077
eriocaulon	-8.515739
cyperus	-8.1173315
glypta	-8.572153
longipes	-8.519968
insignis	-8.713367
dusona	-8.592447
unicolor	-8.675531
hadena	-8.567699
indigofera	-8.171163
selaginella	-8.4464655
brasiliensis	-8.742052
mexicana	-8.587902
polygala	-8.793624
enicospilus	-8.148989
mirabilis	-8.9566345
pic	-6.46194
apicalis	-8.66568
punctata	-8.779793
pedicularis	-8.705685
monticola	-8.726304
mez	-7.9293604
quercus	-8.285029
paepalanthus	-8.636692
copelatus	-8.6272135
africana	-8.853901
land	-8.3652115
elatostema	-8.436671
sapotaceae	-9.188009
dryopteridaceae	-6.456275
galium	-8.231227
fusca	-9.085959
apamea	-8.66568
festuca	-8.210802
viridis	-8.921205
harms	-7.8417625
diplazium	-8.178664
texas	-7.0248756
flava	-8.877854
wood	-9.646509
borealis	-9.424673
pottiaceae	-6.517
gnophos	-8.728911
ornata	-9.100998
pristimantis	-8.979854
mitchell	-8.758053
calamus	-8.721109
reticulata	-8.963214
grant	-9.213115
clubiona	-8.610839
grevillea	-8.758053
acronicta	-8.728911
marshall	-8.979854
ruiz	-8.067597
marginata	-8.663232
hypena	-8.698061
chimarra	-8.218609
modesta	-8.914895
pitcairnia	-8.728911
chloroclystis	-9.646509
horn	-8.76615
pulchra	-8.973165
wild	-7.702468
diels	-7.8406878
mimosa	-8.247228
parva	-9.287875
elaeocarpus	-8.499002
pusilla	-8.76615
ilex	-8.648668
nana	-8.80765
salix	-8.744701
eriocaulaceae	-7.821538
ocotea	-8.890049
green	-9.269775
nitida	-8.804829
pubescens	-8.452388
brunnea	-9.013987
ipomoea	-8.963214
nyctemera	-8.796413
little	-9.589351
longicornis	-9.060176
spinosa	-9.097217
sinensis	-8.943605
hirsuta	-8.788069
minima	-8.983214
humilis	-8.682985
asura	-8.845064
abraxas	-8.750021
town	-7.3354626
variegata	-8.918045
pteridaceae	-6.607604
cook	-9.31097
pilea	-9.230209
carolina	-8.747357
kuntze	-7.542056
costa	-8.329557
dorcadion	-8.758053
pavetta	-8.799211
fraser	-8.3816805
myrcia	-8.750021
exocentrus	-8.824744
leioproctus	-8.853901
argentina	-8.4464655
wright	-9.595542
chinensis	-8.705685
liparis	-8.7715845
arrow	-8.850946
croton	-7.5935593
ommatius	-8.263488
dubia	-9.163518
timberlake	-7.910755
acrocercops	-8.859836
meridionalis	-9.188009
polystichum	-8.655923
erichson	-8.779793
xyris	-8.802016
rufescens	-8.673059
barneby	-8.608521
poa	-7.9305344
oxytropis	-8.30876
cleora	-8.883933
variabilis	-9.0315
coelioxys	-8.458346
rosa	-9.47294
garcinia	-8.646261
tephrosia	-8.799211
dryopteris	-7.6381636
vi	-7.4551105
pacifica	-9.686514
regel	-8.3615885
area	-8.744701
minutus	-9.163518
geranomyia	-8.804829
bauhinia	-8.824744
ormosia	-8.839216
laurent	-9.47845
am	-8.175657
media	-9.265301
lineata	-9.100998
dicranaceae	-6.973037
californica	-9.353937
striata	-9.131769
lithocarpus	-8.874828
pilosa	-8.927554
stapf	-8.181681
perry	-9.256412
flavescens	-8.880889
ching	-7.290476
acuminata	-8.705685
vriesea	-8.39468
leptotarsus	-8.918045
ames	-8.012538
niger	-9.067475
glochidion	-8.893122
lupinus	-8.356178
passiflora	-8.774313
caloptilia	-8.911756
pulchella	-8.883933
symplocos	-9.440505
montanus	-8.993367
mitt	-6.7667227
lissonota	-8.685482
oxalis	-9.067475
ophiorrhiza	-8.950099
alpina	-8.896203
tristis	-9.100998
oberonia	-8.902395
alba	-9.120119
maxillaria	-8.924374
brevis	-9.344228
xysticus	-8.750021
fissidens	-8.075717
macromitrium	-8.613161
peters	-9.01052
fallax	-9.085959
pero	-8.70824
desmodium	-8.890049
elongatus	-9.31097
intermedius	-9.51216
macaranga	-8.946847
berberis	-8.326061
flavipes	-9.32036
freycinetia	-8.973165
tachina	-8.959919
dolichopeza	-8.933944
teucholabis	-8.983214
aristida	-8.979854
pennsylvania	-6.7395716
pax	-8.099086
ferruginea	-8.890049
fimbristylis	-8.933944
garay	-8.653499
inermis	-9.535283
saxifraga	-8.653499
pteris	-8.071649
acalypha	-8.550077
clinton	-9.339409
zamarada	-8.973165
primula	-8.865806
trentepohlia	-8.996774
chile	-7.8268204
illinois	-6.6752567
oecetis	-8.499002
cryphia	-8.966519
colletes	-8.54572
chamaecrista	-8.930743
melaleuca	-9.089698
spring	-8.969836
cryptocarya	-8.782544
gynoplistia	-9.01052
panicum	-8.585637
laphria	-8.50316
demonax	-8.966519
ohio	-6.8194656
iris	-8.874828
dispar	-9.409088
potentilla	-9.500797
cucullia	-8.950099
hymenophyllum	-8.673059
carter	-9.51216
ruellia	-9.571001
hypnaceae	-6.801448
zodariidae	-7.797591
laevis	-9.19215
nigrescens	-8.914895
cinnamomum	-8.747357
neolophonotus	-8.411646
blake	-9.445838
peak	-9.315655
chilensis	-9.225908
glabra	-8.969836
eunidia	-9.03504
limnophila	-9.353937
tricolor	-9.056546
erioptera	-9.063819
vaccinium	-9.495163
madagascariensis	-8.819014
netelia	-9.403947
confusa	-9.127871
phyllonorycter	-8.70824
eragrostis	-8.624858
polystachya	-9.000193
oberea	-9.024458
maculatus	-9.329839
oxyopes	-9.000193
robustus	-9.500797
prosopocera	-9.056546
picta	-9.200483
pérez	-8.824744
thelypteridaceae	-6.697608
libnotes	-9.067475
virginia	-8.886987
leptogaster	-8.46434
grisea	-9.135683
truncata	-9.260846
gelis	-9.063819
americana	-9.583197
thelypteris	-7.7338247
dendrochilum	-9.071145
gigantea	-9.159493
dentata	-9.256412
sachsen	-8.031856
bryum	-7.6621323
mollis	-8.785302
porcellio	-9.071145
corydalis	-8.30876
boarmia	-9.085959
gilg	-8.50316
blackburn	-8.750021
tibouchina	-9.666311
anthophora	-8.636692
spermacoce	-9.0315
austin	-9.358827
olivier	-9.269775
villosa	-8.969836
dalbergia	-9.060176
delphinium	-8.565479
perizoma	-9.0315
brevicornis	-9.48399
pallidus	-9.358827
tibialis	-9.074828
lipotriches	-9.067475
clusia	-8.950099
athetis	-9.003623
speciosa	-8.859836
malpighiaceae	-7.68577
yunnanensis	-8.868804
selys	-8.178664
campanula	-8.613161
xylocopa	-8.715941
sematophyllaceae	-7.1920166
bryaceae	-6.8953905
arenaria	-8.703137
carinata	-9.4352
splendens	-9.135683
machimus	-8.813315
discolor	-8.883933
decipiens	-9.007066
gressitt	-8.713367
natalensis	-9.358827
sleumer	-8.893122
caladenia	-9.067475
formosana	-9.260846
tuberculata	-9.363741
bakeri	-9.265301
rolfe	-8.340121
laccophilus	-9.093451
polypodiaceae	-6.3962355
alcis	-9.104793
angustifolia	-8.587902
roth	-9.558953
vittata	-9.329839
parvula	-9.179778
greene	-7.8428383
pygmaea	-9.155486
sophronica	-9.131769
val	-7.131028
concolor	-9.217361
rufa	-9.089698
borneensis	-9.155486
aristolochia	-8.49693
xestia	-9.112427
copris	-9.135683
aspalathus	-9.085959
richardson	-9.104793
eria	-8.865806
palicourea	-8.930743
huber	-9.614351
lobelia	-8.634314
dixon	-7.8471527
ducke	-8.253699
amegilla	-9.171616
inoue	-9.529452
debilis	-9.143558
rufipes	-9.274269
stipa	-8.713367
rosea	-9.116265
acalolepta	-9.159493
serrata	-9.349071
orthosia	-9.085959
cinerea	-9.135683
crepidium	-9.120119
chionaema	-9.179778
lea	-8.522089
series	-9.552982
ukraina	-8.537062
obscurus	-9.403947
singularis	-9.409088
aurea	-9.112427
indicus	-9.456591
lutea	-9.251997
loranthaceae	-7.996092
hydropsyche	-8.492798
hydriomena	-9.082235
distincta	-9.506463
wales	-8.561054
sedum	-8.821875
japonicus	-9.589351
rhynchosia	-9.159493
big	-9.646509
grandiflora	-8.758053
nigricans	-9.155486
basalis	-9.159493
olios	-9.139612
lanceolata	-8.914895
fragilis	-9.334613
calyptranthes	-9.089698
ozarba	-9.167559
nitens	-9.265301
uniformis	-9.287875
hibiscus	-9.589351
nigripes	-9.344228
promachus	-8.610839
parviflora	-8.80765
aechmea	-9.243225
eublemma	-9.167559
bayern	-7.1982117
alpinia	-9.179778
hybosoridae	-8.305335
armadillidae	-8.310476
draba	-8.613161
paulian	-9.171616
formosa	-9.287875
long	-6.4791327
triana	-8.613161
scleria	-9.127871
philippinensis	-9.221625
ecnomus	-9.020955
dicranota	-9.085959
bad	-8.421197
peruviana	-8.883933
oncidium	-8.979854
guatteria	-9.089698
oldenlandia	-9.175689
eriopyga	-9.234529
punctatus	-9.368679
wurdack	-8.438622
acontia	-9.221625
lateralis	-9.265301
pouteria	-9.159493
armata	-9.608043
anderson	-8.777049
gentiana	-8.804829
gracilipes	-9.243225
cope	-9.01052
hoplitis	-8.824744
bella	-9.409088
tang	-9.183886
benoist	-8.853901
spreng	-8.154854
dodson	-8.261849
grewia	-8.893122
kimmins	-9.589351
lundell	-8.270066
helius	-9.265301
rugosa	-9.419452
hagen	-9.027972
aspleniaceae	-7.037305
péringuey	-9.614351
rhynchospora	-8.80765
lasianthus	-9.230209
adams	-8.853901
paradoxa	-9.283319
setosa	-9.577081
lycosa	-9.188009
limonia	-9.315655
webb	-9.552982
beilschmiedia	-9.017465
oxira	-9.204676
osmia	-8.830508
tomentosa	-8.893122
ceratina	-8.856864
caudata	-9.038592
porphyrinia	-9.234529
carcelia	-9.274269
airy	-8.333066
marseul	-9.353937
cheumatopsyche	-8.81616
ctenus	-9.217361
barleria	-9.139612
ovata	-9.108603
iran	-8.763444
brevipes	-9.123987
aberrans	-9.614351
adesmia	-9.260846
velutina	-9.074828
clusiaceae	-9.571001
craib	-8.340121
mexicanus	-9.523655
panamensis	-9.301668
arctia	-9.042157
georgia	-8.731526
puya	-9.256412
angraecum	-9.344228
phoradendron	-9.673
licania	-9.2970495
spectabilis	-9.147517
chlorophorus	-9.260846
bupleurum	-9.339409
rubra	-9.419452
linearis	-9.007066
eucereon	-9.287875
gigas	-9.47845
xu	-9.221625
versicolor	-9.274269
fasciatus	-9.541148
eremophila	-9.183886
papuana	-9.393743
fulva	-9.265301
mesoleptus	-9.306309
christ	-8.229641
prasinocyma	-9.2970495
magnifica	-9.409088
smilax	-9.104793
dysdera	-9.151494
hogna	-9.221625
clayton	-9.419452
adiantum	-8.474411
victoria	-8.813315
combretum	-9.020955
orthotrichaceae	-7.4705696
papilio	-9.3886795
ornatus	-9.489561
crawford	-8.918045
calathea	-9.074828
siphocampylus	-9.208886
athyrium	-8.234406
hydrovatus	-9.349071
nephodia	-9.32036
hms	-7.8778906
cissus	-8.918045
guillaumin	-8.7715845
croat	-8.444499
angulata	-9.467461
adonisea	-9.31097
müll	-5.9015517
bimaculata	-9.620701
ravenna	-8.3490095
diadegma	-9.339409
rhipidia	-9.339409
baden	-8.160753
missouri	-7.284299
lieftinck	-8.436671
sphecodes	-8.899294
campoplex	-9.329839
clidemia	-9.633522
phreatia	-9.315655
latifolia	-8.874828
paspalum	-8.893122
tmesisternus	-9.151494
wight	-8.70824
tetragnatha	-8.886987
glauca	-9.147517
reitter	-7.913062
ectropothecium	-8.943605
eriogonum	-9.147517
ferula	-9.414256
ammophila	-8.631942
ciliata	-9.127871
philodromus	-9.139612
exilis	-9.269775
purpurea	-9.139612
pusillus	-9.583197
dianthus	-8.859836
valeriana	-9.260846
ochracea	-9.535283
hiern	-8.442536
cardot	-7.60283
dioscoreaceae	-8.2046
eryngium	-9.100998
guzmania	-9.363741
triangularis	-9.467461
setodes	-8.911756
coelichneumon	-9.358827
goldblatt	-8.777049
aconitum	-8.874828
aurantiaca	-9.393743
columbia	-8.651081
chrysopa	-9.260846
neglecta	-9.462011
michigan	-7.353776
hirtz	-8.29852
violacea	-9.409088
erythroxylum	-9.127871
stenopogon	-8.966519
sericea	-9.093451
cestrum	-9.167559
calanthe	-9.467461
cordia	-8.680494
simulans	-9.495163
semaeopus	-9.37863
interrupta	-9.363741
hágsater	-8.40785
bulbostylis	-9.353937
ectropis	-9.349071
philosciidae	-8.515739
macrophylla	-9.01052
heliotropium	-9.620701
pav	-8.138807
reducta	-9.601773
millettia	-9.358827
guérin	-9.292452
rigida	-9.151494
telipogon	-9.353937
tinodes	-9.188009
centropogon	-9.31097
sierra	-9.155486
smithii	-9.060176
moraea	-9.368679
abdominalis	-9.445838
pumila	-9.151494
centris	-9.339409
geranium	-8.648668
nobilis	-9.595542
clematis	-8.760745
heteropoda	-9.287875
brandenburg	-8.842136
barnard	-8.946847
lucida	-9.349071
dombeya	-9.287875
exorista	-9.403947
athyriaceae	-7.7261324
wahlenbergia	-9.116265
crassipes	-9.517891
austrolimnophila	-9.47294
rostrata	-9.589351
union	-8.543549
eulophia	-9.353937
anomis	-9.429923
ouratea	-9.608043
harrison	-9.171616
blanco	-9.62709
ontario	-9.409088
mexico	-7.2910957
bei	-9.393743
vachal	-8.357979
prosoplus	-9.429923
exochus	-9.03504
castanea	-9.7002125
juncus	-8.824744
alston	-9.398832
myrmarachne	-9.363741
angusta	-9.517891
magnolia	-9.127871
concinna	-9.419452
laporte	-9.589351
zanthoxylum	-9.69334
mclachlan	-9.269775
obtusa	-9.529452
attenuata	-9.424673
chun	-9.292452
pallens	-9.329839
hookeriaceae	-7.910755
air	-8.983214
falcata	-9.403947
nord	-7.037305
tectaria	-9.306309
british	-8.993367
agave	-9.440505
sordida	-9.595542
arcuata	-9.673
coelogyne	-9.419452
valeton	-8.492798
coniopteryx	-9.2970495
petersen	-9.424673
calamagrostis	-9.007066
venusta	-9.467461
bang	-3.930191
schult	-9.564959
exigua	-9.673
cyclophora	-9.564959
dicliptera	-9.243225
israel	-8.81616
striatus	-9.577081
angolensis	-9.329839
alticola	-9.633522
tmarus	-9.283319
phryxe	-9.462011
longifolia	-8.865806
rusby	-8.421197
pterostylis	-9.467461
faramea	-9.315655
taeniophyllum	-9.4352
signata	-9.601773
siamensis	-9.445838
humeralis	-9.3886795
lynch	-9.200483
valley	-8.9533615
ceropegia	-9.315655
mussaenda	-9.419452
les	-7.851486
ex	-6.1974554
agapetus	-9.368679
linnaemya	-9.48399
cosmosoma	-9.462011
asota	-9.467461
eleutherodactylus	-8.244006
morawitz	-8.482541
gerstaecker	-8.8480015
miltochrista	-9.500797
tarenna	-9.414256
dubius	-9.679734
virescens	-9.47845
hiroshi	-8.228057
nitidus	-9.564959
à	-9.564959
disa	-9.48399
obereopsis	-9.500797
limnephilus	-9.429923
em	-8.2046
frontalis	-9.639994
amorphophallus	-9.398832
argentea	-9.424673
wayne	-9.171616
nepalensis	-9.265301
microphylla	-8.996774
dysphania	-9.47294
leucochrysa	-9.47845
obsoleta	-9.620701
hydroporus	-9.424673
gladiolus	-9.049326
howden	-9.238868
virgata	-9.287875
ovalis	-9.547048
pectinata	-9.62709
parallelia	-9.467461
cyphostemma	-9.131769
acanthodelta	-9.558953
zorzines	-9.500797
torre	-9.363741
trichoniscidae	-8.590172
antiblemma	-9.517891
epicauta	-8.728911
ris	-9.424673
coriacea	-9.256412
bolus	-9.409088
lincoln	-6.9560413
inconspicua	-9.666311
ricardo	-9.547048
obliqua	-9.589351
borhidi	-8.763444
capitata	-9.462011
burseraceae	-8.234406
nigriceps	-9.552982
collaris	-9.456591
brachytheciaceae	-7.5476494
micrantha	-9.131769
aphelandra	-9.398832
londt	-8.4603405
maxima	-9.601773
lindau	-8.788069
undulata	-9.315655
colostygia	-9.4512005
onitis	-9.547048
coccoloba	-9.495163
costata	-9.529452
warncke	-8.466347
game	-8.389088
senna	-9.093451
ropica	-9.535283
canescens	-9.167559
agrypon	-9.495163
cooper	-9.614351
dalea	-9.47294
halictus	-9.127871
lithacodia	-9.601773
digitaria	-9.123987
filiformis	-9.363741
jatropha	-9.440505
pallescens	-9.47294
emarginata	-9.653067
minnesota	-6.735651
cristata	-9.608043
catasetum	-9.445838
denticulata	-9.51216
herminia	-9.51216
helicopsyche	-9.089698
germar	-8.989971
eleocharis	-9.104793
horisme	-9.564959
amoena	-9.547048
perrieri	-9.238868
fimbriata	-9.564959
caradrina	-9.517891
bomolocha	-9.571001
gregory	-7.8173313
bopyridae	-8.425043
michener	-8.617824
xylotrechus	-9.48399
olivacea	-9.633522
elliptica	-9.269775
amabilis	-9.47294
agabus	-9.462011
arisaema	-9.47294
lepthyphantes	-9.529452
patellapis	-9.489561
sumatrana	-9.558953
domin	-8.376161
dysstroma	-9.558953
sphaerostephanos	-9.445838
hirta	-9.47845
nemoria	-9.47845
styringomyia	-9.583197
amomum	-9.495163
sematophyllum	-8.905505
kentucky	-9.0315
gardner	-8.927554
tenella	-9.456591
argostemma	-9.595542
depressa	-9.653067
elaphria	-9.614351
stictoptera	-9.601773
aeschynanthus	-9.424673
trifolium	-9.143558
ambigua	-9.506463
costaricensis	-9.4512005
canthon	-9.583197
heliophanus	-9.673
blue	-9.000193
purpurascens	-9.269775
pauciflora	-9.179778
strabomantidae	-8.552263
île	-8.186223
limbata	-9.659667
canthidium	-9.541148
gleason	-8.718522
hispida	-9.373642
cirolanidae	-8.541382
myrmeleon	-9.440505
thulin	-9.51216
superba	-9.62709
javanica	-9.419452
subtilis	-9.686514
hemerobius	-9.419452
shehbaz	-9.143558
marginatus	-9.679734
itame	-9.601773
prain	-8.643861
eutelia	-9.535283
leucauge	-9.577081
schott	-8.663232
nakai	-8.484584
cyatheaceae	-7.2373877
kurz	-8.902395
cynanchum	-9.045735
albescens	-9.4352
tennessee	-9.517891
aeschynomene	-9.601773
varians	-9.673
chirita	-9.4512005
allophylus	-9.306309
cynorkis	-9.589351
drake	-9.558953
hypercompe	-9.666311
klug	-9.3250885
barbata	-9.517891
cyclosa	-9.583197
cyanea	-9.558953
timonius	-9.547048
gamble	-8.937154
lang	-8.979854
meliaceae	-8.320839
albida	-9.659667
dichotomius	-9.620701
hainanensis	-9.419452
burret	-8.943605
agylla	-9.686514
alata	-9.440505
compacta	-9.589351
macrocarpa	-9.315655
hayata	-8.367028
mont	-8.367028
dipterocarpaceae	-9.085959
aspera	-9.571001
psaliodes	-9.62709
atarba	-9.653067
lindsaea	-8.821875
cryptus	-9.62709
scytodes	-9.287875
mordellistena	-7.870117
pavonia	-9.535283
arctosa	-9.547048
amazonica	-9.517891
agrochola	-9.47845
antocha	-9.639994
phasia	-9.659667
württemberg	-8.255324
girard	-9.167559
gracile	-9.353937
machaerium	-9.633522
boliviana	-9.495163
encyclia	-9.517891
lonchocarpus	-9.523655
hirtella	-9.583197
chevrolat	-9.353937
guettarda	-9.577081
maiden	-8.824744
serixia	-9.659667
indiana	-7.4787636
oldroyd	-9.204676
cubensis	-9.620701
harpactea	-9.633522
eucera	-9.265301
lotononis	-9.489561
callopistria	-9.62709
suffusa	-9.620701
rehder	-9.052929
cheiracanthium	-9.500797
triaenodes	-9.208886
eustrotia	-9.653067
cuneata	-9.467461
orimarga	-9.686514
besleria	-9.547048
robertson	-9.659667
muelleri	-9.419452
cuphea	-9.063819
palaeorhiza	-9.69334
cordata	-9.363741
porcellionidae	-8.624858
octomeria	-9.653067
calceolaria	-9.052929
parvifolia	-9.155486
rheumaptera	-9.639994
oligia	-9.653067
restionaceae	-8.444499
eriosema	-9.614351
ceratostylis	-9.679734
calliandra	-9.608043
isopterygium	-9.071145
podlech	-9.283319
cape	-8.996774
franklin	-8.670593
pradesh	-7.486271
popov	-8.799211
lepidium	-9.633522
divaricata	-9.383642
scarabaeus	-9.679734
alain	-9.100998
vahl	-8.718522
femoralis	-9.653067
pridgeon	-9.414256
thrixspermum	-9.679734
coenotephria	-9.679734
guianensis	-9.429923
commiphora	-9.344228
guignot	-8.486631
asperula	-9.2476015
tonkinensis	-9.440505
conistra	-9.517891
siphona	-9.69334
heliconia	-9.363741
asilus	-9.188009
schinz	-9.196308
dipoena	-9.608043
swartzia	-9.595542
licuala	-9.666311
columnea	-9.414256
maritima	-9.666311
erysimum	-9.213115
rondeletia	-9.577081
caesalpinia	-9.595542
oreopanax	-9.653067
euphrasia	-9.200483
ochnaceae	-8.53922
klotzsch	-8.368848
multiflora	-9.238868
floribunda	-9.37863
agrostis	-9.283319
nomia	-9.62709
tragia	-9.646509
rupestris	-9.251997
motschulsky	-8.758053
boheman	-9.003623
dunn	-8.973165
pidonia	-9.653067
sabicea	-9.653067
palustris	-9.69334
sphagnum	-8.6607895
celebensis	-9.646509
rhaphuma	-9.659667
small	-8.47037
moure	-8.663232
paniculata	-9.251997
commelina	-9.2970495
herzog	-8.055541
link	-8.726304
sinuata	-9.608043
ctenidae	-8.442536
syngonanthus	-9.373642
mammillaria	-9.541148
méneville	-9.571001
elymus	-9.283319
ray	-9.097217
species	-7.7242184
nervosa	-9.462011
fissidentaceae	-7.9591417
cuspidata	-9.414256
rufiventris	-9.679734
erythrina	-9.686514
pseudagrion	-9.679734
scabra	-9.541148
ferrara	-8.8480015
gentianella	-8.986588
matelea	-9.230209
budde	-8.760745
meioneta	-9.666311
hymenophyllaceae	-7.4757757
microstylum	-9.067475
polyplectropus	-9.47845
fisch	-8.779793
blüthgen	-8.930743
jamaicensis	-9.659667
blechnum	-9.045735
strandi	-9.639994
erannis	-9.608043
exetastes	-9.679734
epilobium	-9.2970495
calophyllum	-9.349071
sisyrinchium	-9.403947
schwarz	-7.9376097
scotopteryx	-9.349071
albicans	-9.666311
régimbart	-8.218609
diffusa	-9.62709
mesoleius	-9.601773
manchester	-9.393743
dressler	-9.135683
pentaphylacaceae	-8.703137
grisescens	-9.646509
wisconsin	-9.571001
echeveria	-9.558953
crassula	-9.278784
racemosa	-9.456591
acianthera	-9.4512005
automolis	-9.500797
chlorophytum	-9.414256
flexuosa	-9.577081
alopecosa	-9.639994
repens	-9.31097
colorado	-9.013987
morillo	-9.424673
eurya	-9.601773
sprague	-9.47845
stenophylla	-9.31097
cardamine	-9.238868
stricta	-9.37863
rupicola	-9.48399
chi	-4.0412836
trichosteleum	-9.353937
cowan	-9.51216
fasciculata	-9.595542
mucronata	-9.659667
naudin	-8.986588
saropogon	-9.139612
vicia	-9.208886
holmberg	-9.456591
maguire	-8.865806
cyrtopogon	-9.221625
mcvaugh	-8.750021
campylopus	-9.042157
puerto	-9.601773
albuca	-9.679734
gagea	-9.368679
alyssum	-9.373642
rambur	-9.523655
suturalis	-9.564959
triepeolus	-9.686514
cymothoidae	-8.830508
makino	-8.658354
obovata	-9.344228
glandulosa	-9.467461
asparagus	-9.353937
scandens	-9.3250885
ormerod	-9.353937
linden	-9.306309
leptocerus	-9.614351
rendle	-9.230209
im	-9.37863
spicata	-9.614351
sporobolus	-9.456591
vestita	-9.541148
hedysarum	-9.358827
asclepias	-9.403947
co	-9.666311
kreis	-9.577081
euonymus	-9.686514
dichochrysa	-9.283319
westfalen	-9.495163
ceraclea	-9.601773
ampulex	-9.120119
maas	-9.608043
coelotes	-9.529452
miers	-9.221625
laxa	-9.589351
centre	-7.281225
lysimachia	-9.589351
cleome	-9.329839
polycentropus	-9.489561
france	-8.067597
lehr	-9.024458
astracantha	-9.19215
byrsonima	-9.608043
capparis	-9.251997
damalis	-9.274269
draconarius	-9.673
wollaston	-9.204676
sikkimensis	-9.608043
duméril	-9.251997
bolivia	-8.996774
pilg	-8.911756
brachythecium	-8.874828
guatemalensis	-9.577081
castilleja	-9.329839
anthidium	-9.51216
hydrobiosidae	-8.66568
boeckeler	-8.880889
ohwi	-9.104793
brachystelma	-9.633522
not	-9.368679
maire	-9.409088
cryptantha	-9.329839
munnopsidae	-8.896203
sphex	-9.225908
census	-7.486271
mecklenburg	-7.915374
densiflora	-9.440505
killip	-9.238868
mississippi	-8.3652115
gypsophila	-9.4512005
leucoloma	-9.673
crassifolia	-9.462011
bidens	-8.914895
cerastium	-9.363741
bartramiaceae	-8.094921
kobayashi	-9.287875
glaucescens	-9.620701
lesne	-8.886987
tenuifolia	-9.403947
bracteata	-9.564959
dufourea	-9.564959
dicranella	-9.167559
hopper	-9.409088
bromley	-9.071145
anemia	-9.506463
entodon	-9.601773
parris	-8.865806
philonotis	-9.143558
western	-9.673
lotus	-9.564959
saxicola	-9.673
ornithogalum	-9.506463
henryi	-9.577081
alabama	-9.7002125
colombia	-8.268418
menzies	-8.993367
malaxis	-9.51216
pungens	-9.529452
fée	-8.833403
tricyphona	-9.373642
auriculata	-9.541148
pfalz	-7.1220884
coccinea	-9.69334
craven	-9.646509
leme	-9.344228
macrantha	-9.589351
dioctria	-9.48399
ingrid	-8.597013
bitter	-9.37863
vogel	-9.306309
camellia	-9.143558
megapodagrionidae	-9.32036
schrottky	-9.155486
bois	-9.225908
liberty	-9.429923
nutans	-9.571001
nemesiidae	-8.723703
belle	-9.614351
barbula	-8.456356
heterophylla	-9.414256
balansae	-9.571001
laxiflora	-9.639994
atomaria	-9.419452
hoehne	-9.213115
muhlenbergia	-9.571001
robyns	-9.601773
oklahoma	-9.489561
hookeri	-9.414256
kensley	-9.071145
newton	-9.608043
palmeri	-9.414256
griffithii	-9.620701
arn	-9.243225
atriplex	-9.135683
bromus	-9.620701
lepeletier	-9.383642
pringlei	-9.393743
isoetes	-9.646509
stichopogon	-9.4512005
myristicaceae	-9.159493
dakota	-6.7980337
kansas	-6.984377
vell	-8.736775
trel	-7.9998636
iowa	-6.7317457
turridae	-7.9823847
wernham	-9.071145
hampe	-7.7242184
wilcox	-9.143558
lanata	-9.614351
bureau	-9.363741
annona	-9.577081
rotundifolia	-9.541148
moldenke	-7.9270153
carroll	-9.547048
steyermarkii	-9.47294
oblongifolia	-9.679734
arizona	-8.8480015
silveira	-9.067475
thwaites	-8.896203
onobrychis	-9.62709
schlotheimia	-9.679734
engel	-9.517891
longitarsus	-9.238868
exell	-9.329839
grandifolia	-9.583197
name	-9.163518
patens	-9.589351
mickel	-9.147517
tixier	-9.108603
microcarpa	-9.653067
acer	-9.571001
swallen	-9.135683
prance	-9.383642
fruticosa	-9.69334
gardneri	-9.495163
ruficollis	-9.666311
tortula	-8.587902
anemone	-9.633522
afghanistan	-9.306309
watts	-9.2476015
spruce	-7.846072
eubelidae	-9.167559
taiti	-9.104793
hilliard	-8.601601
weberbaueri	-9.564959
velloziaceae	-8.979854
brachymenium	-9.601773
nordrhein	-9.51216
cyclosorus	-8.415455
haag	-9.673
hölzel	-9.027972
cordifolia	-9.601773
idiopidae	-8.893122
mao	-6.9109535
procumbens	-9.7002125
rauh	-9.353937
agapetes	-9.686514
canada	-7.89023
champion	-7.588538
pittier	-9.112427
chu	-6.7503443
cyrtodactylus	-9.564959
lathyrus	-9.583197
longiflora	-9.666311
henrard	-9.409088
lam	-7.633787
cis	-8.810478
fragrans	-9.7002125
yunck	-9.409088
sen	-9.62709
trachelipodidae	-9.243225
delosperma	-9.535283
venezuela	-8.163716
toro	-9.639994
polygonum	-9.467461
syrrhopodon	-9.673
rissoidae	-8.629575
smicridea	-9.489561
hance	-9.147517
didymodon	-9.097217
oregon	-8.731526
australia	-8.597013
wrightii	-9.620701
wormaldia	-9.571001
utah	-9.47845
neckeraceae	-7.8756638
mandevilla	-9.467461
ven	-8.927554
maslin	-8.933944
fernald	-9.108603
malme	-9.139612
cybianthus	-9.589351
this	-9.583197
ain	-8.50108
maxon	-8.989971
calophyllaceae	-9.183886
hangul	-9.292452
anthuridae	-9.159493
rhynchostegium	-9.238868
pall	-9.131769
androsace	-9.558953
uniflora	-9.679734
sri	-8.350798
kohl	-9.7002125
cai	-8.025374
cunoniaceae	-9.274269
tectariaceae	-7.6839314
arkansas	-7.1054726
page	-9.47294
jamaica	-9.056546
pohl	-9.283319
grimmiaceae	-8.021506
cheilanthes	-8.758053
linnaeus	-8.752691
pennell	-9.646509
lecythidaceae	-8.902395
scarbrough	-9.403947
koehne	-9.48399
renauld	-8.558849
see	-9.595542
orthotrichum	-8.983214
brade	-9.108603
hawaii	-8.43084
humbert	-9.256412
conus	-8.896203
polypodium	-7.62943
marion	-9.127871
exley	-9.274269
parui	-9.213115
dunal	-9.506463
maine	-8.340121
andrews	-9.523655
aiton	-9.489561
uttar	-8.187742
hypnum	-7.8947544
tjeder	-9.363741
pers	-9.500797
alberta	-9.547048
germain	-9.274269
kuhn	-9.363741
niedersachsen	-8.041
meteoriaceae	-8.148989
harling	-9.666311
tzvelev	-9.208886
lasiopogon	-9.571001
pterobryaceae	-8.581122
seine	-7.8471527
pinus	-9.558953
match	-8.051555
dicranum	-8.880889
balke	-9.577081
meinander	-9.315655
rollins	-9.620701
diogmites	-9.679734
rayment	-9.358827
calliostoma	-9.577081
ebmer	-9.31097
rana	-9.686514
hirashima	-9.349071
glaphyridae	-9.32036
amblystegiaceae	-8.288385
smilacaceae	-9.067475
phengodidae	-9.183886
gymnophthalmidae	-9.2476015
pohlia	-9.315655
leandri	-9.306309
vandel	-8.959919
grimmia	-9.116265
bern	-9.301668
integrifolia	-9.659667
markgr	-9.260846
sandwith	-9.269775
platystictidae	-9.234529
martelli	-9.467461
queensland	-8.312196
tillyard	-9.69334
madison	-8.902395
ruhland	-9.620701
lytta	-9.589351
nevada	-9.541148
desidae	-9.278784
brandegee	-8.603902
heidelberg	-8.989971
hook	-6.124193
hay	-5.339445
vochysiaceae	-9.535283
emilia	-9.541148
zimmermann	-9.679734
bruch	-9.234529
nga	-6.1073503
ai	-8.171163
pas	-6.96004
alpes	-6.2783117
loire	-6.164565
rhône	-6.65143
pyrénées	-6.352125
haute	-6.4495716
pa	-9.517891
est	-9.646509
midi	-6.723628
côte	-7.148077
provence	-7.461707
calais	-6.936282
normandie	-6.5945444
azur	-7.679351
aquitaine	-6.9423876
marne	-7.601983
pays	-7.4991646
roussillon	-7.401082
languedoc	-7.4045486
champagne	-7.050864
lorraine	-6.92935
poitou	-7.439888
auvergne	-7.796562
charentes	-7.444214
bourgogne	-7.072052
ardenne	-7.071554
basse	-7.5492535
picardie	-6.907568
garonne	-7.601138
serbia	-9.47294
saône	-8.231227
castile	-9.100998
tri	-9.042157
moselle	-7.3704157
maritime	-7.4735413
limousin	-7.9836226
corse	-7.9471226
nebraska	-8.283356
oise	-7.825762
vienne	-8.345445
sainte	-8.675531
charente	-7.811055
uss	-7.609627
polk	-9.3250885
landes	-8.804829
rhin	-7.8406878
boeing	-9.529452
aircraft	-9.063819
dd	-8.40407
clemson	-9.608043
list	-7.835331
haut	-8.587902
atlantique	-9.238868
eure	-7.6621323
aisne	-7.921178
somme	-7.9799128
loir	-8.097695
calvados	-8.079801
hautes	-8.133035
cher	-8.256951
manche	-8.253699
savoie	-8.223322
meurthe	-8.275029
indre	-8.389088
gironde	-8.354382
dordogne	-8.345445
tarn	-8.291752
isère	-8.3652115
atlantiques	-8.327807
lès	-8.482541
jura	-9.4352
puy	-8.305335
meuse	-8.372498
vosges	-8.409746
orne	-8.377997
dôme	-8.519968
yonne	-8.519968
aube	-8.468357
ardennes	-8.456356
gers	-8.528479
aude	-8.590172
sarthe	-9.230209
drôme	-8.668134
gard	-8.940374
hérault	-8.8480015
allier	-8.636692
loiret	-8.940374
ardèche	-8.731526
reinmuth	-9.135683
ariège	-8.790843
deux	-8.871812
aveyron	-8.839216
nièvre	-8.902395
sèvres	-8.946847
corrèze	-8.877854
yvelines	-8.940374
vendée	-8.921205
mayenne	-9.049326
sous	-9.171616
creuse	-9.078525
houten	-7.909603
cantal	-8.993367
observatory	-8.680494
orientales	-9.183886
chapelle	-9.489561
lozère	-9.440505
maritimes	-9.213115
vaucluse	-9.62709
château	-9.020955
gehrels	-8.608521
tím	-8.352588
icao	-9.104793
iata	-9.2476015
ly	-8.183193
debehogne	-8.252078
brasil	-7.49156
fabaceae	-7.8289413
orchidaceae	-8.490738
méxico	-9.393743
municipal	-8.086646
formicidae	-9.646509
coleophora	-9.535283
conidae	-7.323865
asteraceae	-7.0126
poaceae	-7.9713078
coleophoridae	-9.462011
lombardia	-9.112427
arctiidae	-5.1228037
mancha	-9.608043
panchayat	-7.410818
euphorbiaceae	-8.9566345
chrysomelidae	-4.9474554
theraphosidae	-7.7406044
nagar	-7.9235086
tamil	-7.903867
cuba	-8.648668
rubiaceae	-7.991086
nadu	-7.9579334
congo	-8.165201
guatemala	-9.500797
bom	-8.060882
vai	-7.9317102
rica	-8.752691
apiaceae	-8.839216
campania	-9.673
leptodactylidae	-7.8958893
lamiaceae	-9.104793
jefferson	-8.747357
ranidae	-9.063819
comarca	-9.19215
terebridae	-8.802016
noctuidae	-4.240686
java	-8.890049
mesa	-9.143558
drilliidae	-8.859836
madhya	-8.73941
cyprinidae	-8.810478
geometridae	-4.1817636
plethodontidae	-8.918045
lá	-7.039712
madagascar	-8.138807
montgomery	-9.027972
hydrobiidae	-9.315655
bitburg	-9.151494
prüm	-9.147517
coleoptera	-7.5404634
begonia	-7.3439236
honduras	-9.571001
synopsis	-7.5484505
described	-7.5293875
maharashtra	-8.639076
apg	-9.429923
acanthaceae	-9.078525
delaware	-9.608043
family	-9.608043
lanka	-8.372498
séc	-8.728911
chrysolina	-9.403947
tortricidae	-7.443491
website	-9.171616
andhra	-9.301668
saale	-9.243225
nó	-4.58615
karnataka	-8.883933
anhalt	-7.810014
macedonia	-9.344228
rhein	-8.755368
airlines	-9.440505
brescia	-9.368679
zimbabwe	-9.042157
ja	-9.269775
leone	-9.552982
council	-8.620163
neustadt	-9.639994
mi	-9.344228
chlorocyphidae	-9.595542
brunei	-9.467461
ban	-5.944965
borneo	-9.306309
mai	-8.45041
sang	-8.193839
xiàn	-9.564959
beijing	-7.6987333
nymphalidae	-9.017465
zealand	-8.458346
bulgaria	-9.143558
het	-9.429923
syria	-9.69334
voss	-7.795535
cctld	-9.171616
scarabaeidae	-5.9160233
panama	-8.979854
slovakia	-9.419452
bangkok	-9.633522
hesperiidae	-9.653067
singapore	-8.715941
committee	-9.071145
catalonia	-9.082235
slovenia	-9.686514
sande	-9.251997
lycaenidae	-8.442536
database	-9.230209
fiji	-9.506463
ecuador	-7.285531
sphingidae	-9.063819
cerambycidae	-4.3284206
thüringen	-8.031856
zambia	-8.819014
á	-6.8449326
district	-9.414256
was	-9.7002125
hymenoptera	-4.839599
catalog	-4.4616456
spider	-4.461572
erebidae	-5.640722
ichneumonidae	-4.7632613
elateridae	-5.3038926
limoniidae	-5.4448447
sumatra	-9.315655
asilidae	-5.82271
odonata	-7.9027224
oecophoridae	-9.301668
salticidae	-6.0710106
neuroptera	-5.8929377
apidae	-6.061901
nam	-4.0240026
gelechiidae	-9.135683
linyphiidae	-6.270462
tipulidae	-6.362604
dytiscidae	-9.541148
halictidae	-6.3434362
notodontidae	-9.287875
megachilidae	-6.3746805
tachinidae	-5.510245
araneidae	-6.6729155
meloidae	-6.6725807
andrenidae	-6.7131386
lycosidae	-6.8763742
colletidae	-6.8581142
mordellidae	-6.8891497
theridiidae	-6.898735
candèze	-6.9358473
cantharidae	-6.9380226
thomisidae	-6.96004
gnaphosidae	-9.013987
sesiidae	-8.721109
gracillariidae	-7.1220884
leptoceridae	-7.109084
commune	-8.517851
aleyrodidae	-7.3264303
cosmopterigidae	-8.156325
syrphidae	-7.7934837
muricidae	-7.530962
myrmeleontidae	-7.207863
anthicidae	-7.289237
hydropsychidae	-7.2038774
endomychidae	-7.331582
aleyrodinae	-7.410818
schimmel	-7.481759
rhynchitidae	-7.349166
lucanidae	-7.50529
wittmer	-7.429866
elmidae	-7.4080267
chrysopidae	-7.313033
dermestidae	-7.4602375
pterophoridae	-8.217042
attelabidae	-7.527815
coenagrionidae	-7.5818825
medvedev	-7.6311703
sparassidae	-7.6381636
platia	-7.632042
jacoby	-7.688534
fleutiaux	-7.6666346
libellulidae	-7.754303
buccinidae	-8.969836
weise	-7.764204
philopotamidae	-7.694084
gomphidae	-7.7711935
corinnidae	-7.73479
gyrinidae	-7.754303
poore	-9.292452
grouvelle	-8.138807
geotrupidae	-7.8602104
giang	-6.873103
nearctic	-8.221748
marginellidae	-9.440505
baly	-7.9223423
nepticulidae	-7.9591417
aderidae	-7.8846025
amaurobiidae	-7.9579334
legalov	-7.925845
sciaridae	-9.673
lycidae	-7.966424
limnephilidae	-7.925845
melanotus	-8.013814
bắc	-4.388843
zopheridae	-7.998605
anobiidae	-9.131769
passalidae	-8.004913
latridiidae	-8.387231
rhyacophilidae	-8.031856
oonopidae	-8.239195
laboissiere	-8.124439
polycentropodidae	-8.044945
uhmann	-8.140255
sphaeromatidae	-8.313918
phalacridae	-8.186223
ptinidae	-8.228057
papilionidae	-9.120119
lampyridae	-8.256951
ciidae	-8.224897
dictynidae	-8.256951
scirtidae	-8.255324
hemerobiidae	-8.207696
glossosomatidae	-8.256951
bostrichidae	-8.301922
cerithiopsidae	-9.571001
anyphaenidae	-8.333066
philodromidae	-8.354382
coniopterygidae	-8.347226
clubionidae	-8.374328
agelenidae	-8.319104
agrypnus	-8.370671
cardiophorus	-8.389088
oedemeridae	-8.405958
mordella	-8.40785
tyrannidae	-8.774313
dysderidae	-8.417365
aderus	-8.537062
kimoto	-8.432779
fasciolariidae	-8.5947275
pediciidae	-8.547896
monolepta	-8.438622
ptilodactylidae	-8.456356
trochidae	-9.666311
broun	-9.003623
silvanidae	-8.466347
aeshnidae	-8.572153
bechyne	-8.541382
scraptiidae	-8.488683
psychomyiidae	-8.472389
dolin	-8.456356
thraupidae	-8.911756
bosch	-9.225908
pyrausta	-8.552263
đông	-4.933217
bình	-5.091463
cerylonidae	-8.537062
theo	-5.4661064
ampedus	-8.569923
discolomatidae	-8.569923
costellariidae	-9.03504
laemophloeidae	-8.597013
fissurellidae	-9.633522
byrrhidae	-8.601601
ermisch	-8.601601
gestro	-8.752691
oxyopidae	-8.592447
ecnomidae	-8.599304
qua	-6.4000435
ascalaphidae	-8.53922
cryptophagidae	-8.634314
melandryidae	-8.646261
kishii	-8.651081
kaszab	-8.774313
vexillum	-9.200483
calliostomatidae	-9.283319
mantispidae	-8.651081
hinton	-8.989971
quảng	-7.0665894
pisauridae	-8.718522
furnariidae	-9.429923
lopatin	-8.736775
strohecker	-8.859836
trogossitidae	-8.752691
miturgidae	-8.755368
ponomarenko	-9.564959
ptilodactyla	-8.7715845
ochs	-8.788069
dactylispa	-8.779793
conoderus	-8.779793
đồng	-5.7748995
naticidae	-9.673
nakane	-8.950099
cancellariidae	-9.100998
salpingidae	-8.853901
muscicapidae	-9.409088
megaloptera	-8.744701
slipinski	-8.946847
metz	-9.445838
prodidomidae	-8.868804
asellidae	-9.159493
thai	-9.500797
mitridae	-9.383642
mylabris	-8.886987
delève	-9.017465
diabrotica	-8.871812
dajoz	-9.100998
volutidae	-9.071145
tân	-5.562897
cryptocephalus	-8.908626
heteroceridae	-8.911756
acanthoscelides	-8.930743
borowiec	-8.959919
athous	-8.927554
columbidae	-9.429923
phú	-7.75037
colubridae	-9.2476015
nai	-9.108603
grove	-9.183886
xã	-3.078064
kazantsev	-8.940374
scoparia	-8.813315
corduliidae	-9.51216
píc	-9.000193
bruchidius	-9.007066
armadillidiidae	-9.51216
thamnophilidae	-9.489561
psephenidae	-9.0315
cleridae	-9.056546
ammotheidae	-9.03504
uloboridae	-9.060176
punjab	-9.301668
cebrionidae	-9.042157
agriotes	-9.060176
gorham	-9.131769
syllepte	-9.074828
vorpommern	-7.709038
hahniidae	-9.089698
lamprosema	-9.104793
monommatidae	-9.097217
ôhira	-9.097217
younga	-9.19215
mozambique	-8.721109
ptinus	-9.049326
bihar	-9.456591
helicopsychidae	-9.089698
alsace	-7.8406878
campagne	-9.424673
tin	-7.206153
checklist	-8.00999
sơn	-6.505065
corydalidae	-9.074828
platycnemididae	-8.73941
noteridae	-9.155486
aeolus	-9.283319
ovulidae	-9.368679
phường	-7.7632093
allard	-9.517891
sao	-7.3136673
svihla	-9.208886
franciscolo	-9.230209
notified	-9.213115
cyphon	-9.243225
leptonetidae	-9.265301
thị	-4.0457654
scytodidae	-9.256412
scincidae	-7.369074
littorinidae	-9.48399
anthrenus	-9.287875
gyretes	-9.269775
megapenthes	-9.274269
bộ	-4.8547235
huyện	-4.378718
háva	-9.37863
blair	-9.614351
stenotarsus	-9.283319
gyllenhal	-9.4352
kerala	-9.495163
cobos	-9.3250885
anthicus	-9.315655
švihla	-9.301668
malawi	-8.47037
hycleus	-9.306309
chelonariidae	-9.306309
lahn	-9.679734
raphidiidae	-9.292452
orsolobidae	-9.3250885
melanoxanthus	-9.32036
cybocephalidae	-9.32036
eudonia	-9.51216
stigmella	-8.685482
osmylidae	-9.243225
hòa	-4.8308764
nesticidae	-9.349071
monroe	-9.200483
cephaloleia	-9.353937
aegus	-9.306309
malthinus	-9.349071
notiophygus	-9.353937
chelonarium	-9.358827
attagenus	-9.368679
klausnitzer	-9.358827
corylophidae	-9.363741
aubé	-9.4512005
clay	-8.973165
burundi	-9.135683
assam	-9.398832
nunomura	-9.571001
calopterygidae	-9.462011
mecklenburgische	-9.639994
ludwigslust	-9.489561
seenplatte	-9.639994
vùng	-3.8981361
pasteels	-9.403947
selenopidae	-9.414256
cybocephalus	-9.3886795
arcangeli	-9.467461
laberge	-9.419452
sphaerarthrum	-9.403947
bruchus	-9.4352
apataniidae	-9.440505
tenebrionidae	-9.445838
propsephus	-9.409088
crambus	-9.489561
gyrinus	-9.456591
orectochilus	-9.409088
gudenzi	-9.414256
mimudea	-9.283319
cebrio	-9.424673
psittacidae	-9.315655
meliphagidae	-9.608043
idoteidae	-9.48399
melittidae	-9.445838
anchastus	-9.445838
paramunnidae	-9.495163
nomura	-9.456591
chapuis	-9.552982
aulacophora	-9.445838
mangora	-9.456591
freude	-9.489561
hersiliidae	-9.467461
bocáková	-9.456591
bufonidae	-8.715941
priopus	-9.462011
bocák	-9.47845
kussakin	-9.552982
parchim	-9.564959
brancucci	-9.47845
heterocerus	-9.517891
biström	-9.48399
pauly	-9.51216
stenelmis	-9.48399
goeridae	-9.48399
phước	-8.859836
mantellidae	-9.614351
notoxus	-9.495163
rhagonycha	-9.506463
oides	-9.506463
anaspis	-9.495163
isotes	-9.500797
watanabe	-9.639994
greifswald	-9.353937
jharkhand	-9.614351
clambidae	-9.517891
méquignon	-9.535283
kuwert	-9.541148
satô	-9.653067
cao	-4.9625034
hille	-9.595542
gabon	-9.659667
bà	-7.7175484
aphthona	-9.523655
wall	-7.668442
hunsrück	-9.659667
zwaluwenburg	-9.552982
phil	-7.8027477
turbinidae	-9.47845
kingsolver	-9.552982
maulik	-9.552982
dollfus	-9.686514
mimetidae	-9.552982
tàu	-6.090414
vũng	-9.673
tetrablemmidae	-9.571001
lestidae	-9.646509
mycteridae	-9.571001
meloe	-9.583197
virus	-9.633522
dương	-4.3928676
palpita	-9.595542
callispa	-9.589351
glyphonyx	-9.589351
gujarat	-9.163518
spaeth	-9.608043
kreuznach	-9.69334
quận	-3.9913402
stiphidiidae	-9.608043
throscidae	-9.614351
calamoceratidae	-9.535283
janiridae	-9.577081
olibrus	-9.62709
apophylia	-9.62709
mill	-9.093451
andalusia	-9.47294
kazakhstan	-9.646509
palatinate	-9.339409
rhineland	-9.393743
saxony	-8.421197
cameroon	-8.705685
basque	-9.541148
galicia	-9.344228
ireland	-8.827621
eo	-9.221625
tai	-6.6652603
cactaceae	-7.083069
dao	-9.334613
vu	-9.315655
engl	-7.331582
rheinland	-7.141116
hy	-7.1437883
lan	-4.354979
comune	-8.933944
con	-6.3926945
tra	-6.632
sull	-8.70824
abruzzo	-9.48399
board	-9.116265
gian	-6.979825
iraq	-9.445838
namibia	-9.003623
coi	-7.850402
án	-7.448558
trú	-9.517891
maxim	-8.226477
quan	-5.9871454
silla	-8.108869
anura	-8.003649
lepidoptera	-9.666311
ám	-9.633522
hang	-9.056546
bán	-7.205014
croatia	-9.445838
lân	-9.217361
roi	-7.6399193
structure	-9.48399
algérie	-9.608043
maroc	-9.620701
gekkonidae	-7.8823605
philippines	-7.5711603
là	-0.84200406
agamidae	-8.66568
rhacophoridae	-9.429923
occitan	-9.045735
lacertidae	-9.100998
typhlopidae	-9.234529
hokkaidō	-8.138807
ong	-7.34851
hyperoliidae	-9.175689
cdp	-9.196308
tá	-9.013987
voi	-6.701726
sai	-9.445838
turku	-9.529452
gai	-7.3465414
amphisbaenidae	-9.571001
chamaeleonidae	-9.595542
cabrera	-8.608521
yemen	-9.334613
apocynaceae	-8.643861
amaranthaceae	-9.523655
caledonia	-9.489561
tia	-8.515739
rügen	-9.673
known	-9.500797
moth	-9.445838
than	-9.353937
scotland	-9.445838
annual	-8.041
less	-8.940374
hungary	-8.877854
frog	-9.19215
bengal	-8.5947275
rich	-9.589351
raion	-6.91648
tasmania	-9.4512005
sung	-9.467461
rajasthan	-9.334613
amazon	-9.633522
prairie	-9.440505
fern	-9.517891
loan	-8.075717
pit	-9.217361
myrtaceae	-9.163518
logan	-9.419452
raf	-9.577081
pleasant	-9.666311
aster	-9.287875
pike	-9.571001
palearctic	-7.6452055
eleanor	-9.633522
knox	-9.673
lao	-8.347226
maui	-9.37863
oahu	-9.167559
chung	-7.3623943
kauai	-9.217361
hai	-5.5497704
khmer	-9.278784
minh	-6.54424
australasia	-6.5629215
benton	-9.541148
lowell	-9.123987
nguyễn	-6.7253876
phi	-6.046961
boone	-9.679734
cam	-8.4021845
mast	-9.056546
hung	-5.9382114
trojan	-9.589351
fayette	-9.535283
quay	-8.874828
salvia	-7.8120985
lai	-5.746717
hyposmocoma	-8.896203
tortricinae	-8.372498
cass	-8.830508
araceae	-6.6243315
olethreutinae	-9.01052
lauraceae	-9.489561
cho	-5.345717
buch	-9.620701
niederösterreich	-8.409746
oberösterreich	-8.782544
steiermark	-8.434724
cham	-8.438622
crassulaceae	-7.4661283
opuntia	-9.577081
elst	-9.419452
palomar	-8.29852
segeberg	-9.552982
groeneveld	-8.599304
faboideae	-9.47845
zahn	-9.349071
salins	-9.601773
cupressaceae	-9.3886795
ty	-7.4066334
lê	-7.2563677
bén	-8.115916
loài	-0.6986499
một	-0.9892888
họ	-1.1425412
trong	-1.1464818
được	-1.5452094
này	-1.5579188
có	-1.9703746
hoa	-2.0088143
vật	-2.0882068
thực	-2.141056
năm	-2.1541452
tả	-2.399098
học	-2.4088855
khoa	-2.448296
thuộc	-2.7404218
bọ	-2.9822664
miêu	-2.9859753
ở	-3.0000162
bướm	-3.0229993
đầu	-3.0241113
của	-3.0368161
cánh	-3.0404506
đêm	-3.0540104
tiên	-3.0604272
cứng	-3.0713143
mô	-3.2044578
và	-3.6649294
nước	-3.7583008
dân	-3.7877355
số	-3.8037033
tỉnh	-3.8176785
tiểu	-3.8433442
người	-3.9318705
pháp	-4.0285263
kỳ	-4.1017656
rêu	-4.1226196
nhện	-4.1368294
ruồi	-4.1381793
biển	-4.182428
trung	-4.23495
phân	-4.257079
tháng	-4.304487
bố	-4.3118973
ngày	-4.3225746
độ	-4.326404
chính	-4.3525143
hành	-4.362907
thảo	-4.379291
chúng	-4.391877
miền	-4.3959823
cúc	-4.3967023
thành	-4.42326
các	-4.4306145
đô	-4.4439034
xỉ	-4.5806513
đậu	-4.5953546
tây	-4.598582
quốc	-4.606463
tinh	-4.654566
phát	-4.7268143
chân	-4.732605
hiện	-4.7378025
việt	-4.75503
vò	-4.7617774
tò	-4.762371
khu	-4.7675266
tích	-4.768024
trên	-4.778572
động	-4.794887
diện	-4.803403
bởi	-4.860216
phố	-4.8622355
nằm	-4.914274
tiếng	-4.926727
từ	-4.9272513
đại	-4.9319277
tên	-4.952048
đai	-4.9576225
vành	-4.9605117
thể	-4.9881387
thời	-5.015212
với	-5.0337205
ốc	-5.048752
vực	-5.059609
phía	-5.0806637
anh	-5.107604
tại	-5.1172886
ấn	-5.123371
thiến	-5.150774
sống	-5.168801
đức	-5.188596
nhà	-5.226016
mét	-5.236606
thân	-5.251979
quân	-5.2610564
chuồn	-5.265954
đây	-5.267346
vào	-5.28612
đặc	-5.315088
mực	-5.326236
mềm	-5.3356657
châu	-5.3582006
bụng	-5.3624263
tự	-5.3811626
trùng	-5.381622
mã	-5.3834605
công	-5.384013
hữu	-5.3913136
điểm	-5.3997893
côn	-5.412118
danh	-5.420582
thứ	-5.421633
trichoptera	-5.434333
hán	-5.4366593
đến	-5.4402566
bản	-5.456557
gia	-5.4814153
địa	-5.4945946
đều	-5.495932
nhân	-5.5260377
nhất	-5.5334945
tìm	-5.5425158
chiến	-5.548359
thấy	-5.5550003
thế	-5.555656
những	-5.5619063
gọi	-5.5620165
sinh	-5.5786557
văn	-5.584377
nhiệt	-5.5876446
môi	-5.600366
hải	-5.601968
đới	-5.623611
cộng	-5.632661
sử	-5.674246
kích	-5.688376
lịch	-5.6925035
không	-5.7013164
cá	-5.714555
về	-5.739991
chim	-5.748041
đào	-5.770689
hội	-5.7784443
đã	-5.7794013
chữ	-5.7887416
cổ	-5.802499
vị	-5.8188624
lý	-5.84772
hoàng	-5.8596487
thái	-5.862765
sau	-5.878341
loại	-5.8940105
chỉ	-5.896159
giới	-5.9049563
giải	-5.906197
trị	-5.9065075
còn	-5.9227858
như	-5.9538784
sự	-5.9587736
định	-5.9594283
phần	-5.9648447
cẩm	-5.965174
hồ	-5.9756002
chủ	-5.996105
để	-6.000701
tổng	-6.006689
nhật	-6.008751
trấn	-6.0121956
ông	-6.012368
cấp	-6.0192957
cói	-6.02855
thống	-6.03224
mạch	-6.0550327
nương	-6.0631714
hoặc	-6.0666275
khi	-6.070278
liên	-6.0726585
gồm	-6.079649
thường	-6.0956526
hình	-6.0988464
lập	-6.1012955
quản	-6.104697
xuất	-6.10868
âm	-6.1278677
tranh	-6.13721
trình	-6.143487
sông	-6.1515865
thiên	-6.163561
trường	-6.167987
nghĩa	-6.17365
máy	-6.17914
đất	-6.1805687
hà	-6.180977
sĩ	-6.181794
nguyên	-6.1871243
rắn	-6.2009926
cơ	-6.2016172
hạc	-6.213999
đảo	-6.214632
thạch	-6.2186546
tạo	-6.2220545
kinh	-6.2231197
đường	-6.226962
benth	-6.2346926
đặt	-6.244005
chức	-6.246401
thông	-6.252308
điều	-6.261565
cải	-6.2628946
tế	-6.267784
lằn	-6.273818
giáo	-6.274267
đó	-6.274267
thằn	-6.2747154
trước	-6.2812433
mỹ	-6.288041
lớn	-6.292143
hồng	-6.2925997
nhiều	-6.30247
hóa	-6.305011
dụng	-6.3054733
hệ	-6.307558
sách	-6.308486
phong	-6.318515
đạo	-6.326989
làng	-6.3345833
khác	-6.337446
viên	-6.3415155
sản	-6.3429556
bị	-6.344157
bao	-6.3513985
tổ	-6.3533382
đài	-6.3682547
nhạc	-6.3926945
cách	-6.3947163
gần	-6.399027
nhóm	-6.3992805
tác	-6.416195
schltr	-6.4362974
cứu	-6.4362974
thủ	-6.4418516
cũng	-6.4434433
bằng	-6.457082
phim	-6.4578896
hàng	-6.467638
vĩ	-6.4681826
cỏ	-6.4733686
viết	-6.4777575
diễn	-6.4821653
quỳ	-6.4835463
cuộc	-6.489091
ếch	-6.4910393
hợp	-6.4957857
đội	-6.4977465
tiêu	-6.5019617
nghiên	-6.503089
tử	-6.5033712
bóng	-6.5056295
chế	-6.5150013
nhỏ	-6.5150013
vương	-6.5152864
tính	-6.5158567
ô	-6.518717
đá	-6.5207233
đế	-6.5215845
măng	-6.5230217
mua	-6.524461
nha	-6.531397
phòng	-6.538966
hiệu	-6.539259
thu	-6.5415993
vụ	-6.5436525
khoảng	-6.550724
hạt	-6.5587397
đề	-6.5856256
ý	-6.588999
cùng	-6.590536
nội	-6.590844
thuật	-6.5926924
lạc	-6.5933094
điện	-6.5994997
phủ	-6.5998096
thức	-6.6085434
chương	-6.6236954
tướng	-6.6272
tư	-6.6310377
hạ	-6.6339254
lương	-6.6348906
thanh	-6.63908
nơi	-6.6397266
ráy	-6.645236
đơn	-6.6458864
triều	-6.6566763
kết	-6.661619
truyền	-6.663604
làm	-6.668581
trí	-6.6692467
lượng	-6.6695795
lớp	-6.6745872
tán	-6.676262
nay	-6.6873865
phương	-6.687725
thiết	-6.689762
trái	-6.694872
rô	-6.6993217
cuồng	-6.700695
hoạt	-6.701726
cuối	-6.704481
dưới	-6.7062063
tập	-6.7124434
vuông	-6.726797
giữa	-6.727502
kỷ	-6.7320995
âu	-6.743867
việc	-6.7449436
trần	-6.751789
quế	-6.752513
dài	-6.7528744
biểu	-6.7568636
nguyệt	-6.7648897
lực	-6.7689276
lần	-6.775199
đồ	-6.777422
đoàn	-6.7803936
vua	-6.7859898
diệp	-6.790489
broth	-6.790865
sở	-6.7927465
quyền	-6.8090754
từng	-6.8121424
bắt	-6.8125267
boiss	-6.8163757
mặt	-6.8163757
cầu	-6.8171473
dùng	-6.8245077
tới	-6.8291845
cây	-6.834668
nổi	-6.842951
lưu	-6.8433466
triển	-6.8437424
giản	-6.8473167
ngữ	-6.8477144
cả	-6.8477144
merr	-6.851302
tâm	-6.856106
lại	-6.8581142
niên	-6.8613358
dịch	-6.8702507
giáp	-6.8735113
đóng	-6.875146
cà	-6.881712
hơn	-6.881712
lejeuneaceae	-6.8862505
tọa	-6.8891497
nghệ	-6.8899794
chuông	-6.895808
hậu	-6.905036
thập	-6.9088364
chất	-6.9135
giả	-6.914776
diên	-6.91648
tộc	-6.931079
mà	-6.9341106
vì	-6.9354134
chướng	-6.939767
thụy	-6.941951
chiếc	-6.9423876
kế	-6.9472113
biến	-6.9494114
trận	-6.956485
vũ	-6.9573727
phiên	-6.960932
hôi	-6.965845
viện	-6.968087
mồ	-6.970334
bài	-6.970784
nữ	-6.9716845
úc	-6.973488
thần	-6.973939
nghiệm	-6.975746
núi	-6.977104
hạng	-6.984377
bảo	-6.986203
tham	-6.988491
nghiệp	-6.993083
hương	-7.0032587
tcn	-7.008853
kê	-7.0097885
phẩm	-7.0111933
nhưng	-7.014949
stephani	-7.01589
lỵ	-7.0253515
sân	-7.026778
thi	-7.02773
chiều	-7.0377855
áo	-7.0430927
amaryllidaceae	-7.043577
đối	-7.0460005
standl	-7.0484295
bồ	-7.0484295
rau	-7.058696
thuyết	-7.0651045
ảnh	-7.074545
socorro	-7.0785475
giao	-7.0820627
biết	-7.0835724
dự	-7.084076
rchb	-7.0845804
nhiên	-7.0865993
toàn	-7.091158
nguồn	-7.0936995
hãng	-7.0962467
lãnh	-7.1065035
cửu	-7.1163454
cái	-7.11843
tài	-7.1205187
tản	-7.12366
chí	-7.132086
năng	-7.132086
sáng	-7.134733
tiền	-7.136856
liệu	-7.141116
mang	-7.1448584
hòn	-7.1453943
lục	-7.148615
duy	-7.1491528
copel	-7.1529255
ngoài	-7.1534653
biệt	-7.1583395
phổ	-7.1583395
bìm	-7.1583395
điển	-7.1594257
thí	-7.1599693
nhận	-7.160513
mục	-7.1621466
nhau	-7.164875
tắt	-7.165969
thổ	-7.1670637
lạp	-7.1670637
dền	-7.168708
lindl	-7.170355
đấu	-7.1714544
đảng	-7.172555
nửa	-7.179739
phục	-7.180294
lĩnh	-7.183073
kiến	-7.1858587
thủy	-7.1869755
ninh	-7.1875343
trang	-7.188094
tương	-7.188653
tầm	-7.1937027
gốc	-7.194828
ủy	-7.2004747
chuyển	-7.204446
trưởng	-7.213584
tiếp	-7.2153063
đời	-7.2181845
hàn	-7.223385
hầu	-7.2245445
cư	-7.226286
kilômét	-7.231529
sát	-7.234454
toán	-7.2368
bên	-7.2403297
dạng	-7.247426
vận	-7.251589
ký	-7.264183
bầu	-7.2647867
trọng	-7.26781
urb	-7.27816
màu	-7.283684
quỹ	-7.284915
bruchidae	-7.288001
biên	-7.2923365
trực	-7.2954445
rất	-7.296067
tượng	-7.3048286
đánh	-7.3079767
giá	-7.3111334
sư	-7.3111334
cử	-7.3117666
chổi	-7.3124
hát	-7.316843
rộng	-7.323224
màng	-7.331582
gừng	-7.3419647
trạm	-7.344578
ridl	-7.345886
hiệp	-7.351139
thương	-7.351139
dẫn	-7.353116
vô	-7.3637266
senecio	-7.372431
báo	-7.379856
mùa	-7.380533
lâm	-7.3812113
hoàn	-7.3812113
đởm	-7.3818903
đổi	-7.397628
quy	-7.399008
tông	-7.399008
ngựa	-7.40316
tiến	-7.4066334
quần	-7.4066334
ngoại	-7.4080267
phụ	-7.414318
sắc	-7.419239
hieracium	-7.4206495
mạng	-7.423476
ứng	-7.4248924
yếu	-7.4334335
ngay	-7.434864
thư	-7.4456596
đoạn	-7.4536514
dây	-7.45877
ngành	-7.45877
cung	-7.461707
trục	-7.4631786
giống	-7.46539
ăn	-7.4705696
luật	-7.4705696
mới	-7.4720545
hàm	-7.483261
đình	-7.4877787
xác	-7.4892893
cập	-7.4900455
chuyên	-7.4976387
lên	-7.502989
nhằm	-7.5060577
xếp	-7.5114536
cục	-7.5145493
lí	-7.5153246
ngôn	-7.5176544
ngô	-7.522331
huyền	-7.524678
đang	-7.524678
răm	-7.53491
trụ	-7.5364933
franch	-7.5372868
bờ	-7.5388737
yên	-7.542056
đa	-7.5428534
trở	-7.5508595
miq	-7.5589304
phạm	-7.559741
cảnh	-7.5605526
tấn	-7.56299
ngân	-7.567067
túc	-7.5728025
nho	-7.5744476
bính	-7.5760946
triệu	-7.5777445
quả	-7.5785713
tuần	-7.5818825
cấu	-7.5818825
mẫu	-7.583542
hạnh	-7.5860367
xuân	-7.58687
thơ	-7.5877037
nấm	-7.588538
tình	-7.5893726
ccd	-7.5952377
phải	-7.5952377
xinglong	-7.59692
chủng	-7.59692
chơi	-7.597762
kỹ	-7.598605
dành	-7.600293
câu	-7.601138
hướng	-7.6053734
độc	-7.6079235
khóa	-7.615612
thích	-7.6199093
huy	-7.6216335
tuyến	-7.6216335
dựng	-7.6216335
nhái	-7.6224966
moraceae	-7.6250906
vệ	-7.6250906
lô	-7.62856
lưỡng	-7.6302996
hưng	-7.6311703
mộc	-7.6311703
giai	-7.6329136
sẽ	-7.6329136
trò	-7.633787
nói	-7.6381636
dung	-7.639041
nhiệm	-7.639041
thật	-7.6452055
sâm	-7.6487455
griseb	-7.652298
đĩa	-7.652298
xây	-7.652298
thượng	-7.6531878
đi	-7.6540785
khí	-7.659441
dựa	-7.661234
dòng	-7.6621323
xem	-7.6630316
dại	-7.668442
bảng	-7.675701
thánh	-7.678437
cucurbitaceae	-7.689456
tồn	-7.691305
chuẩn	-7.69223
nên	-7.696871
xô	-7.696871
lộ	-7.6987333
dứa	-7.6987333
môn	-7.699665
mật	-7.7015324
cối	-7.7109222
thì	-7.7118664
quá	-7.7175484
lễ	-7.718498
kiện	-7.718498
willd	-7.720401
mầm	-7.722308
doanh	-7.7242184
thưởng	-7.725175
khai	-7.7328596
baill	-7.7338247
ngôi	-7.738662
thay	-7.7406044
tảo	-7.7406044
tôn	-7.74255
nông	-7.744499
quang	-7.745475
tất	-7.7464523
tầng	-7.7513514
vàng	-7.754303
truyện	-7.756275
địch	-7.758251
cát	-7.7651997
hedw	-7.7681923
chống	-7.7691917
steyerm	-7.770192
dơi	-7.770192
trúc	-7.7752094
chứa	-7.7792416
mở	-7.786338
phản	-7.7893944
gối	-7.791437
dục	-7.7934837
cuatrec	-7.795535
bệnh	-7.800682
khách	-7.800682
xiêm	-7.801715
ghi	-7.8037825
nền	-7.8037825
xuyên	-7.8068933
đưa	-7.8120985
tetragnathidae	-7.814189
thiếu	-7.820485
phó	-7.820485
bốn	-7.825762
quắn	-7.8268204
quyết	-7.8289413
linh	-7.838541
niệm	-7.8406878
holttum	-7.846072
kiểu	-7.8471527
xanh	-7.848234
đôi	-7.8591166
sw	-7.8602104
chùm	-7.869012
thúc	-7.8723326
khúc	-7.8790064
mất	-7.880123
binh	-7.885725
ương	-7.8868494
đỏ	-7.8947544
ngọt	-7.8947544
bất	-7.8958893
hùng	-7.8992996
võ	-7.901581
vòng	-7.9027224
hemsl	-7.903867
thunb	-7.9061575
trai	-7.9061575
cực	-7.9061575
tuyệt	-7.9061575
liễu	-7.908454
ớt	-7.914217
thao	-7.915374
nhĩ	-7.9165316
nhập	-7.9165316
cogn	-7.918852
đốc	-7.9235086
hạn	-7.9235086
rừng	-7.9376097
vân	-7.938794
phúc	-7.941167
cô	-7.942355
hưởng	-7.9459286
mình	-7.9495153
trắng	-7.9495153
nâu	-7.954317
mạnh	-7.9555206
mỗi	-7.956726
vườn	-7.9579334
mỏ	-7.9579334
cận	-7.9591417
besch	-7.962776
giữ	-7.962776
chia	-7.96399
giám	-7.967643
ngọc	-7.9688625
chọn	-7.9688625
chúa	-7.970084
nào	-7.9762154
bứa	-7.9762154
ước	-7.9786787
tố	-7.986104
lâu	-7.988592
woodsiaceae	-7.9948378
cũ	-7.996092
tiêm	-7.996092
đủ	-7.998605
chư	-8.001123
thuận	-8.004913
bức	-8.004913
tịch	-8.007448
tuy	-8.012538
thắng	-8.018935
alderw	-8.018935
tưởng	-8.022794
plagiochilaceae	-8.024084
lợi	-8.026668
jungermanniaceae	-8.026668
phép	-8.030556
trao	-8.03446
itis	-8.035765
chứng	-8.037071
nhuận	-8.039689
thụ	-8.042314
dãy	-8.043629
brid	-8.044945
commelinaceae	-8.044945
gagnep	-8.050229
kể	-8.050229
quý	-8.055541
đen	-8.062222
hồi	-8.062222
tống	-8.064906
desmidiaceae	-8.066251
phận	-8.067597
tô	-8.068946
thờ	-8.068946
bàn	-8.070296
trời	-8.070296
jacq	-8.075717
tiết	-8.075717
nghị	-8.078438
polygalaceae	-8.079801
kraenzl	-8.079801
sphecidae	-8.082533
tín	-8.082533
thoại	-8.08802
plagiochila	-8.08802
khởi	-8.089396
bremek	-8.093537
dennstaedtiaceae	-8.096308
trưng	-8.096308
tục	-8.096308
liliaceae	-8.101871
táo	-8.101871
cụ	-8.101871
chưa	-8.103267
sóng	-8.103267
tức	-8.104664
tần	-8.107466
dữ	-8.110274
rech	-8.111682
hết	-8.111682
tứ	-8.113091
sáu	-8.113091
lấy	-8.113091
racosperma	-8.114503
xứ	-8.114503
hộ	-8.115916
tr	-8.1173315
hieron	-8.1173315
gây	-8.120169
tay	-8.1230135
cần	-8.1230135
siêu	-8.1272955
khánh	-8.131597
khả	-8.131597
trợ	-8.134475
centaurea	-8.135917
đổ	-8.135917
adiantaceae	-8.138807
ngắn	-8.138807
cousinia	-8.140255
tuổi	-8.144612
tòa	-8.147528
saxifragaceae	-8.150452
vĩnh	-8.151917
nối	-8.153384
riêng	-8.153384
áp	-8.154854
vinh	-8.156325
mông	-8.156325
lào	-8.159275
quanh	-8.165201
đứng	-8.168178
loạt	-8.169669
đạt	-8.171163
tăng	-8.177159
khắp	-8.177159
chùa	-8.178664
hoạch	-8.178664
aspidium	-8.181681
blechnaceae	-8.183193
rằng	-8.183193
ít	-8.186223
soạn	-8.186223
bảy	-8.187742
khái	-8.190786
lệnh	-8.190786
vernonia	-8.19537
thử	-8.196902
họa	-8.198437
xương	-8.199974
đo	-8.201514
lệ	-8.203056
tùng	-8.203056
roxb	-8.206147
đầy	-8.207696
ngũ	-8.212358
ném	-8.215479
schimp	-8.220177
vấn	-8.221748
kịch	-8.221748
cửa	-8.223322
mại	-8.223322
lúc	-8.223322
steud	-8.224897
lomariopsidaceae	-8.224897
phái	-8.224897
săn	-8.224897
kosterm	-8.224897
ueda	-8.226477
bí	-8.226477
mett	-8.228057
kiểm	-8.229641
nhánh	-8.229641
hạm	-8.231227
dù	-8.232816
thér	-8.232816
tuyên	-8.234406
kushiro	-8.240796
vú	-8.247228
seiji	-8.248841
đom	-8.250458
đóm	-8.250458
dầu	-8.252078
đích	-8.255324
aristolochiaceae	-8.256951
lepidoziaceae	-8.256951
kaneda	-8.260215
publ	-8.261849
becc	-8.266772
torr	-8.271718
thất	-8.275029
viễn	-8.278352
yêu	-8.278352
kín	-8.281685
trăm	-8.286706
tối	-8.286706
trạng	-8.290068
tải	-8.290068
polytrichaceae	-8.295131
trẻ	-8.30022
nutt	-8.307046
vịnh	-8.310476
côm	-8.310476
ngụy	-8.315644
tháp	-8.317373
phóng	-8.320839
turcz	-8.3225765
mươi	-8.3225765
nhẹ	-8.324317
santalaceae	-8.326061
thuidiaceae	-8.329557
tuyển	-8.329557
xe	-8.33131
đan	-8.33131
ánh	-8.3348255
vốn	-8.3348255
trào	-8.338352
xảy	-8.343667
trương	-8.345445
nghi	-8.345445
kính	-8.345445
bá	-8.350798
đàn	-8.350798
bò	-8.352588
bào	-8.352588
lược	-8.352588
sâu	-8.352588
giờ	-8.354382
cúp	-8.354382
indomalaya	-8.356178
bạch	-8.357979
xung	-8.357979
hổ	-8.357979
cỡ	-8.359782
cuốn	-8.363399
cám	-8.363399
phật	-8.3652115
vây	-8.3652115
marantaceae	-8.370671
tốc	-8.370671
chiếu	-8.370671
tạp	-8.372498
hiến	-8.376161
cương	-8.377997
mười	-8.377997
cố	-8.379837
lộn	-8.379837
nhìn	-8.3816805
phồn	-8.385378
kunze	-8.387231
luận	-8.387231
chấp	-8.387231
khối	-8.389088
lythraceae	-8.392813
quán	-8.392813
kéo	-8.392813
cảm	-8.39468
món	-8.396551
selaginellaceae	-8.398425
đe	-8.398425
thấp	-8.398425
cóc	-8.4021845
campuchia	-8.405958
hột	-8.405958
liệt	-8.40785
sứ	-8.409746
chảy	-8.409746
phá	-8.413548
dụ	-8.413548
luyện	-8.413548
quyển	-8.413548
tước	-8.413548
căn	-8.423118
dọa	-8.423118
khắc	-8.425043
cứ	-8.425043
bão	-8.428904
taraxacum	-8.43084
đương	-8.43084
chó	-8.432779
đà	-8.434724
bách	-8.438622
thước	-8.4405775
thừa	-8.442536
lộc	-8.442536
đăng	-8.444499
giúp	-8.448436
mặc	-8.452388
lửa	-8.452388
mắt	-8.452388
juncaceae	-8.456356
kiếm	-8.458346
giác	-8.458346
cav	-8.4603405
phê	-8.466347
chạy	-8.468357
helichrysum	-8.47037
vài	-8.472389
suất	-8.472389
hoá	-8.474411
gỗ	-8.474411
acinodendron	-8.474411
sch	-8.478468
poir	-8.478468
truy	-8.480502
chết	-8.482541
oliv	-8.484584
tàng	-8.484584
thiệu	-8.486631
mồi	-8.488683
cirsium	-8.490738
tắc	-8.490738
harv	-8.492798
kênh	-8.492798
planch	-8.499002
artemisia	-8.50108
vẫn	-8.50108
mọi	-8.50316
pedley	-8.50943
ngầm	-8.50943
mạc	-8.511529
aneuraceae	-8.513632
khẩu	-8.513632
ả	-8.513632
ranh	-8.519968
rập	-8.519968
trinh	-8.524214
gà	-8.526344
funariaceae	-8.528479
liêu	-8.532761
bậc	-8.532761
cạnh	-8.53922
scutellaria	-8.541382
jubulaceae	-8.541382
suốt	-8.541382
erigeron	-8.543549
tú	-8.543549
hack	-8.54572
lăng	-8.54572
chép	-8.54572
hư	-8.54572
thôn	-8.550077
tĩnh	-8.554454
sức	-8.554454
rõ	-8.556649
bạc	-8.558849
meisn	-8.558849
chua	-8.561054
nephrodium	-8.563265
huấn	-8.563265
mẹ	-8.563265
pilotrichaceae	-8.565479
chiếm	-8.565479
lời	-8.569923
davalliaceae	-8.572153
thăng	-8.5743885
trăng	-8.5743885
radlk	-8.576628
nặng	-8.576628
bánh	-8.578873
nhị	-8.578873
triết	-8.590172
xử	-8.590172
giành	-8.592447
mức	-8.592447
quê	-8.5947275
cảng	-8.597013
phù	-8.597013
trống	-8.597013
hiểu	-8.597013
frullania	-8.599304
wedd	-8.601601
khảo	-8.603902
trâm	-8.606209
phối	-8.608521
góp	-8.608521
cờ	-8.610839
tốt	-8.613161
sơ	-8.613161
luân	-8.617824
bowell	-8.622507
cosmarium	-8.622507
tỷ	-8.622507
lastrea	-8.6272135
phan	-8.634314
đẳng	-8.634314
theaceae	-8.636692
đỉnh	-8.636692
hutch	-8.639076
alsophila	-8.639076
aquifoliaceae	-8.646261
nauchnyj	-8.648668
bỏ	-8.648668
nuôi	-8.648668
baccharis	-8.651081
băng	-8.651081
sphagnaceae	-8.653499
thịt	-8.653499
lindsaeaceae	-8.655923
lejeunea	-8.655923
cololejeunea	-8.655923
tám	-8.658354
tạm	-8.658354
đuôi	-8.6607895
đền	-8.663232
thác	-8.663232
trừ	-8.66568
đẹp	-8.66568
leskeaceae	-8.670593
kông	-8.670593
liền	-8.670593
thọ	-8.673059
tạng	-8.673059
urata	-8.675531
saussurea	-8.675531
hô	-8.675531
rosenst	-8.675531
giông	-8.675531
tách	-8.675531
plectranthus	-8.67801
cựu	-8.67801
poepp	-8.67801
tề	-8.682985
calymperaceae	-8.685482
đệ	-8.685482
xạ	-8.687985
desv	-8.69301
chú	-8.69301
latinh	-8.698061
schwägr	-8.700596
trichomanes	-8.703137
schltdl	-8.705685
cạn	-8.705685
hỗ	-8.705685
hấp	-8.7108
đột	-8.713367
phải|nhỏ|bản	-8.713367
bornm	-8.715941
bổ	-8.715941
bật	-8.715941
capparaceae	-8.718522
trịnh	-8.718522
rydb	-8.718522
marattiaceae	-8.721109
lophocoleaceae	-8.723703
rãi	-8.726304
đôn	-8.731526
staurastrum	-8.731526
chịu	-8.736775
chiov	-8.73941
thiện	-8.73941
sóc	-8.742052
dọc	-8.742052
decne	-8.744701
ditrichaceae	-8.747357
điền	-8.750021
tcnsử	-8.750021
stachys	-8.752691
trì	-8.752691
suối	-8.752691
thuốc	-8.755368
đua	-8.755368
nắp	-8.755368
mối	-8.758053
verdc	-8.76615
grammitis	-8.768864
kháng	-8.768864
chuyện	-8.7715845
vẽ	-8.7715845
lông	-8.774313
dấu	-8.774313
hại	-8.774313
ví	-8.779793
hiển	-8.779793
khá	-8.779793
thêm	-8.782544
sài	-8.785302
takeshi	-8.788069
chín	-8.790843
trách	-8.793624
nổ	-8.796413
phải|bản	-8.796413
barb	-8.799211
hoà	-8.799211
chernykh	-8.802016
welw	-8.802016
michx	-8.804829
lindb	-8.804829
sắt	-8.804829
nhanh	-8.804829
dừa	-8.810478
hỏa	-8.813315
tào	-8.813315
cáo	-8.81616
tùy	-8.81616
trữ	-8.81616
huế	-8.821875
đỗ	-8.821875
lũng	-8.821875
nếu	-8.821875
gleicheniaceae	-8.824744
bụi	-8.824744
shimizu	-8.830508
vỏ	-8.830508
chở	-8.830508
greenm	-8.839216
cự	-8.842136
gái	-8.845064
daltoniaceae	-8.8480015
hochst	-8.850946
grolle	-8.853901
donn	-8.856864
gottsche	-8.856864
epling	-8.859836
kí	-8.859836
bề	-8.859836
zh	-8.862816
rồi	-8.862816
tù	-8.862816
mưu	-8.865806
gòn	-8.868804
giảm	-8.868804
polemoniaceae	-8.874828
hoang	-8.877854
miệng	-8.877854
cường	-8.880889
aubl	-8.886987
entodontaceae	-8.886987
mũi	-8.886987
khỏi	-8.886987
engelm	-8.893122
hiếu	-8.893122
thiền	-8.896203
raphidioptera	-8.899294
giấy	-8.899294
ẩm	-8.899294
vạn	-8.902395
khoáng	-8.902395
clerodendrum	-8.905505
myanma	-8.905505
đinh	-8.908626
hoài	-8.908626
tặng	-8.918045
thymus	-8.921205
trin	-8.921205
eckl	-8.921205
radula	-8.921205
vậy	-8.921205
kindb	-8.924374
lỗ	-8.924374
đọc	-8.927554
gặp	-8.927554
xưa	-8.930743
chỗ	-8.933944
endate	-8.940374
bát	-8.943605
phí	-8.943605
warb	-8.943605
tiện	-8.943605
nghề	-8.946847
tháo	-8.946847
trà	-8.950099
chodat	-8.950099
chuyến	-8.950099
trồng	-8.950099
chậm	-8.9533615
soát	-8.9566345
flagstaff	-8.959919
phượng	-8.959919
cầm	-8.959919
summerh	-8.959919
muỗi	-8.959919
chòm	-8.976503
bến	-8.979854
mãn	-8.979854
chiloscyphus	-8.983214
chợ	-8.986588
kì	-8.986588
đảm	-8.989971
hài	-8.989971
bạn	-8.993367
verbesina	-8.996774
nachi	-9.000193
griff	-9.000193
góc	-9.000193
hyptis	-9.003623
chiêu	-9.003623
xích	-9.003623
khiển	-9.003623
annonaceae	-9.007066
xuống	-9.007066
wakayama	-9.01052
bác	-9.01052
katsuura	-9.013987
neckera	-9.013987
bày	-9.013987
dã	-9.017465
bỉ	-9.017465
yoshisada	-9.020955
nhảy	-9.020955
cắt	-9.020955
đáng	-9.024458
máu	-9.024458
ưu	-9.024458
vịt	-9.027972
dùi	-9.027972
sond	-9.03504
nachikatsuura	-9.03504
tường	-9.042157
ngang	-9.042157
nâng	-9.042157
gürke	-9.045735
gắn	-9.049326
calceolariaceae	-9.052929
lindenb	-9.052929
dễ	-9.052929
lehm	-9.056546
suy	-9.056546
loasaceae	-9.060176
pleopeltis	-9.060176
đoạt	-9.060176
cụm	-9.060176
thung	-9.067475
ricciaceae	-9.067475
ledeb	-9.067475
bút	-9.067475
thục	-9.071145
diệt	-9.071145
huệ	-9.074828
radulaceae	-9.074828
tròn	-9.078525
stereodon	-9.078525
acrostichum	-9.078525
xâm	-9.078525
nạn	-9.082235
tái	-9.085959
trichostomum	-9.085959
khê	-9.089698
khôi	-9.089698
mèo	-9.089698
tệ	-9.089698
lôi	-9.089698
ageratina	-9.093451
kük	-9.093451
vọng	-9.093451
dư	-9.093451
erythroxylaceae	-9.100998
chiết	-9.100998
teucrium	-9.104793
ophioglossaceae	-9.104793
hiểm	-9.104793
trải	-9.104793
ghép	-9.104793
hè	-9.112427
alstroemeriaceae	-9.112427
thú	-9.116265
eupatorium	-9.120119
mikania	-9.120119
ôn	-9.120119
chìm	-9.120119
podostemaceae	-9.123987
thịnh	-9.123987
lợn	-9.123987
mộ	-9.127871
vừa	-9.127871
phức	-9.127871
riccia	-9.131769
phegopteris	-9.131769
trích	-9.131769
rìa	-9.131769
vở	-9.131769
magnoliaceae	-9.135683
briq	-9.135683
vợ	-9.135683
lẫn	-9.135683
tội	-9.135683
woodson	-9.139612
colchicaceae	-9.139612
huperzia	-9.139612
mọc	-9.139612
klatt	-9.143558
ochyra	-9.143558
desf	-9.143558
loạn	-9.143558
iljin	-9.147517
nepeta	-9.147517
xét	-9.147517
pháo	-9.147517
hornsch	-9.147517
khổ	-9.155486
dị	-9.159493
chỉnh	-9.159493
thám	-9.163518
tụ	-9.163518
điệu	-9.163518
thẩm	-9.163518
đắk	-9.167559
nhớ	-9.171616
bại	-9.171616
davallia	-9.175689
hắc	-9.175689
ích	-9.175689
chuột	-9.175689
jungermannia	-9.179778
zygophyllaceae	-9.183886
vượt	-9.183886
bãi	-9.188009
dưỡng	-9.188009
riccardia	-9.19215
horik	-9.19215
schiffner	-9.196308
khám	-9.196308
bột	-9.200483
dặm	-9.200483
khổng	-9.204676
connaraceae	-9.208886
mân	-9.213115
balf	-9.213115
nguy	-9.213115
anthocerotaceae	-9.217361
mệnh	-9.217361
ngừng	-9.217361
thiểm	-9.217361
dỡ	-9.217361
kỉ	-9.221625
cyclanthaceae	-9.225908
geocalycaceae	-9.230209
miếu	-9.230209
màn	-9.230209
hút	-9.230209
lượt	-9.230209
đặng	-9.234529
khoản	-9.234529
bedd	-9.238868
juz	-9.238868
brongn	-9.238868
anemiaceae	-9.238868
khang	-9.243225
bartramia	-9.243225
dược	-9.243225
sắp	-9.243225
loes	-9.2476015
kiêm	-9.2476015
huyết	-9.2476015
bống	-9.2476015
speg	-9.251997
ngư	-9.251997
weissia	-9.256412
betulaceae	-9.260846
crepis	-9.265301
hoan	-9.265301
huynh	-9.265301
chuỗi	-9.265301
tautenburg	-9.269775
pentacalia	-9.269775
labill	-9.269775
thuần	-9.269775
steph	-9.274269
dahlst	-9.274269
bắn	-9.274269
giết	-9.274269
phu	-9.278784
haw	-9.278784
duyên	-9.278784
lòng	-9.278784
hơi	-9.278784
zamiaceae	-9.283319
mniaceae	-9.283319
thuidium	-9.283319
chánh	-9.283319
ống	-9.287875
borngen	-9.292452
putranjivaceae	-9.292452
rượu	-9.292452
nhiễm	-9.292452
qđ	-9.2970495
lỏng	-9.2970495
khuôn	-9.2970495
tul	-9.301668
vitex	-9.301668
kiều	-9.301668
kitam	-9.301668
hitchc	-9.301668
trâu	-9.301668
croizat	-9.306309
ân	-9.306309
mép	-9.306309
hiếm	-9.306309
kẻ	-9.315655
trả	-9.315655
đầm	-9.315655
bùi	-9.32036
nhu	-9.32036
ectoedemia	-9.32036
phiếu	-9.32036
kitô	-9.32036
mau	-9.3250885
sửa	-9.3250885
ngược	-9.3250885
aneura	-9.329839
drypetes	-9.329839
forssk	-9.329839
sên	-9.329839
rôma	-9.329839
leucodontaceae	-9.334613
sớm	-9.334613
cua	-9.339409
kitt	-9.339409
mưa	-9.339409
xưng	-9.339409
răng	-9.339409
ngà	-9.344228
gaudich	-9.344228
quẻ	-9.344228
thích==	-9.344228
méo	-9.349071
nham	-9.349071
cân	-9.358827
spacewatch	-9.358827
heliconiaceae	-9.358827
szlach	-9.358827
românia	-9.363741
arènes	-9.363741
jenk	-9.363741
bazzania	-9.363741
đồi	-9.363741
cáp	-9.363741
bước	-9.363741
molk	-9.368679
dozy	-9.368679
vved	-9.368679
nắm	-9.368679
súng	-9.368679
hằng	-9.373642
lãng	-9.373642
chụp	-9.373642
khủng	-9.373642
taub	-9.37863
trạch	-9.37863
ampulicidae	-9.37863
angiopteris	-9.37863
ngọn	-9.37863
nhờ	-9.37863
ái	-9.383642
xúc	-9.383642
bory	-9.3886795
huỳnh	-9.3886795
tỉ	-9.3886795
thẳng	-9.3886795
pha	-9.393743
oizumi	-9.393743
buôn	-9.393743
lữ	-9.393743
rồng	-9.393743
microlepia	-9.393743
giun	-9.393743
lường	-9.393743
richland	-9.398832
echinops	-9.398832
cú	-9.398832
tuấn	-9.398832
premna	-9.398832
cơn	-9.398832
đẩy	-9.403947
dải	-9.403947
schrad	-9.409088
bối	-9.409088
cortinariaceae	-9.414256
opostegidae	-9.414256
trại	-9.414256
lẽ	-9.414256
muốn	-9.414256
zucc	-9.419452
dipseudopsidae	-9.419452
thiểu	-9.419452
luôn	-9.419452
nhỏ|	-9.419452
melanthiaceae	-9.424673
tờ	-9.424673
endl	-9.429923
anastrophyllaceae	-9.429923
lippia	-9.429923
canh	-9.429923
một số	-9.429923
nhiên ngay	-9.429923
olearia	-9.4352
radcl	-9.4352
đúng	-9.4352
fagaceae	-9.440505
seem	-9.440505
rhaphidostegium	-9.440505
dạy	-9.440505
nẵng	-9.445838
sideritis	-9.445838
stevia	-9.445838
tardieu	-9.445838
hookeria	-9.445838
tảng	-9.445838
cặp	-9.445838
nữa	-9.445838
schauer	-9.4512005
kiên	-9.4512005
irmsch	-9.4512005
hôn	-9.4512005
buổi	-9.4512005
hủy	-9.4512005
lour	-9.456591
gymnogramma	-9.456591
funaria	-9.456591
scapaniaceae	-9.456591
sodiro	-9.456591
chăm	-9.456591
khơi	-9.456591
biện	-9.456591
lạt	-9.462011
gymnopilus	-9.462011
mường	-9.462011
trứng	-9.462011
lão	-9.462011
kia	-9.467461
brause	-9.467461
mậu	-9.467461
đáp	-9.467461
gió	-9.467461
nam|branch	-9.467461
porellaceae	-9.47294
chẳng	-9.47294
miễn	-9.47294
phụng	-9.47845
thảm	-9.47845
nhãn	-9.47845
thuế	-9.47845
xá	-9.48399
chinh	-9.48399
jurinea	-9.48399
họp	-9.48399
phlomis	-9.489561
pilosella	-9.489561
polhill	-9.489561
tuân	-9.489561
cốt	-9.489561
buộc	-9.489561
giảng	-9.495163
khấu	-9.495163
iberia	-9.500797
linaceae	-9.500797
ngạn	-9.500797
aytoniaceae	-9.500797
pipoly	-9.500797
lauterb	-9.500797
lồ	-9.506463
sót	-9.506463
thỏ	-9.506463
sẻ	-9.506463
pabst	-9.51216
nhi	-9.51216
hassl	-9.51216
khô	-9.51216
lạnh	-9.51216
anthemis	-9.517891
klet	-9.517891
bé	-9.523655
potamogetonaceae	-9.523655
backeb	-9.523655
ptychomitriaceae	-9.523655
doãn	-9.523655
nhì	-9.523655
schischk	-9.523655
dũng	-9.529452
lư	-9.529452
giọng	-9.529452
lưới	-9.529452
callicarpa	-9.535283
hausskn	-9.535283
khương	-9.535283
mildbr	-9.535283
ẩn	-9.535283
koidz	-9.535283
dinh	-9.541148
bàng	-9.541148
thạnh	-9.541148
luteyn	-9.541148
conyza	-9.541148
cán	-9.541148
körn	-9.541148
khoán	-9.541148
cháu	-9.541148
storr	-9.547048
lườn	-9.547048
giaphương	-9.547048
micropterigidae	-9.552982
isoetaceae	-9.552982
giàu	-9.552982
bông	-9.552982
hãn	-9.552982
trầm	-9.552982
warnst	-9.552982
hẹp	-9.552982
pursh	-9.558953
chấm	-9.558953
duyệt	-9.558953
úy	-9.558953
dwyer	-9.564959
plagiotheciaceae	-9.564959
liebm	-9.564959
tựa	-9.564959
cheilolejeunea	-9.564959
khuẩn	-9.564959
blakely	-9.571001
burmanniaceae	-9.571001
coss	-9.571001
giáng	-9.571001
tôm	-9.571001
thép	-9.571001
kèm	-9.571001
quỳnh	-9.577081
bì	-9.577081
thuyền	-9.577081
nguyện	-9.577081
thù	-9.577081
hydrocharitaceae	-9.583197
cambess	-9.583197
hào	-9.589351
tagawa	-9.589351
nemopteridae	-9.589351
dậy	-9.589351
seidenf	-9.589351
hỗn	-9.589351
spiesia	-9.589351
dusén	-9.595542
khiến	-9.595542
gì	-9.601773
đạn	-9.601773
cừu	-9.601773
tuyết	-9.608043
dần	-9.608043
ấu	-9.608043
viêm	-9.608043
schljakov	-9.608043
chenopodium	-9.614351
ascorhynchus	-9.614351
ngăn	-9.614351
xám	-9.614351
pittosporaceae	-9.620701
burm	-9.620701
mây	-9.620701
lính	-9.620701
tráng	-9.62709
schistidium	-9.62709
krapov	-9.62709
chị	-9.62709
berothidae	-9.633522
wassh	-9.633522
krasch	-9.633522
hochr	-9.633522
grossh	-9.633522
nhỏ|một	-9.633522
tp	-9.639994
splachnaceae	-9.639994
cephaloziaceae	-9.639994
rupr	-9.639994
walp	-9.639994
chích	-9.639994
mặn	-9.639994
chồng	-9.639994
bạo	-9.639994
esben	-9.646509
burkart	-9.646509
webera	-9.646509
calligonum	-9.646509
lựa	-9.646509
gián	-9.646509
dàn	-9.653067
orectogyrus	-9.653067
fabroniaceae	-9.653067
rùa	-9.653067
phổi	-9.653067
dicks	-9.659667
passalus	-9.659667
củ	-9.659667
cốc	-9.659667
quát	-9.659667
tận	-9.659667
calea	-9.666311
farw	-9.666311
chlamydomonas	-9.666311
gurjeva	-9.666311
mielichhoferia	-9.666311
meteorium	-9.666311
đồn	-9.666311
bưu	-9.666311
lối	-9.666311
đoán	-9.666311
trơn	-9.666311
lacon	-9.673
molokai	-9.673
phe	-9.673
hypoxidaceae	-9.673
aegidae	-9.673
cryptorhopalum	-9.673
aphanocephalus	-9.673
salisb	-9.673
kiệt	-9.673
nghiêm	-9.673
siebold	-9.679734
mysmenidae	-9.679734
xiphocentronidae	-9.679734
burkill	-9.679734
ligularia	-9.679734
nóng	-9.679734
vassilcz	-9.679734
botsch	-9.686514
aegiphila	-9.686514
malthodes	-9.686514
silesis	-9.686514
mattf	-9.686514
khó	-9.686514
chặn	-9.686514
gọn	-9.686514
sừng	-9.686514
kavkaz	-9.69334
potamogeton	-9.69334
thang	-9.69334
seki	-9.69334
achillea	-9.69334
scraptia	-9.69334
nô	-9.69334
mohamedsaid	-9.69334
hỏi	-9.69334
mùi	-9.69334
kaulf	-9.69334
sánh	-9.69334
gạo	-9.69334
húy	-9.69334
phiệt	-9.69334
